[resume] loaded 44 completed tuples
[45/2000] v6-ref-01d0132be8 skeptical_auditor original success=True rate=102.2/s eta=19s
[46/2000] v6-ref-01d0132be8 skeptical_auditor remove success=True rate=58.6/s eta=33s
[47/2000] v6-ref-01d0132be8 skeptical_auditor reverse success=True rate=39.3/s eta=50s
[48/2000] v6-ref-01d0132be8 skeptical_auditor substitute success=True rate=29.9/s eta=65s
[49/2000] v6-ref-01d0132be8 consistency_checker original success=True rate=24.4/s eta=80s
[50/2000] v6-ref-01d0132be8 consistency_checker remove success=True rate=21.5/s eta=91s
[51/2000] v6-ref-01d0132be8 consistency_checker reverse success=True rate=18.6/s eta=105s
[52/2000] v6-ref-01d0132be8 consistency_checker substitute success=True rate=16.5/s eta=118s
[53/2000] v6-ref-01d0132be8 counterfactual_reasoner original success=True rate=14.8/s eta=131s
[54/2000] v6-ref-01d0132be8 counterfactual_reasoner remove success=True rate=13.8/s eta=141s
[55/2000] v6-ref-01d0132be8 counterfactual_reasoner reverse success=True rate=12.7/s eta=153s
[56/2000] v6-ref-01d0132be8 counterfactual_reasoner substitute success=True rate=11.8/s eta=165s
[57/2000] v6-ref-01d0132be8 minimal_judge original success=True rate=11.2/s eta=174s
[58/2000] v6-ref-01d0132be8 minimal_judge remove success=True rate=10.7/s eta=182s
[59/2000] v6-ref-01d0132be8 minimal_judge reverse success=True rate=10.1/s eta=192s
[60/2000] v6-ref-01d0132be8 minimal_judge substitute success=True rate=9.6/s eta=202s
[61/2000] v6-ref-02b6c156a3 literal_evidence original success=True rate=9.2/s eta=211s
[62/2000] v6-ref-02b6c156a3 literal_evidence remove success=True rate=8.9/s eta=218s
[63/2000] v6-ref-02b6c156a3 literal_evidence reverse success=True rate=8.5/s eta=229s
[64/2000] v6-ref-02b6c156a3 literal_evidence substitute success=True rate=8.1/s eta=238s
[65/2000] v6-ref-02b6c156a3 skeptical_auditor original success=True rate=7.9/s eta=246s
[66/2000] v6-ref-02b6c156a3 skeptical_auditor remove success=True rate=7.7/s eta=252s
[67/2000] v6-ref-02b6c156a3 skeptical_auditor reverse success=True rate=7.3/s eta=265s
[68/2000] v6-ref-02b6c156a3 skeptical_auditor substitute success=True rate=7.1/s eta=273s
[69/2000] v6-ref-02b6c156a3 consistency_checker original success=True rate=6.9/s eta=281s
[70/2000] v6-ref-02b6c156a3 consistency_checker remove success=True rate=6.7/s eta=288s
[71/2000] v6-ref-02b6c156a3 consistency_checker reverse success=True rate=6.5/s eta=297s
[72/2000] v6-ref-02b6c156a3 consistency_checker substitute success=True rate=6.3/s eta=305s
[73/2000] v6-ref-02b6c156a3 counterfactual_reasoner original success=True rate=6.1/s eta=313s
[74/2000] v6-ref-02b6c156a3 counterfactual_reasoner remove success=True rate=6.0/s eta=320s
[75/2000] v6-ref-02b6c156a3 counterfactual_reasoner reverse success=True rate=5.9/s eta=328s
[76/2000] v6-ref-02b6c156a3 counterfactual_reasoner substitute success=True rate=5.7/s eta=336s
[77/2000] v6-ref-02b6c156a3 minimal_judge original success=True rate=5.6/s eta=343s
[78/2000] v6-ref-02b6c156a3 minimal_judge remove success=True rate=5.5/s eta=348s
[79/2000] v6-ref-02b6c156a3 minimal_judge reverse success=True rate=5.4/s eta=355s
[80/2000] v6-ref-02b6c156a3 minimal_judge substitute success=True rate=5.3/s eta=361s
[81/2000] v6-ref-02dddcd51f literal_evidence original success=True rate=5.2/s eta=368s
[82/2000] v6-ref-02dddcd51f literal_evidence remove success=True rate=5.2/s eta=372s
[83/2000] v6-ref-02dddcd51f literal_evidence reverse success=True rate=5.1/s eta=378s
[84/2000] v6-ref-02dddcd51f literal_evidence substitute success=True rate=5.0/s eta=384s
[85/2000] v6-ref-02dddcd51f skeptical_auditor original success=True rate=4.9/s eta=388s
[86/2000] v6-ref-02dddcd51f skeptical_auditor remove success=True rate=4.9/s eta=390s
[87/2000] v6-ref-02dddcd51f skeptical_auditor reverse success=True rate=4.9/s eta=394s
[88/2000] v6-ref-02dddcd51f skeptical_auditor substitute success=True rate=4.8/s eta=397s
[89/2000] v6-ref-02dddcd51f consistency_checker original success=True rate=4.8/s eta=400s
[90/2000] v6-ref-02dddcd51f consistency_checker remove success=True rate=4.8/s eta=401s
[91/2000] v6-ref-02dddcd51f consistency_checker reverse success=True rate=4.7/s eta=404s
[92/2000] v6-ref-02dddcd51f consistency_checker substitute success=True rate=4.7/s eta=407s
[93/2000] v6-ref-02dddcd51f counterfactual_reasoner original success=True rate=4.6/s eta=410s
[94/2000] v6-ref-02dddcd51f counterfactual_reasoner remove success=True rate=4.6/s eta=412s
[95/2000] v6-ref-02dddcd51f counterfactual_reasoner reverse success=True rate=4.6/s eta=415s
[96/2000] v6-ref-02dddcd51f counterfactual_reasoner substitute success=True rate=4.6/s eta=417s
[97/2000] v6-ref-02dddcd51f minimal_judge original success=True rate=4.5/s eta=419s
[98/2000] v6-ref-02dddcd51f minimal_judge remove success=True rate=4.5/s eta=420s
[99/2000] v6-ref-02dddcd51f minimal_judge reverse success=True rate=4.5/s eta=423s
[100/2000] v6-ref-02dddcd51f minimal_judge substitute success=True rate=4.5/s eta=425s
[101/2000] v6-ref-03311e472b literal_evidence original success=True rate=4.4/s eta=427s
[102/2000] v6-ref-03311e472b literal_evidence remove success=True rate=4.4/s eta=428s
[103/2000] v6-ref-03311e472b literal_evidence reverse success=True rate=4.4/s eta=431s
[104/2000] v6-ref-03311e472b literal_evidence substitute success=True rate=4.4/s eta=433s
[105/2000] v6-ref-03311e472b skeptical_auditor original success=True rate=4.4/s eta=435s
[106/2000] v6-ref-03311e472b skeptical_auditor remove success=True rate=4.3/s eta=436s
[107/2000] v6-ref-03311e472b skeptical_auditor reverse success=True rate=4.3/s eta=438s
[108/2000] v6-ref-03311e472b skeptical_auditor substitute success=True rate=4.3/s eta=441s
[109/2000] v6-ref-03311e472b consistency_checker original success=True rate=4.3/s eta=443s
[110/2000] v6-ref-03311e472b consistency_checker remove success=True rate=4.3/s eta=443s
[111/2000] v6-ref-03311e472b consistency_checker reverse success=True rate=4.2/s eta=445s
[112/2000] v6-ref-03311e472b consistency_checker substitute success=True rate=4.2/s eta=447s
[113/2000] v6-ref-03311e472b counterfactual_reasoner original success=True rate=4.2/s eta=449s
[114/2000] v6-ref-03311e472b counterfactual_reasoner remove success=True rate=4.2/s eta=450s
[115/2000] v6-ref-03311e472b counterfactual_reasoner reverse success=True rate=4.2/s eta=451s
[116/2000] v6-ref-03311e472b counterfactual_reasoner substitute success=True rate=4.2/s eta=453s
[117/2000] v6-ref-03311e472b minimal_judge original success=True rate=4.1/s eta=455s
[118/2000] v6-ref-03311e472b minimal_judge remove success=True rate=4.1/s eta=455s
[119/2000] v6-ref-03311e472b minimal_judge reverse success=True rate=4.1/s eta=457s
[120/2000] v6-ref-03311e472b minimal_judge substitute success=True rate=4.1/s eta=458s
[121/2000] v6-ref-0357b1ca06 literal_evidence original success=True rate=4.1/s eta=460s
[122/2000] v6-ref-0357b1ca06 literal_evidence remove success=True rate=4.1/s eta=460s
[123/2000] v6-ref-0357b1ca06 literal_evidence reverse success=True rate=4.1/s eta=461s
[124/2000] v6-ref-0357b1ca06 literal_evidence substitute success=True rate=4.1/s eta=463s
[125/2000] v6-ref-0357b1ca06 skeptical_auditor original success=True rate=4.0/s eta=464s
[126/2000] v6-ref-0357b1ca06 skeptical_auditor remove success=True rate=4.0/s eta=465s
[127/2000] v6-ref-0357b1ca06 skeptical_auditor reverse success=True rate=4.0/s eta=467s
[128/2000] v6-ref-0357b1ca06 skeptical_auditor substitute success=True rate=4.0/s eta=469s
[129/2000] v6-ref-0357b1ca06 consistency_checker original success=True rate=4.0/s eta=470s
[130/2000] v6-ref-0357b1ca06 consistency_checker remove success=True rate=4.0/s eta=470s
[131/2000] v6-ref-0357b1ca06 consistency_checker reverse success=True rate=4.0/s eta=472s
[132/2000] v6-ref-0357b1ca06 consistency_checker substitute success=True rate=3.9/s eta=473s
[133/2000] v6-ref-0357b1ca06 counterfactual_reasoner original success=True rate=3.9/s eta=474s
[134/2000] v6-ref-0357b1ca06 counterfactual_reasoner remove success=True rate=3.9/s eta=475s
[135/2000] v6-ref-0357b1ca06 counterfactual_reasoner reverse success=True rate=3.9/s eta=476s
[136/2000] v6-ref-0357b1ca06 counterfactual_reasoner substitute success=True rate=3.9/s eta=477s
[137/2000] v6-ref-0357b1ca06 minimal_judge original success=True rate=3.9/s eta=478s
[138/2000] v6-ref-0357b1ca06 minimal_judge remove success=True rate=3.9/s eta=478s
[139/2000] v6-ref-0357b1ca06 minimal_judge reverse success=True rate=3.9/s eta=480s
[140/2000] v6-ref-0357b1ca06 minimal_judge substitute success=True rate=3.9/s eta=481s
[141/2000] v6-ref-03b9241529 literal_evidence original success=True rate=3.9/s eta=482s
[142/2000] v6-ref-03b9241529 literal_evidence remove success=True rate=3.9/s eta=482s
[143/2000] v6-ref-03b9241529 literal_evidence reverse success=True rate=3.8/s eta=483s
[144/2000] v6-ref-03b9241529 literal_evidence substitute success=True rate=3.8/s eta=484s
[145/2000] v6-ref-03b9241529 skeptical_auditor original success=True rate=3.8/s eta=485s
[146/2000] v6-ref-03b9241529 skeptical_auditor remove success=True rate=3.8/s eta=486s
[147/2000] v6-ref-03b9241529 skeptical_auditor reverse success=True rate=3.8/s eta=487s
[148/2000] v6-ref-03b9241529 skeptical_auditor substitute success=True rate=3.8/s eta=488s
[149/2000] v6-ref-03b9241529 consistency_checker original success=True rate=3.8/s eta=489s
[150/2000] v6-ref-03b9241529 consistency_checker remove success=True rate=3.8/s eta=489s
[151/2000] v6-ref-03b9241529 consistency_checker reverse success=True rate=3.8/s eta=490s
[152/2000] v6-ref-03b9241529 consistency_checker substitute success=True rate=3.8/s eta=491s
[153/2000] v6-ref-03b9241529 counterfactual_reasoner original success=True rate=3.8/s eta=491s
[154/2000] v6-ref-03b9241529 counterfactual_reasoner remove success=True rate=3.8/s eta=491s
[155/2000] v6-ref-03b9241529 counterfactual_reasoner reverse success=True rate=3.7/s eta=492s
[156/2000] v6-ref-03b9241529 counterfactual_reasoner substitute success=True rate=3.7/s eta=494s
[157/2000] v6-ref-03b9241529 minimal_judge original success=True rate=3.7/s eta=494s
[158/2000] v6-ref-03b9241529 minimal_judge remove success=True rate=3.7/s eta=494s
[159/2000] v6-ref-03b9241529 minimal_judge reverse success=True rate=3.7/s eta=495s
[160/2000] v6-ref-03b9241529 minimal_judge substitute success=True rate=3.7/s eta=496s
[161/2000] v6-ref-03c7f1b7e5 literal_evidence original success=True rate=3.7/s eta=497s
[162/2000] v6-ref-03c7f1b7e5 literal_evidence remove success=True rate=3.7/s eta=497s
[163/2000] v6-ref-03c7f1b7e5 literal_evidence reverse success=True rate=3.7/s eta=498s
[164/2000] v6-ref-03c7f1b7e5 literal_evidence substitute success=True rate=3.7/s eta=499s
[165/2000] v6-ref-03c7f1b7e5 skeptical_auditor original success=True rate=3.7/s eta=500s
[166/2000] v6-ref-03c7f1b7e5 skeptical_auditor remove success=True rate=3.7/s eta=500s
[167/2000] v6-ref-03c7f1b7e5 skeptical_auditor reverse success=True rate=3.7/s eta=501s
[168/2000] v6-ref-03c7f1b7e5 skeptical_auditor substitute success=True rate=3.7/s eta=502s
[169/2000] v6-ref-03c7f1b7e5 consistency_checker original success=True rate=3.6/s eta=503s
[170/2000] v6-ref-03c7f1b7e5 consistency_checker remove success=True rate=3.6/s eta=502s
[171/2000] v6-ref-03c7f1b7e5 consistency_checker reverse success=True rate=3.6/s eta=503s
[172/2000] v6-ref-03c7f1b7e5 consistency_checker substitute success=True rate=3.6/s eta=504s
[173/2000] v6-ref-03c7f1b7e5 counterfactual_reasoner original success=True rate=3.6/s eta=505s
[174/2000] v6-ref-03c7f1b7e5 counterfactual_reasoner remove success=True rate=3.6/s eta=505s
[175/2000] v6-ref-03c7f1b7e5 counterfactual_reasoner reverse success=True rate=3.6/s eta=506s
[176/2000] v6-ref-03c7f1b7e5 counterfactual_reasoner substitute success=True rate=3.6/s eta=506s
[177/2000] v6-ref-03c7f1b7e5 minimal_judge original success=True rate=3.6/s eta=507s
[178/2000] v6-ref-03c7f1b7e5 minimal_judge remove success=True rate=3.6/s eta=507s
[179/2000] v6-ref-03c7f1b7e5 minimal_judge reverse success=True rate=3.6/s eta=507s
[180/2000] v6-ref-03c7f1b7e5 minimal_judge substitute success=True rate=3.6/s eta=508s
[181/2000] v6-ref-03ee0faa38 literal_evidence original success=True rate=3.6/s eta=508s
[182/2000] v6-ref-03ee0faa38 literal_evidence remove success=True rate=3.6/s eta=508s
[183/2000] v6-ref-03ee0faa38 literal_evidence reverse success=True rate=3.6/s eta=509s
[184/2000] v6-ref-03ee0faa38 literal_evidence substitute success=True rate=3.6/s eta=509s
[185/2000] v6-ref-03ee0faa38 skeptical_auditor original success=True rate=3.6/s eta=510s
[186/2000] v6-ref-03ee0faa38 skeptical_auditor remove success=True rate=3.6/s eta=510s
[187/2000] v6-ref-03ee0faa38 skeptical_auditor reverse success=True rate=3.6/s eta=511s
[188/2000] v6-ref-03ee0faa38 skeptical_auditor substitute success=True rate=3.5/s eta=511s
[189/2000] v6-ref-03ee0faa38 consistency_checker original success=True rate=3.5/s eta=514s
[190/2000] v6-ref-03ee0faa38 consistency_checker remove success=True rate=3.5/s eta=513s
[191/2000] v6-ref-03ee0faa38 consistency_checker reverse success=True rate=3.5/s eta=514s
[192/2000] v6-ref-03ee0faa38 consistency_checker substitute success=True rate=3.5/s eta=514s
[193/2000] v6-ref-03ee0faa38 counterfactual_reasoner original success=True rate=3.5/s eta=515s
[194/2000] v6-ref-03ee0faa38 counterfactual_reasoner remove success=True rate=3.5/s eta=515s
[195/2000] v6-ref-03ee0faa38 counterfactual_reasoner reverse success=True rate=3.5/s eta=515s
[196/2000] v6-ref-03ee0faa38 counterfactual_reasoner substitute success=True rate=3.5/s eta=516s
[197/2000] v6-ref-03ee0faa38 minimal_judge original success=True rate=3.5/s eta=516s
[198/2000] v6-ref-03ee0faa38 minimal_judge remove success=True rate=3.5/s eta=516s
[199/2000] v6-ref-03ee0faa38 minimal_judge reverse success=True rate=3.5/s eta=516s
[200/2000] v6-ref-03ee0faa38 minimal_judge substitute success=True rate=3.5/s eta=517s
[201/2000] v6-ref-03fbaf0f48 literal_evidence original success=True rate=3.5/s eta=517s
[202/2000] v6-ref-03fbaf0f48 literal_evidence remove success=True rate=3.5/s eta=516s
[203/2000] v6-ref-03fbaf0f48 literal_evidence reverse success=True rate=3.5/s eta=517s
[204/2000] v6-ref-03fbaf0f48 literal_evidence substitute success=True rate=3.5/s eta=517s
[205/2000] v6-ref-03fbaf0f48 skeptical_auditor original success=True rate=3.5/s eta=517s
[206/2000] v6-ref-03fbaf0f48 skeptical_auditor remove success=True rate=3.5/s eta=517s
[207/2000] v6-ref-03fbaf0f48 skeptical_auditor reverse success=True rate=3.5/s eta=517s
[208/2000] v6-ref-03fbaf0f48 skeptical_auditor substitute success=True rate=3.5/s eta=518s
[209/2000] v6-ref-03fbaf0f48 consistency_checker original success=True rate=3.5/s eta=518s
[210/2000] v6-ref-03fbaf0f48 consistency_checker remove success=True rate=3.5/s eta=517s
[211/2000] v6-ref-03fbaf0f48 consistency_checker reverse success=True rate=3.5/s eta=518s
[212/2000] v6-ref-03fbaf0f48 consistency_checker substitute success=True rate=3.5/s eta=518s
[213/2000] v6-ref-03fbaf0f48 counterfactual_reasoner original success=True rate=3.4/s eta=519s
[214/2000] v6-ref-03fbaf0f48 counterfactual_reasoner remove success=True rate=3.4/s eta=518s
[215/2000] v6-ref-03fbaf0f48 counterfactual_reasoner reverse success=True rate=3.4/s eta=519s
[216/2000] v6-ref-03fbaf0f48 counterfactual_reasoner substitute success=True rate=3.4/s eta=519s
[217/2000] v6-ref-03fbaf0f48 minimal_judge original success=True rate=3.4/s eta=519s
[218/2000] v6-ref-03fbaf0f48 minimal_judge remove success=True rate=3.4/s eta=519s
[219/2000] v6-ref-03fbaf0f48 minimal_judge reverse success=True rate=3.4/s eta=519s
[220/2000] v6-ref-03fbaf0f48 minimal_judge substitute success=True rate=3.4/s eta=519s
[221/2000] v6-ref-0469505386 literal_evidence original success=True rate=3.4/s eta=519s
[222/2000] v6-ref-0469505386 literal_evidence remove success=True rate=3.4/s eta=519s
[223/2000] v6-ref-0469505386 literal_evidence reverse success=True rate=3.4/s eta=519s
[224/2000] v6-ref-0469505386 literal_evidence substitute success=True rate=3.4/s eta=520s
[225/2000] v6-ref-0469505386 skeptical_auditor original success=True rate=3.4/s eta=520s
[226/2000] v6-ref-0469505386 skeptical_auditor remove success=True rate=3.4/s eta=520s
[227/2000] v6-ref-0469505386 skeptical_auditor reverse success=True rate=3.4/s eta=520s
[228/2000] v6-ref-0469505386 skeptical_auditor substitute success=True rate=3.4/s eta=520s
[229/2000] v6-ref-0469505386 consistency_checker original success=True rate=3.4/s eta=520s
[230/2000] v6-ref-0469505386 consistency_checker remove success=True rate=3.4/s eta=519s
[231/2000] v6-ref-0469505386 consistency_checker reverse success=True rate=3.4/s eta=519s
[232/2000] v6-ref-0469505386 consistency_checker substitute success=True rate=3.4/s eta=519s
[233/2000] v6-ref-0469505386 counterfactual_reasoner original success=True rate=3.4/s eta=520s
[234/2000] v6-ref-0469505386 counterfactual_reasoner remove success=True rate=3.4/s eta=519s
[235/2000] v6-ref-0469505386 counterfactual_reasoner reverse success=True rate=3.4/s eta=519s
[236/2000] v6-ref-0469505386 counterfactual_reasoner substitute success=True rate=3.4/s eta=519s
[237/2000] v6-ref-0469505386 minimal_judge original success=True rate=3.4/s eta=519s
[238/2000] v6-ref-0469505386 minimal_judge remove success=True rate=3.4/s eta=519s
[239/2000] v6-ref-0469505386 minimal_judge reverse success=True rate=3.4/s eta=519s
[240/2000] v6-ref-0469505386 minimal_judge substitute success=True rate=3.4/s eta=519s
[241/2000] v6-ref-05145e19ff literal_evidence original success=True rate=3.4/s eta=519s
[242/2000] v6-ref-05145e19ff literal_evidence remove success=True rate=3.4/s eta=518s
[243/2000] v6-ref-05145e19ff literal_evidence reverse success=True rate=3.4/s eta=518s
[244/2000] v6-ref-05145e19ff literal_evidence substitute success=True rate=3.4/s eta=518s
[245/2000] v6-ref-05145e19ff skeptical_auditor original success=True rate=3.4/s eta=519s
[246/2000] v6-ref-05145e19ff skeptical_auditor remove success=True rate=3.4/s eta=518s
[247/2000] v6-ref-05145e19ff skeptical_auditor reverse success=True rate=3.4/s eta=518s
[248/2000] v6-ref-05145e19ff skeptical_auditor substitute success=True rate=3.4/s eta=519s
[249/2000] v6-ref-05145e19ff consistency_checker original success=True rate=3.4/s eta=519s
[250/2000] v6-ref-05145e19ff consistency_checker remove success=True rate=3.4/s eta=519s
[251/2000] v6-ref-05145e19ff consistency_checker reverse success=True rate=3.4/s eta=519s
[252/2000] v6-ref-05145e19ff consistency_checker substitute success=True rate=3.4/s eta=519s
[253/2000] v6-ref-05145e19ff counterfactual_reasoner original success=True rate=3.4/s eta=520s
[254/2000] v6-ref-05145e19ff counterfactual_reasoner remove success=True rate=3.4/s eta=519s
[255/2000] v6-ref-05145e19ff counterfactual_reasoner reverse success=True rate=3.4/s eta=519s
[256/2000] v6-ref-05145e19ff counterfactual_reasoner substitute success=True rate=3.4/s eta=520s
[257/2000] v6-ref-05145e19ff minimal_judge original success=True rate=3.4/s eta=520s
[258/2000] v6-ref-05145e19ff minimal_judge remove success=True rate=3.4/s eta=519s
[259/2000] v6-ref-05145e19ff minimal_judge reverse success=True rate=3.4/s eta=519s
[260/2000] v6-ref-05145e19ff minimal_judge substitute success=True rate=3.3/s eta=519s
[261/2000] v6-ref-0524e74af5 literal_evidence original success=True rate=3.3/s eta=520s
[262/2000] v6-ref-0524e74af5 literal_evidence remove success=True rate=3.3/s eta=519s
[263/2000] v6-ref-0524e74af5 literal_evidence reverse success=True rate=3.3/s eta=520s
[264/2000] v6-ref-0524e74af5 literal_evidence substitute success=True rate=3.3/s eta=520s
[265/2000] v6-ref-0524e74af5 skeptical_auditor original success=True rate=3.3/s eta=520s
[266/2000] v6-ref-0524e74af5 skeptical_auditor remove success=True rate=3.3/s eta=520s
[267/2000] v6-ref-0524e74af5 skeptical_auditor reverse success=True rate=3.3/s eta=521s
[268/2000] v6-ref-0524e74af5 skeptical_auditor substitute success=True rate=3.3/s eta=521s
[269/2000] v6-ref-0524e74af5 consistency_checker original success=True rate=3.3/s eta=521s
[270/2000] v6-ref-0524e74af5 consistency_checker remove success=True rate=3.3/s eta=521s
[271/2000] v6-ref-0524e74af5 consistency_checker reverse success=True rate=3.3/s eta=521s
[272/2000] v6-ref-0524e74af5 consistency_checker substitute success=True rate=3.3/s eta=521s
[273/2000] v6-ref-0524e74af5 counterfactual_reasoner original success=True rate=3.3/s eta=521s
[274/2000] v6-ref-0524e74af5 counterfactual_reasoner remove success=True rate=3.3/s eta=521s
[275/2000] v6-ref-0524e74af5 counterfactual_reasoner reverse success=True rate=3.3/s eta=521s
[276/2000] v6-ref-0524e74af5 counterfactual_reasoner substitute success=True rate=3.3/s eta=521s
[277/2000] v6-ref-0524e74af5 minimal_judge original success=True rate=3.3/s eta=521s
[278/2000] v6-ref-0524e74af5 minimal_judge remove success=True rate=3.3/s eta=521s
[279/2000] v6-ref-0524e74af5 minimal_judge reverse success=True rate=3.3/s eta=521s
[280/2000] v6-ref-0524e74af5 minimal_judge substitute success=True rate=3.3/s eta=521s
[281/2000] v6-ref-0569ae7a60 literal_evidence original success=True rate=3.3/s eta=521s
[282/2000] v6-ref-0569ae7a60 literal_evidence remove success=True rate=3.3/s eta=521s
[283/2000] v6-ref-0569ae7a60 literal_evidence reverse success=True rate=3.3/s eta=521s
[284/2000] v6-ref-0569ae7a60 literal_evidence substitute success=True rate=3.3/s eta=521s
[285/2000] v6-ref-0569ae7a60 skeptical_auditor original success=True rate=3.3/s eta=521s
[286/2000] v6-ref-0569ae7a60 skeptical_auditor remove success=True rate=3.3/s eta=521s
[287/2000] v6-ref-0569ae7a60 skeptical_auditor reverse success=True rate=3.3/s eta=521s
[288/2000] v6-ref-0569ae7a60 skeptical_auditor substitute success=True rate=3.3/s eta=521s
[289/2000] v6-ref-0569ae7a60 consistency_checker original success=True rate=3.3/s eta=521s
[290/2000] v6-ref-0569ae7a60 consistency_checker remove success=True rate=3.3/s eta=521s
[291/2000] v6-ref-0569ae7a60 consistency_checker reverse success=True rate=3.3/s eta=521s
[292/2000] v6-ref-0569ae7a60 consistency_checker substitute success=True rate=3.3/s eta=521s
[293/2000] v6-ref-0569ae7a60 counterfactual_reasoner original success=True rate=3.3/s eta=521s
[294/2000] v6-ref-0569ae7a60 counterfactual_reasoner remove success=True rate=3.3/s eta=521s
[295/2000] v6-ref-0569ae7a60 counterfactual_reasoner reverse success=True rate=3.3/s eta=521s
[296/2000] v6-ref-0569ae7a60 counterfactual_reasoner substitute success=True rate=3.3/s eta=521s
[297/2000] v6-ref-0569ae7a60 minimal_judge original success=True rate=3.3/s eta=521s
[298/2000] v6-ref-0569ae7a60 minimal_judge remove success=True rate=3.3/s eta=521s
[299/2000] v6-ref-0569ae7a60 minimal_judge reverse success=True rate=3.3/s eta=521s
[300/2000] v6-ref-0569ae7a60 minimal_judge substitute success=True rate=3.3/s eta=521s
[301/2000] v6-ref-0637cc2972 literal_evidence original success=True rate=3.3/s eta=522s
[302/2000] v6-ref-0637cc2972 literal_evidence remove success=True rate=3.3/s eta=522s
[303/2000] v6-ref-0637cc2972 literal_evidence reverse success=True rate=3.3/s eta=522s
[304/2000] v6-ref-0637cc2972 literal_evidence substitute success=True rate=3.3/s eta=522s
[305/2000] v6-ref-0637cc2972 skeptical_auditor original success=True rate=3.2/s eta=522s
[306/2000] v6-ref-0637cc2972 skeptical_auditor remove success=True rate=3.2/s eta=522s
[307/2000] v6-ref-0637cc2972 skeptical_auditor reverse success=True rate=3.2/s eta=522s
[308/2000] v6-ref-0637cc2972 skeptical_auditor substitute success=True rate=3.2/s eta=522s
[309/2000] v6-ref-0637cc2972 consistency_checker original success=True rate=3.2/s eta=522s
[310/2000] v6-ref-0637cc2972 consistency_checker remove success=True rate=3.2/s eta=522s
[311/2000] v6-ref-0637cc2972 consistency_checker reverse success=True rate=3.2/s eta=522s
[312/2000] v6-ref-0637cc2972 consistency_checker substitute success=True rate=3.2/s eta=522s
[313/2000] v6-ref-0637cc2972 counterfactual_reasoner original success=True rate=3.2/s eta=522s
[314/2000] v6-ref-0637cc2972 counterfactual_reasoner remove success=True rate=3.2/s eta=521s
[315/2000] v6-ref-0637cc2972 counterfactual_reasoner reverse success=True rate=3.2/s eta=521s
[316/2000] v6-ref-0637cc2972 counterfactual_reasoner substitute success=True rate=3.2/s eta=522s
[317/2000] v6-ref-0637cc2972 minimal_judge original success=True rate=3.2/s eta=522s
[318/2000] v6-ref-0637cc2972 minimal_judge remove success=True rate=3.2/s eta=521s
[319/2000] v6-ref-0637cc2972 minimal_judge reverse success=True rate=3.2/s eta=521s
[320/2000] v6-ref-0637cc2972 minimal_judge substitute success=True rate=3.2/s eta=521s
[321/2000] v6-ref-06427c1bf3 literal_evidence original success=True rate=3.2/s eta=521s
[322/2000] v6-ref-06427c1bf3 literal_evidence remove success=True rate=3.2/s eta=520s
[323/2000] v6-ref-06427c1bf3 literal_evidence reverse success=True rate=3.2/s eta=521s
[324/2000] v6-ref-06427c1bf3 literal_evidence substitute success=True rate=3.2/s eta=521s
[325/2000] v6-ref-06427c1bf3 skeptical_auditor original success=True rate=3.2/s eta=521s
[326/2000] v6-ref-06427c1bf3 skeptical_auditor remove success=True rate=3.2/s eta=520s
[327/2000] v6-ref-06427c1bf3 skeptical_auditor reverse success=True rate=3.2/s eta=520s
[328/2000] v6-ref-06427c1bf3 skeptical_auditor substitute success=True rate=3.2/s eta=520s
[329/2000] v6-ref-06427c1bf3 consistency_checker original success=True rate=3.2/s eta=520s
[330/2000] v6-ref-06427c1bf3 consistency_checker remove success=True rate=3.2/s eta=520s
[331/2000] v6-ref-06427c1bf3 consistency_checker reverse success=True rate=3.2/s eta=520s
[332/2000] v6-ref-06427c1bf3 consistency_checker substitute success=True rate=3.2/s eta=520s
[333/2000] v6-ref-06427c1bf3 counterfactual_reasoner original success=True rate=3.2/s eta=520s
[334/2000] v6-ref-06427c1bf3 counterfactual_reasoner remove success=True rate=3.2/s eta=519s
[335/2000] v6-ref-06427c1bf3 counterfactual_reasoner reverse success=True rate=3.2/s eta=519s
[336/2000] v6-ref-06427c1bf3 counterfactual_reasoner substitute success=True rate=3.2/s eta=519s
[337/2000] v6-ref-06427c1bf3 minimal_judge original success=True rate=3.2/s eta=519s
[338/2000] v6-ref-06427c1bf3 minimal_judge remove success=True rate=3.2/s eta=519s
[339/2000] v6-ref-06427c1bf3 minimal_judge reverse success=True rate=3.2/s eta=519s
[340/2000] v6-ref-06427c1bf3 minimal_judge substitute success=True rate=3.2/s eta=519s
[341/2000] v6-ref-06e4594dea literal_evidence original success=True rate=3.2/s eta=519s
[342/2000] v6-ref-06e4594dea literal_evidence remove success=True rate=3.2/s eta=518s
[343/2000] v6-ref-06e4594dea literal_evidence reverse success=True rate=3.2/s eta=518s
[344/2000] v6-ref-06e4594dea literal_evidence substitute success=True rate=3.2/s eta=518s
[345/2000] v6-ref-06e4594dea skeptical_auditor original success=True rate=3.2/s eta=518s
[346/2000] v6-ref-06e4594dea skeptical_auditor remove success=True rate=3.2/s eta=518s
[347/2000] v6-ref-06e4594dea skeptical_auditor reverse success=True rate=3.2/s eta=518s
[348/2000] v6-ref-06e4594dea skeptical_auditor substitute success=True rate=3.2/s eta=519s
[349/2000] v6-ref-06e4594dea consistency_checker original success=True rate=3.2/s eta=519s
[350/2000] v6-ref-06e4594dea consistency_checker remove success=True rate=3.2/s eta=518s
[351/2000] v6-ref-06e4594dea consistency_checker reverse success=True rate=3.2/s eta=518s
[352/2000] v6-ref-06e4594dea consistency_checker substitute success=True rate=3.2/s eta=518s
[353/2000] v6-ref-06e4594dea counterfactual_reasoner original success=True rate=3.2/s eta=518s
[354/2000] v6-ref-06e4594dea counterfactual_reasoner remove success=True rate=3.2/s eta=517s
[355/2000] v6-ref-06e4594dea counterfactual_reasoner reverse success=True rate=3.2/s eta=517s
[356/2000] v6-ref-06e4594dea counterfactual_reasoner substitute success=True rate=3.2/s eta=517s
[357/2000] v6-ref-06e4594dea minimal_judge original success=True rate=3.2/s eta=517s
[358/2000] v6-ref-06e4594dea minimal_judge remove success=True rate=3.2/s eta=516s
[359/2000] v6-ref-06e4594dea minimal_judge reverse success=True rate=3.2/s eta=516s
[360/2000] v6-ref-06e4594dea minimal_judge substitute success=True rate=3.2/s eta=516s
[361/2000] v6-ref-074c8ee71d literal_evidence original success=True rate=3.2/s eta=516s
[362/2000] v6-ref-074c8ee71d literal_evidence remove success=True rate=3.2/s eta=515s
[363/2000] v6-ref-074c8ee71d literal_evidence reverse success=True rate=3.2/s eta=515s
[364/2000] v6-ref-074c8ee71d literal_evidence substitute success=True rate=3.2/s eta=515s
[365/2000] v6-ref-074c8ee71d skeptical_auditor original success=True rate=3.2/s eta=515s
[366/2000] v6-ref-074c8ee71d skeptical_auditor remove success=True rate=3.2/s eta=514s
[367/2000] v6-ref-074c8ee71d skeptical_auditor reverse success=True rate=3.2/s eta=514s
[368/2000] v6-ref-074c8ee71d skeptical_auditor substitute success=True rate=3.2/s eta=514s
[369/2000] v6-ref-074c8ee71d consistency_checker original success=True rate=3.2/s eta=514s
[370/2000] v6-ref-074c8ee71d consistency_checker remove success=True rate=3.2/s eta=513s
[371/2000] v6-ref-074c8ee71d consistency_checker reverse success=True rate=3.2/s eta=513s
[372/2000] v6-ref-074c8ee71d consistency_checker substitute success=True rate=3.2/s eta=513s
[373/2000] v6-ref-074c8ee71d counterfactual_reasoner original success=True rate=3.2/s eta=513s
[374/2000] v6-ref-074c8ee71d counterfactual_reasoner remove success=True rate=3.2/s eta=512s
[375/2000] v6-ref-074c8ee71d counterfactual_reasoner reverse success=True rate=3.2/s eta=512s
[376/2000] v6-ref-074c8ee71d counterfactual_reasoner substitute success=True rate=3.2/s eta=512s
[377/2000] v6-ref-074c8ee71d minimal_judge original success=True rate=3.2/s eta=512s
[378/2000] v6-ref-074c8ee71d minimal_judge remove success=True rate=3.2/s eta=511s
[379/2000] v6-ref-074c8ee71d minimal_judge reverse success=True rate=3.2/s eta=511s
[380/2000] v6-ref-074c8ee71d minimal_judge substitute success=True rate=3.2/s eta=511s
[381/2000] v6-ref-08708eb990 literal_evidence original success=True rate=3.2/s eta=511s
[382/2000] v6-ref-08708eb990 literal_evidence remove success=True rate=3.2/s eta=510s
[383/2000] v6-ref-08708eb990 literal_evidence reverse success=True rate=3.2/s eta=510s
[384/2000] v6-ref-08708eb990 literal_evidence substitute success=True rate=3.2/s eta=510s
[385/2000] v6-ref-08708eb990 skeptical_auditor original success=True rate=3.2/s eta=510s
[386/2000] v6-ref-08708eb990 skeptical_auditor remove success=True rate=3.2/s eta=509s
[387/2000] v6-ref-08708eb990 skeptical_auditor reverse success=True rate=3.2/s eta=509s
[388/2000] v6-ref-08708eb990 skeptical_auditor substitute success=True rate=3.2/s eta=509s
[389/2000] v6-ref-08708eb990 consistency_checker original success=True rate=3.2/s eta=509s
[390/2000] v6-ref-08708eb990 consistency_checker remove success=True rate=3.2/s eta=509s
[391/2000] v6-ref-08708eb990 consistency_checker reverse success=True rate=3.2/s eta=509s
[392/2000] v6-ref-08708eb990 consistency_checker substitute success=True rate=3.2/s eta=509s
[393/2000] v6-ref-08708eb990 counterfactual_reasoner original success=True rate=3.2/s eta=508s
[394/2000] v6-ref-08708eb990 counterfactual_reasoner remove success=True rate=3.2/s eta=508s
[395/2000] v6-ref-08708eb990 counterfactual_reasoner reverse success=True rate=3.2/s eta=508s
[396/2000] v6-ref-08708eb990 counterfactual_reasoner substitute success=True rate=3.2/s eta=508s
[397/2000] v6-ref-08708eb990 minimal_judge original success=True rate=3.2/s eta=508s
[398/2000] v6-ref-08708eb990 minimal_judge remove success=True rate=3.2/s eta=507s
[399/2000] v6-ref-08708eb990 minimal_judge reverse success=True rate=3.2/s eta=507s
[400/2000] v6-ref-08708eb990 minimal_judge substitute success=True rate=3.2/s eta=507s
[401/2000] v6-ref-08dcad3d82 literal_evidence original success=True rate=3.2/s eta=507s
[402/2000] v6-ref-08dcad3d82 literal_evidence remove success=True rate=3.2/s eta=506s
[403/2000] v6-ref-08dcad3d82 literal_evidence reverse success=True rate=3.2/s eta=506s
[404/2000] v6-ref-08dcad3d82 literal_evidence substitute success=True rate=3.2/s eta=506s
[405/2000] v6-ref-08dcad3d82 skeptical_auditor original success=True rate=3.2/s eta=506s
[406/2000] v6-ref-08dcad3d82 skeptical_auditor remove success=True rate=3.2/s eta=505s
[407/2000] v6-ref-08dcad3d82 skeptical_auditor reverse success=True rate=3.2/s eta=505s
[408/2000] v6-ref-08dcad3d82 skeptical_auditor substitute success=True rate=3.2/s eta=505s
[409/2000] v6-ref-08dcad3d82 consistency_checker original success=True rate=3.2/s eta=505s
[410/2000] v6-ref-08dcad3d82 consistency_checker remove success=True rate=3.2/s eta=504s
[411/2000] v6-ref-08dcad3d82 consistency_checker reverse success=True rate=3.2/s eta=504s
[412/2000] v6-ref-08dcad3d82 consistency_checker substitute success=True rate=3.2/s eta=504s
[413/2000] v6-ref-08dcad3d82 counterfactual_reasoner original success=True rate=3.2/s eta=504s
[414/2000] v6-ref-08dcad3d82 counterfactual_reasoner remove success=True rate=3.2/s eta=503s
[415/2000] v6-ref-08dcad3d82 counterfactual_reasoner reverse success=True rate=3.2/s eta=503s
[416/2000] v6-ref-08dcad3d82 counterfactual_reasoner substitute success=True rate=3.2/s eta=503s
[417/2000] v6-ref-08dcad3d82 minimal_judge original success=True rate=3.1/s eta=503s
[418/2000] v6-ref-08dcad3d82 minimal_judge remove success=True rate=3.2/s eta=502s
[419/2000] v6-ref-08dcad3d82 minimal_judge reverse success=True rate=3.1/s eta=502s
[420/2000] v6-ref-08dcad3d82 minimal_judge substitute success=True rate=3.1/s eta=502s
[421/2000] v6-ref-09297a4ded literal_evidence original success=True rate=3.1/s eta=502s
[422/2000] v6-ref-09297a4ded literal_evidence remove success=True rate=3.1/s eta=502s
[423/2000] v6-ref-09297a4ded literal_evidence reverse success=True rate=3.1/s eta=501s
[424/2000] v6-ref-09297a4ded literal_evidence substitute success=True rate=3.1/s eta=501s
[425/2000] v6-ref-09297a4ded skeptical_auditor original success=True rate=3.1/s eta=501s
[426/2000] v6-ref-09297a4ded skeptical_auditor remove success=True rate=3.1/s eta=501s
[427/2000] v6-ref-09297a4ded skeptical_auditor reverse success=True rate=3.1/s eta=500s
[428/2000] v6-ref-09297a4ded skeptical_auditor substitute success=True rate=3.1/s eta=500s
[429/2000] v6-ref-09297a4ded consistency_checker original success=True rate=3.1/s eta=500s
[430/2000] v6-ref-09297a4ded consistency_checker remove success=True rate=3.1/s eta=500s
[431/2000] v6-ref-09297a4ded consistency_checker reverse success=True rate=3.1/s eta=499s
[432/2000] v6-ref-09297a4ded consistency_checker substitute success=True rate=3.1/s eta=499s
[433/2000] v6-ref-09297a4ded counterfactual_reasoner original success=True rate=3.1/s eta=499s
[434/2000] v6-ref-09297a4ded counterfactual_reasoner remove success=True rate=3.1/s eta=499s
[435/2000] v6-ref-09297a4ded counterfactual_reasoner reverse success=True rate=3.1/s eta=499s
[436/2000] v6-ref-09297a4ded counterfactual_reasoner substitute success=True rate=3.1/s eta=499s
[437/2000] v6-ref-09297a4ded minimal_judge original success=True rate=3.1/s eta=498s
[438/2000] v6-ref-09297a4ded minimal_judge remove success=True rate=3.1/s eta=498s
[439/2000] v6-ref-09297a4ded minimal_judge reverse success=True rate=3.1/s eta=498s
[440/2000] v6-ref-09297a4ded minimal_judge substitute success=True rate=3.1/s eta=497s
[441/2000] v6-ref-095942b423 literal_evidence original success=True rate=3.1/s eta=497s
[442/2000] v6-ref-095942b423 literal_evidence remove success=True rate=3.1/s eta=497s
[443/2000] v6-ref-095942b423 literal_evidence reverse success=True rate=3.1/s eta=496s
[444/2000] v6-ref-095942b423 literal_evidence substitute success=True rate=3.1/s eta=496s
[445/2000] v6-ref-095942b423 skeptical_auditor original success=True rate=3.1/s eta=496s
[446/2000] v6-ref-095942b423 skeptical_auditor remove success=True rate=3.1/s eta=496s
[447/2000] v6-ref-095942b423 skeptical_auditor reverse success=True rate=3.1/s eta=496s
[448/2000] v6-ref-095942b423 skeptical_auditor substitute success=True rate=3.1/s eta=496s
[449/2000] v6-ref-095942b423 consistency_checker original success=True rate=3.1/s eta=496s
[450/2000] v6-ref-095942b423 consistency_checker remove success=True rate=3.1/s eta=495s
[451/2000] v6-ref-095942b423 consistency_checker reverse success=True rate=3.1/s eta=495s
[452/2000] v6-ref-095942b423 consistency_checker substitute success=True rate=3.1/s eta=495s
[453/2000] v6-ref-095942b423 counterfactual_reasoner original success=True rate=3.1/s eta=495s
[454/2000] v6-ref-095942b423 counterfactual_reasoner remove success=True rate=3.1/s eta=495s
[455/2000] v6-ref-095942b423 counterfactual_reasoner reverse success=True rate=3.1/s eta=495s
[456/2000] v6-ref-095942b423 counterfactual_reasoner substitute success=True rate=3.1/s eta=495s
[457/2000] v6-ref-095942b423 minimal_judge original success=True rate=3.1/s eta=494s
[458/2000] v6-ref-095942b423 minimal_judge remove success=True rate=3.1/s eta=494s
[459/2000] v6-ref-095942b423 minimal_judge reverse success=True rate=3.1/s eta=494s
[460/2000] v6-ref-095942b423 minimal_judge substitute success=True rate=3.1/s eta=494s
[461/2000] v6-ref-09bf92fcf8 literal_evidence original success=True rate=3.1/s eta=494s
[462/2000] v6-ref-09bf92fcf8 literal_evidence remove success=True rate=3.1/s eta=493s
[463/2000] v6-ref-09bf92fcf8 literal_evidence reverse success=True rate=3.1/s eta=493s
[464/2000] v6-ref-09bf92fcf8 literal_evidence substitute success=True rate=3.1/s eta=493s
[465/2000] v6-ref-09bf92fcf8 skeptical_auditor original success=True rate=3.1/s eta=493s
[466/2000] v6-ref-09bf92fcf8 skeptical_auditor remove success=True rate=3.1/s eta=493s
[467/2000] v6-ref-09bf92fcf8 skeptical_auditor reverse success=True rate=3.1/s eta=492s
[468/2000] v6-ref-09bf92fcf8 skeptical_auditor substitute success=True rate=3.1/s eta=492s
[469/2000] v6-ref-09bf92fcf8 consistency_checker original success=True rate=3.1/s eta=492s
[470/2000] v6-ref-09bf92fcf8 consistency_checker remove success=True rate=3.1/s eta=491s
[471/2000] v6-ref-09bf92fcf8 consistency_checker reverse success=True rate=3.1/s eta=491s
[472/2000] v6-ref-09bf92fcf8 consistency_checker substitute success=True rate=3.1/s eta=491s
[473/2000] v6-ref-09bf92fcf8 counterfactual_reasoner original success=True rate=3.1/s eta=491s
[474/2000] v6-ref-09bf92fcf8 counterfactual_reasoner remove success=True rate=3.1/s eta=490s
[475/2000] v6-ref-09bf92fcf8 counterfactual_reasoner reverse success=True rate=3.1/s eta=490s
[476/2000] v6-ref-09bf92fcf8 counterfactual_reasoner substitute success=True rate=3.1/s eta=490s
[477/2000] v6-ref-09bf92fcf8 minimal_judge original success=True rate=3.1/s eta=490s
[478/2000] v6-ref-09bf92fcf8 minimal_judge remove success=True rate=3.1/s eta=489s
[479/2000] v6-ref-09bf92fcf8 minimal_judge reverse success=True rate=3.1/s eta=489s
[480/2000] v6-ref-09bf92fcf8 minimal_judge substitute success=True rate=3.1/s eta=489s
[481/2000] v6-ref-09c5640b87 literal_evidence original success=True rate=3.1/s eta=488s
[482/2000] v6-ref-09c5640b87 literal_evidence remove success=True rate=3.1/s eta=488s
[483/2000] v6-ref-09c5640b87 literal_evidence reverse success=True rate=3.1/s eta=488s
[484/2000] v6-ref-09c5640b87 literal_evidence substitute success=True rate=3.1/s eta=486s
[485/2000] v6-ref-09c5640b87 skeptical_auditor original success=True rate=3.1/s eta=486s
[486/2000] v6-ref-09c5640b87 skeptical_auditor remove success=True rate=3.1/s eta=486s
[487/2000] v6-ref-09c5640b87 skeptical_auditor reverse success=True rate=3.1/s eta=486s
[488/2000] v6-ref-09c5640b87 skeptical_auditor substitute success=True rate=3.1/s eta=485s
[489/2000] v6-ref-09c5640b87 consistency_checker original success=True rate=3.1/s eta=484s
[490/2000] v6-ref-09c5640b87 consistency_checker remove success=True rate=3.1/s eta=484s
[491/2000] v6-ref-09c5640b87 consistency_checker reverse success=True rate=3.1/s eta=484s
[492/2000] v6-ref-09c5640b87 consistency_checker substitute success=True rate=3.1/s eta=483s
[493/2000] v6-ref-09c5640b87 counterfactual_reasoner original success=True rate=3.1/s eta=482s
[494/2000] v6-ref-09c5640b87 counterfactual_reasoner remove success=True rate=3.1/s eta=482s
[495/2000] v6-ref-09c5640b87 counterfactual_reasoner reverse success=True rate=3.1/s eta=482s
[496/2000] v6-ref-09c5640b87 counterfactual_reasoner substitute success=True rate=3.1/s eta=481s
[497/2000] v6-ref-09c5640b87 minimal_judge original success=True rate=3.1/s eta=481s
[498/2000] v6-ref-09c5640b87 minimal_judge remove success=True rate=3.1/s eta=480s
[499/2000] v6-ref-09c5640b87 minimal_judge reverse success=True rate=3.1/s eta=480s
[500/2000] v6-ref-09c5640b87 minimal_judge substitute success=True rate=3.1/s eta=479s
[501/2000] v6-ref-09ddce142c literal_evidence original success=True rate=3.1/s eta=479s
[502/2000] v6-ref-09ddce142c literal_evidence remove success=True rate=3.1/s eta=479s
[503/2000] v6-ref-09ddce142c literal_evidence reverse success=True rate=3.1/s eta=478s
[504/2000] v6-ref-09ddce142c literal_evidence substitute success=True rate=3.1/s eta=478s
[505/2000] v6-ref-09ddce142c skeptical_auditor original success=True rate=3.1/s eta=478s
[506/2000] v6-ref-09ddce142c skeptical_auditor remove success=True rate=3.1/s eta=478s
[507/2000] v6-ref-09ddce142c skeptical_auditor reverse success=True rate=3.1/s eta=478s
[508/2000] v6-ref-09ddce142c skeptical_auditor substitute success=True rate=3.1/s eta=478s
[509/2000] v6-ref-09ddce142c consistency_checker original success=True rate=3.1/s eta=478s
[510/2000] v6-ref-09ddce142c consistency_checker remove success=True rate=3.1/s eta=477s
[511/2000] v6-ref-09ddce142c consistency_checker reverse success=True rate=3.1/s eta=477s
[512/2000] v6-ref-09ddce142c consistency_checker substitute success=True rate=3.1/s eta=477s
[513/2000] v6-ref-09ddce142c counterfactual_reasoner original success=True rate=3.1/s eta=477s
[514/2000] v6-ref-09ddce142c counterfactual_reasoner remove success=True rate=3.1/s eta=476s
[515/2000] v6-ref-09ddce142c counterfactual_reasoner reverse success=True rate=3.1/s eta=476s
[516/2000] v6-ref-09ddce142c counterfactual_reasoner substitute success=True rate=3.1/s eta=476s
[517/2000] v6-ref-09ddce142c minimal_judge original success=True rate=3.1/s eta=476s
[518/2000] v6-ref-09ddce142c minimal_judge remove success=True rate=3.1/s eta=475s
[519/2000] v6-ref-09ddce142c minimal_judge reverse success=True rate=3.1/s eta=475s
[520/2000] v6-ref-09ddce142c minimal_judge substitute success=True rate=3.1/s eta=475s
[521/2000] v6-ref-0a30ce94c3 literal_evidence original success=True rate=3.1/s eta=475s
[522/2000] v6-ref-0a30ce94c3 literal_evidence remove success=True rate=3.1/s eta=475s
[523/2000] v6-ref-0a30ce94c3 literal_evidence reverse success=True rate=3.1/s eta=474s
[524/2000] v6-ref-0a30ce94c3 literal_evidence substitute success=True rate=3.1/s eta=474s
[525/2000] v6-ref-0a30ce94c3 skeptical_auditor original success=True rate=3.1/s eta=474s
[526/2000] v6-ref-0a30ce94c3 skeptical_auditor remove success=True rate=3.1/s eta=474s
[527/2000] v6-ref-0a30ce94c3 skeptical_auditor reverse success=True rate=3.1/s eta=474s
[528/2000] v6-ref-0a30ce94c3 skeptical_auditor substitute success=True rate=3.1/s eta=474s
[529/2000] v6-ref-0a30ce94c3 consistency_checker original success=True rate=3.1/s eta=473s
[530/2000] v6-ref-0a30ce94c3 consistency_checker remove success=True rate=3.1/s eta=473s
[531/2000] v6-ref-0a30ce94c3 consistency_checker reverse success=True rate=3.1/s eta=473s
[532/2000] v6-ref-0a30ce94c3 consistency_checker substitute success=True rate=3.1/s eta=473s
[533/2000] v6-ref-0a30ce94c3 counterfactual_reasoner original success=True rate=3.1/s eta=473s
[534/2000] v6-ref-0a30ce94c3 counterfactual_reasoner remove success=True rate=3.1/s eta=472s
[535/2000] v6-ref-0a30ce94c3 counterfactual_reasoner reverse success=True rate=3.1/s eta=472s
[536/2000] v6-ref-0a30ce94c3 counterfactual_reasoner substitute success=True rate=3.1/s eta=472s
[537/2000] v6-ref-0a30ce94c3 minimal_judge original success=True rate=3.1/s eta=472s
[538/2000] v6-ref-0a30ce94c3 minimal_judge remove success=True rate=3.1/s eta=471s
[539/2000] v6-ref-0a30ce94c3 minimal_judge reverse success=True rate=3.1/s eta=471s
[540/2000] v6-ref-0a30ce94c3 minimal_judge substitute success=True rate=3.1/s eta=471s
[541/2000] v6-ref-0a62ab96ae literal_evidence original success=True rate=3.1/s eta=471s
[542/2000] v6-ref-0a62ab96ae literal_evidence remove success=True rate=3.1/s eta=470s
[543/2000] v6-ref-0a62ab96ae literal_evidence reverse success=True rate=3.1/s eta=470s
[544/2000] v6-ref-0a62ab96ae literal_evidence substitute success=True rate=3.1/s eta=470s
[545/2000] v6-ref-0a62ab96ae skeptical_auditor original success=True rate=3.1/s eta=470s
[546/2000] v6-ref-0a62ab96ae skeptical_auditor remove success=True rate=3.1/s eta=469s
[547/2000] v6-ref-0a62ab96ae skeptical_auditor reverse success=True rate=3.1/s eta=469s
[548/2000] v6-ref-0a62ab96ae skeptical_auditor substitute success=True rate=3.1/s eta=469s
[549/2000] v6-ref-0a62ab96ae consistency_checker original success=True rate=3.1/s eta=469s
[550/2000] v6-ref-0a62ab96ae consistency_checker remove success=True rate=3.1/s eta=468s
[551/2000] v6-ref-0a62ab96ae consistency_checker reverse success=True rate=3.1/s eta=468s
[552/2000] v6-ref-0a62ab96ae consistency_checker substitute success=True rate=3.1/s eta=468s
[553/2000] v6-ref-0a62ab96ae counterfactual_reasoner original success=True rate=3.1/s eta=467s
[554/2000] v6-ref-0a62ab96ae counterfactual_reasoner remove success=True rate=3.1/s eta=467s
[555/2000] v6-ref-0a62ab96ae counterfactual_reasoner reverse success=True rate=3.1/s eta=467s
[556/2000] v6-ref-0a62ab96ae counterfactual_reasoner substitute success=True rate=3.1/s eta=466s
[557/2000] v6-ref-0a62ab96ae minimal_judge original success=True rate=3.1/s eta=466s
[558/2000] v6-ref-0a62ab96ae minimal_judge remove success=True rate=3.1/s eta=466s
[559/2000] v6-ref-0a62ab96ae minimal_judge reverse success=True rate=3.1/s eta=465s
[560/2000] v6-ref-0a62ab96ae minimal_judge substitute success=True rate=3.1/s eta=465s
[561/2000] v6-ref-0a67290d76 literal_evidence original success=True rate=3.1/s eta=465s
[562/2000] v6-ref-0a67290d76 literal_evidence remove success=True rate=3.1/s eta=464s
[563/2000] v6-ref-0a67290d76 literal_evidence reverse success=True rate=3.1/s eta=464s
[564/2000] v6-ref-0a67290d76 literal_evidence substitute success=True rate=3.1/s eta=464s
[565/2000] v6-ref-0a67290d76 skeptical_auditor original success=True rate=3.1/s eta=464s
[566/2000] v6-ref-0a67290d76 skeptical_auditor remove success=True rate=3.1/s eta=463s
[567/2000] v6-ref-0a67290d76 skeptical_auditor reverse success=True rate=3.1/s eta=463s
[568/2000] v6-ref-0a67290d76 skeptical_auditor substitute success=True rate=3.1/s eta=463s
[569/2000] v6-ref-0a67290d76 consistency_checker original success=True rate=3.1/s eta=463s
[570/2000] v6-ref-0a67290d76 consistency_checker remove success=True rate=3.1/s eta=462s
[571/2000] v6-ref-0a67290d76 consistency_checker reverse success=True rate=3.1/s eta=462s
[572/2000] v6-ref-0a67290d76 consistency_checker substitute success=True rate=3.1/s eta=462s
[573/2000] v6-ref-0a67290d76 counterfactual_reasoner original success=True rate=3.1/s eta=461s
[574/2000] v6-ref-0a67290d76 counterfactual_reasoner remove success=True rate=3.1/s eta=461s
[575/2000] v6-ref-0a67290d76 counterfactual_reasoner reverse success=True rate=3.1/s eta=461s
[576/2000] v6-ref-0a67290d76 counterfactual_reasoner substitute success=True rate=3.1/s eta=461s
[577/2000] v6-ref-0a67290d76 minimal_judge original success=True rate=3.1/s eta=460s
[578/2000] v6-ref-0a67290d76 minimal_judge remove success=True rate=3.1/s eta=460s
[579/2000] v6-ref-0a67290d76 minimal_judge reverse success=True rate=3.1/s eta=460s
[580/2000] v6-ref-0a67290d76 minimal_judge substitute success=True rate=3.1/s eta=459s
[581/2000] v6-ref-0a68aef1ce literal_evidence original success=True rate=3.1/s eta=459s
[582/2000] v6-ref-0a68aef1ce literal_evidence remove success=True rate=3.1/s eta=459s
[583/2000] v6-ref-0a68aef1ce literal_evidence reverse success=True rate=3.1/s eta=458s
[584/2000] v6-ref-0a68aef1ce literal_evidence substitute success=True rate=3.1/s eta=458s
[585/2000] v6-ref-0a68aef1ce skeptical_auditor original success=True rate=3.1/s eta=458s
[586/2000] v6-ref-0a68aef1ce skeptical_auditor remove success=True rate=3.1/s eta=458s
[587/2000] v6-ref-0a68aef1ce skeptical_auditor reverse success=True rate=3.1/s eta=457s
[588/2000] v6-ref-0a68aef1ce skeptical_auditor substitute success=True rate=3.1/s eta=457s
[589/2000] v6-ref-0a68aef1ce consistency_checker original success=True rate=3.1/s eta=457s
[590/2000] v6-ref-0a68aef1ce consistency_checker remove success=True rate=3.1/s eta=457s
[591/2000] v6-ref-0a68aef1ce consistency_checker reverse success=True rate=3.1/s eta=456s
[592/2000] v6-ref-0a68aef1ce consistency_checker substitute success=True rate=3.1/s eta=456s
[593/2000] v6-ref-0a68aef1ce counterfactual_reasoner original success=True rate=3.1/s eta=456s
[594/2000] v6-ref-0a68aef1ce counterfactual_reasoner remove success=True rate=3.1/s eta=455s
[595/2000] v6-ref-0a68aef1ce counterfactual_reasoner reverse success=True rate=3.1/s eta=455s
[596/2000] v6-ref-0a68aef1ce counterfactual_reasoner substitute success=True rate=3.1/s eta=455s
[597/2000] v6-ref-0a68aef1ce minimal_judge original success=True rate=3.1/s eta=455s
[598/2000] v6-ref-0a68aef1ce minimal_judge remove success=True rate=3.1/s eta=454s
[599/2000] v6-ref-0a68aef1ce minimal_judge reverse success=True rate=3.1/s eta=454s
[600/2000] v6-ref-0a68aef1ce minimal_judge substitute success=True rate=3.1/s eta=454s
[601/2000] v6-ref-0a76b3383b literal_evidence original success=True rate=3.1/s eta=453s
[602/2000] v6-ref-0a76b3383b literal_evidence remove success=True rate=3.1/s eta=453s
[603/2000] v6-ref-0a76b3383b literal_evidence reverse success=True rate=3.1/s eta=453s
[604/2000] v6-ref-0a76b3383b literal_evidence substitute success=True rate=3.1/s eta=452s
[605/2000] v6-ref-0a76b3383b skeptical_auditor original success=True rate=3.1/s eta=452s
[606/2000] v6-ref-0a76b3383b skeptical_auditor remove success=True rate=3.1/s eta=452s
[607/2000] v6-ref-0a76b3383b skeptical_auditor reverse success=True rate=3.1/s eta=452s
[608/2000] v6-ref-0a76b3383b skeptical_auditor substitute success=True rate=3.1/s eta=451s
[609/2000] v6-ref-0a76b3383b consistency_checker original success=True rate=3.1/s eta=451s
[610/2000] v6-ref-0a76b3383b consistency_checker remove success=True rate=3.1/s eta=451s
[611/2000] v6-ref-0a76b3383b consistency_checker reverse success=True rate=3.1/s eta=451s
[612/2000] v6-ref-0a76b3383b consistency_checker substitute success=True rate=3.1/s eta=451s
[613/2000] v6-ref-0a76b3383b counterfactual_reasoner original success=True rate=3.1/s eta=451s
[614/2000] v6-ref-0a76b3383b counterfactual_reasoner remove success=True rate=3.1/s eta=450s
[615/2000] v6-ref-0a76b3383b counterfactual_reasoner reverse success=True rate=3.1/s eta=450s
[616/2000] v6-ref-0a76b3383b counterfactual_reasoner substitute success=True rate=3.1/s eta=450s
[617/2000] v6-ref-0a76b3383b minimal_judge original success=True rate=3.1/s eta=449s
[618/2000] v6-ref-0a76b3383b minimal_judge remove success=True rate=3.1/s eta=449s
[619/2000] v6-ref-0a76b3383b minimal_judge reverse success=True rate=3.1/s eta=449s
[620/2000] v6-ref-0a76b3383b minimal_judge substitute success=True rate=3.1/s eta=448s
[621/2000] v6-ref-0ab914d986 literal_evidence original success=True rate=3.1/s eta=448s
[622/2000] v6-ref-0ab914d986 literal_evidence remove success=True rate=3.1/s eta=448s
[623/2000] v6-ref-0ab914d986 literal_evidence reverse success=True rate=3.1/s eta=448s
[624/2000] v6-ref-0ab914d986 literal_evidence substitute success=True rate=3.1/s eta=447s
[625/2000] v6-ref-0ab914d986 skeptical_auditor original success=True rate=3.1/s eta=447s
[626/2000] v6-ref-0ab914d986 skeptical_auditor remove success=True rate=3.1/s eta=447s
[627/2000] v6-ref-0ab914d986 skeptical_auditor reverse success=True rate=3.1/s eta=447s
[628/2000] v6-ref-0ab914d986 skeptical_auditor substitute success=True rate=3.1/s eta=446s
[629/2000] v6-ref-0ab914d986 consistency_checker original success=True rate=3.1/s eta=446s
[630/2000] v6-ref-0ab914d986 consistency_checker remove success=True rate=3.1/s eta=446s
[631/2000] v6-ref-0ab914d986 consistency_checker reverse success=True rate=3.1/s eta=445s
[632/2000] v6-ref-0ab914d986 consistency_checker substitute success=True rate=3.1/s eta=445s
[633/2000] v6-ref-0ab914d986 counterfactual_reasoner original success=True rate=3.1/s eta=445s
[634/2000] v6-ref-0ab914d986 counterfactual_reasoner remove success=True rate=3.1/s eta=444s
[635/2000] v6-ref-0ab914d986 counterfactual_reasoner reverse success=True rate=3.1/s eta=444s
[636/2000] v6-ref-0ab914d986 counterfactual_reasoner substitute success=True rate=3.1/s eta=444s
[637/2000] v6-ref-0ab914d986 minimal_judge original success=True rate=3.1/s eta=444s
[638/2000] v6-ref-0ab914d986 minimal_judge remove success=True rate=3.1/s eta=443s
[639/2000] v6-ref-0ab914d986 minimal_judge reverse success=True rate=3.1/s eta=443s
[640/2000] v6-ref-0ab914d986 minimal_judge substitute success=True rate=3.1/s eta=443s
[641/2000] v6-ref-0abdcb134e literal_evidence original success=True rate=3.1/s eta=443s
[642/2000] v6-ref-0abdcb134e literal_evidence remove success=True rate=3.1/s eta=442s
[643/2000] v6-ref-0abdcb134e literal_evidence reverse success=True rate=3.1/s eta=442s
[644/2000] v6-ref-0abdcb134e literal_evidence substitute success=True rate=3.1/s eta=442s
[645/2000] v6-ref-0abdcb134e skeptical_auditor original success=True rate=3.1/s eta=442s
[646/2000] v6-ref-0abdcb134e skeptical_auditor remove success=True rate=3.1/s eta=441s
[647/2000] v6-ref-0abdcb134e skeptical_auditor reverse success=True rate=3.1/s eta=441s
[648/2000] v6-ref-0abdcb134e skeptical_auditor substitute success=True rate=3.1/s eta=441s
[649/2000] v6-ref-0abdcb134e consistency_checker original success=True rate=3.1/s eta=441s
[650/2000] v6-ref-0abdcb134e consistency_checker remove success=True rate=3.1/s eta=440s
[651/2000] v6-ref-0abdcb134e consistency_checker reverse success=True rate=3.1/s eta=440s
[652/2000] v6-ref-0abdcb134e consistency_checker substitute success=True rate=3.1/s eta=440s
[653/2000] v6-ref-0abdcb134e counterfactual_reasoner original success=True rate=3.1/s eta=439s
[654/2000] v6-ref-0abdcb134e counterfactual_reasoner remove success=True rate=3.1/s eta=439s
[655/2000] v6-ref-0abdcb134e counterfactual_reasoner reverse success=True rate=3.1/s eta=439s
[656/2000] v6-ref-0abdcb134e counterfactual_reasoner substitute success=True rate=3.1/s eta=439s
[657/2000] v6-ref-0abdcb134e minimal_judge original success=True rate=3.1/s eta=438s
[658/2000] v6-ref-0abdcb134e minimal_judge remove success=True rate=3.1/s eta=438s
[659/2000] v6-ref-0abdcb134e minimal_judge reverse success=True rate=3.1/s eta=438s
[660/2000] v6-ref-0abdcb134e minimal_judge substitute success=True rate=3.1/s eta=437s
[661/2000] v6-ref-0b8a853ec5 literal_evidence original success=True rate=3.1/s eta=437s
[662/2000] v6-ref-0b8a853ec5 literal_evidence remove success=True rate=3.1/s eta=437s
[663/2000] v6-ref-0b8a853ec5 literal_evidence reverse success=True rate=3.1/s eta=436s
[664/2000] v6-ref-0b8a853ec5 literal_evidence substitute success=True rate=3.1/s eta=436s
[665/2000] v6-ref-0b8a853ec5 skeptical_auditor original success=True rate=3.1/s eta=436s
[666/2000] v6-ref-0b8a853ec5 skeptical_auditor remove success=True rate=3.1/s eta=436s
[667/2000] v6-ref-0b8a853ec5 skeptical_auditor reverse success=True rate=3.1/s eta=435s
[668/2000] v6-ref-0b8a853ec5 skeptical_auditor substitute success=True rate=3.1/s eta=435s
[669/2000] v6-ref-0b8a853ec5 consistency_checker original success=True rate=3.1/s eta=435s
[670/2000] v6-ref-0b8a853ec5 consistency_checker remove success=True rate=3.1/s eta=434s
[671/2000] v6-ref-0b8a853ec5 consistency_checker reverse success=True rate=3.1/s eta=434s
[672/2000] v6-ref-0b8a853ec5 consistency_checker substitute success=True rate=3.1/s eta=434s
[673/2000] v6-ref-0b8a853ec5 counterfactual_reasoner original success=True rate=3.1/s eta=434s
[674/2000] v6-ref-0b8a853ec5 counterfactual_reasoner remove success=True rate=3.1/s eta=433s
[675/2000] v6-ref-0b8a853ec5 counterfactual_reasoner reverse success=True rate=3.1/s eta=433s
[676/2000] v6-ref-0b8a853ec5 counterfactual_reasoner substitute success=True rate=3.1/s eta=433s
[677/2000] v6-ref-0b8a853ec5 minimal_judge original success=True rate=3.1/s eta=433s
[678/2000] v6-ref-0b8a853ec5 minimal_judge remove success=True rate=3.1/s eta=432s
[679/2000] v6-ref-0b8a853ec5 minimal_judge reverse success=True rate=3.1/s eta=432s
[680/2000] v6-ref-0b8a853ec5 minimal_judge substitute success=True rate=3.1/s eta=432s
[681/2000] v6-ref-0bc2032a3d literal_evidence original success=True rate=3.1/s eta=431s
[682/2000] v6-ref-0bc2032a3d literal_evidence remove success=True rate=3.1/s eta=431s
[683/2000] v6-ref-0bc2032a3d literal_evidence reverse success=True rate=3.1/s eta=431s
[684/2000] v6-ref-0bc2032a3d literal_evidence substitute success=True rate=3.1/s eta=430s
[685/2000] v6-ref-0bc2032a3d skeptical_auditor original success=True rate=3.1/s eta=430s
[686/2000] v6-ref-0bc2032a3d skeptical_auditor remove success=True rate=3.1/s eta=430s
[687/2000] v6-ref-0bc2032a3d skeptical_auditor reverse success=True rate=3.1/s eta=430s
[688/2000] v6-ref-0bc2032a3d skeptical_auditor substitute success=True rate=3.1/s eta=429s
[689/2000] v6-ref-0bc2032a3d consistency_checker original success=True rate=3.1/s eta=429s
[690/2000] v6-ref-0bc2032a3d consistency_checker remove success=True rate=3.1/s eta=429s
[691/2000] v6-ref-0bc2032a3d consistency_checker reverse success=True rate=3.1/s eta=428s
[692/2000] v6-ref-0bc2032a3d consistency_checker substitute success=True rate=3.1/s eta=428s
[693/2000] v6-ref-0bc2032a3d counterfactual_reasoner original success=True rate=3.1/s eta=428s
[694/2000] v6-ref-0bc2032a3d counterfactual_reasoner remove success=True rate=3.1/s eta=427s
[695/2000] v6-ref-0bc2032a3d counterfactual_reasoner reverse success=True rate=3.1/s eta=427s
[696/2000] v6-ref-0bc2032a3d counterfactual_reasoner substitute success=True rate=3.1/s eta=427s
[697/2000] v6-ref-0bc2032a3d minimal_judge original success=True rate=3.1/s eta=427s
[698/2000] v6-ref-0bc2032a3d minimal_judge remove success=True rate=3.1/s eta=426s
[699/2000] v6-ref-0bc2032a3d minimal_judge reverse success=True rate=3.1/s eta=426s
[700/2000] v6-ref-0bc2032a3d minimal_judge substitute success=True rate=3.1/s eta=426s
[701/2000] v6-ref-0c4c240181 literal_evidence original success=True rate=3.1/s eta=425s
[702/2000] v6-ref-0c4c240181 literal_evidence remove success=True rate=3.1/s eta=425s
[703/2000] v6-ref-0c4c240181 literal_evidence reverse success=True rate=3.1/s eta=425s
[704/2000] v6-ref-0c4c240181 literal_evidence substitute success=True rate=3.1/s eta=425s
[705/2000] v6-ref-0c4c240181 skeptical_auditor original success=True rate=3.1/s eta=424s
[706/2000] v6-ref-0c4c240181 skeptical_auditor remove success=True rate=3.1/s eta=424s
[707/2000] v6-ref-0c4c240181 skeptical_auditor reverse success=True rate=3.0/s eta=424s
[708/2000] v6-ref-0c4c240181 skeptical_auditor substitute success=True rate=3.0/s eta=424s
[709/2000] v6-ref-0c4c240181 consistency_checker original success=True rate=3.0/s eta=424s
[710/2000] v6-ref-0c4c240181 consistency_checker remove success=True rate=3.0/s eta=423s
[711/2000] v6-ref-0c4c240181 consistency_checker reverse success=True rate=3.0/s eta=423s
[712/2000] v6-ref-0c4c240181 consistency_checker substitute success=True rate=3.0/s eta=423s
[713/2000] v6-ref-0c4c240181 counterfactual_reasoner original success=True rate=3.0/s eta=422s
[714/2000] v6-ref-0c4c240181 counterfactual_reasoner remove success=True rate=3.0/s eta=422s
[715/2000] v6-ref-0c4c240181 counterfactual_reasoner reverse success=True rate=3.0/s eta=422s
[716/2000] v6-ref-0c4c240181 counterfactual_reasoner substitute success=True rate=3.0/s eta=422s
[717/2000] v6-ref-0c4c240181 minimal_judge original success=True rate=3.0/s eta=421s
[718/2000] v6-ref-0c4c240181 minimal_judge remove success=True rate=3.0/s eta=421s
[719/2000] v6-ref-0c4c240181 minimal_judge reverse success=True rate=3.0/s eta=421s
[720/2000] v6-ref-0c4c240181 minimal_judge substitute success=True rate=3.0/s eta=420s
[721/2000] v6-ref-0c8d7e36dc literal_evidence original success=True rate=3.0/s eta=420s
[722/2000] v6-ref-0c8d7e36dc literal_evidence remove success=True rate=3.0/s eta=420s
[723/2000] v6-ref-0c8d7e36dc literal_evidence reverse success=True rate=3.0/s eta=420s
[724/2000] v6-ref-0c8d7e36dc literal_evidence substitute success=True rate=3.0/s eta=419s
[725/2000] v6-ref-0c8d7e36dc skeptical_auditor original success=True rate=3.0/s eta=419s
[726/2000] v6-ref-0c8d7e36dc skeptical_auditor remove success=True rate=3.0/s eta=419s
[727/2000] v6-ref-0c8d7e36dc skeptical_auditor reverse success=True rate=3.0/s eta=419s
[728/2000] v6-ref-0c8d7e36dc skeptical_auditor substitute success=True rate=3.0/s eta=419s
[729/2000] v6-ref-0c8d7e36dc consistency_checker original success=True rate=3.0/s eta=418s
[730/2000] v6-ref-0c8d7e36dc consistency_checker remove success=True rate=3.0/s eta=418s
[731/2000] v6-ref-0c8d7e36dc consistency_checker reverse success=True rate=3.0/s eta=418s
[732/2000] v6-ref-0c8d7e36dc consistency_checker substitute success=True rate=3.0/s eta=417s
[733/2000] v6-ref-0c8d7e36dc counterfactual_reasoner original success=True rate=3.0/s eta=417s
[734/2000] v6-ref-0c8d7e36dc counterfactual_reasoner remove success=True rate=3.0/s eta=417s
[735/2000] v6-ref-0c8d7e36dc counterfactual_reasoner reverse success=True rate=3.0/s eta=417s
[736/2000] v6-ref-0c8d7e36dc counterfactual_reasoner substitute success=True rate=3.0/s eta=416s
[737/2000] v6-ref-0c8d7e36dc minimal_judge original success=True rate=3.0/s eta=416s
[738/2000] v6-ref-0c8d7e36dc minimal_judge remove success=True rate=3.0/s eta=416s
[739/2000] v6-ref-0c8d7e36dc minimal_judge reverse success=True rate=3.0/s eta=416s
[740/2000] v6-ref-0c8d7e36dc minimal_judge substitute success=True rate=3.0/s eta=415s
[741/2000] v6-ref-0ca033af2d literal_evidence original success=True rate=3.0/s eta=415s
[742/2000] v6-ref-0ca033af2d literal_evidence remove success=True rate=3.0/s eta=415s
[743/2000] v6-ref-0ca033af2d literal_evidence reverse success=True rate=3.0/s eta=414s
[744/2000] v6-ref-0ca033af2d literal_evidence substitute success=True rate=3.0/s eta=414s
[745/2000] v6-ref-0ca033af2d skeptical_auditor original success=True rate=3.0/s eta=414s
[746/2000] v6-ref-0ca033af2d skeptical_auditor remove success=True rate=3.0/s eta=414s
[747/2000] v6-ref-0ca033af2d skeptical_auditor reverse success=True rate=3.0/s eta=413s
[748/2000] v6-ref-0ca033af2d skeptical_auditor substitute success=True rate=3.0/s eta=413s
[749/2000] v6-ref-0ca033af2d consistency_checker original success=True rate=3.0/s eta=413s
[750/2000] v6-ref-0ca033af2d consistency_checker remove success=True rate=3.0/s eta=412s
[751/2000] v6-ref-0ca033af2d consistency_checker reverse success=True rate=3.0/s eta=412s
[752/2000] v6-ref-0ca033af2d consistency_checker substitute success=True rate=3.0/s eta=412s
[753/2000] v6-ref-0ca033af2d counterfactual_reasoner original success=True rate=3.0/s eta=412s
[754/2000] v6-ref-0ca033af2d counterfactual_reasoner remove success=True rate=3.0/s eta=411s
[755/2000] v6-ref-0ca033af2d counterfactual_reasoner reverse success=True rate=3.0/s eta=411s
[756/2000] v6-ref-0ca033af2d counterfactual_reasoner substitute success=True rate=3.0/s eta=411s
[757/2000] v6-ref-0ca033af2d minimal_judge original success=True rate=3.0/s eta=410s
[758/2000] v6-ref-0ca033af2d minimal_judge remove success=True rate=3.0/s eta=410s
[759/2000] v6-ref-0ca033af2d minimal_judge reverse success=True rate=3.0/s eta=410s
[760/2000] v6-ref-0ca033af2d minimal_judge substitute success=True rate=3.0/s eta=409s
[761/2000] v6-ref-0cab91e123 literal_evidence original success=True rate=3.0/s eta=409s
[762/2000] v6-ref-0cab91e123 literal_evidence remove success=True rate=3.0/s eta=409s
[763/2000] v6-ref-0cab91e123 literal_evidence reverse success=True rate=3.0/s eta=409s
[764/2000] v6-ref-0cab91e123 literal_evidence substitute success=True rate=3.0/s eta=408s
[765/2000] v6-ref-0cab91e123 skeptical_auditor original success=True rate=3.0/s eta=408s
[766/2000] v6-ref-0cab91e123 skeptical_auditor remove success=True rate=3.0/s eta=408s
[767/2000] v6-ref-0cab91e123 skeptical_auditor reverse success=True rate=3.0/s eta=408s
[768/2000] v6-ref-0cab91e123 skeptical_auditor substitute success=True rate=3.0/s eta=407s
[769/2000] v6-ref-0cab91e123 consistency_checker original success=True rate=3.0/s eta=407s
[770/2000] v6-ref-0cab91e123 consistency_checker remove success=True rate=3.0/s eta=407s
[771/2000] v6-ref-0cab91e123 consistency_checker reverse success=True rate=3.0/s eta=406s
[772/2000] v6-ref-0cab91e123 consistency_checker substitute success=True rate=3.0/s eta=406s
[773/2000] v6-ref-0cab91e123 counterfactual_reasoner original success=True rate=3.0/s eta=406s
[774/2000] v6-ref-0cab91e123 counterfactual_reasoner remove success=True rate=3.0/s eta=406s
[775/2000] v6-ref-0cab91e123 counterfactual_reasoner reverse success=True rate=3.0/s eta=405s
[776/2000] v6-ref-0cab91e123 counterfactual_reasoner substitute success=True rate=3.0/s eta=405s
[777/2000] v6-ref-0cab91e123 minimal_judge original success=True rate=3.0/s eta=405s
[778/2000] v6-ref-0cab91e123 minimal_judge remove success=True rate=3.0/s eta=404s
[779/2000] v6-ref-0cab91e123 minimal_judge reverse success=True rate=3.0/s eta=404s
[780/2000] v6-ref-0cab91e123 minimal_judge substitute success=True rate=3.0/s eta=404s
[781/2000] v6-ref-0cae639609 literal_evidence original success=True rate=3.0/s eta=404s
[782/2000] v6-ref-0cae639609 literal_evidence remove success=True rate=3.0/s eta=403s
[783/2000] v6-ref-0cae639609 literal_evidence reverse success=True rate=3.0/s eta=403s
[784/2000] v6-ref-0cae639609 literal_evidence substitute success=True rate=3.0/s eta=403s
[785/2000] v6-ref-0cae639609 skeptical_auditor original success=True rate=3.0/s eta=402s
[786/2000] v6-ref-0cae639609 skeptical_auditor remove success=True rate=3.0/s eta=402s
[787/2000] v6-ref-0cae639609 skeptical_auditor reverse success=True rate=3.0/s eta=402s
[788/2000] v6-ref-0cae639609 skeptical_auditor substitute success=True rate=3.0/s eta=401s
[789/2000] v6-ref-0cae639609 consistency_checker original success=True rate=3.0/s eta=401s
[790/2000] v6-ref-0cae639609 consistency_checker remove success=True rate=3.0/s eta=401s
[791/2000] v6-ref-0cae639609 consistency_checker reverse success=True rate=3.0/s eta=401s
[792/2000] v6-ref-0cae639609 consistency_checker substitute success=True rate=3.0/s eta=400s
[793/2000] v6-ref-0cae639609 counterfactual_reasoner original success=True rate=3.0/s eta=400s
[794/2000] v6-ref-0cae639609 counterfactual_reasoner remove success=True rate=3.0/s eta=400s
[795/2000] v6-ref-0cae639609 counterfactual_reasoner reverse success=True rate=3.0/s eta=399s
[796/2000] v6-ref-0cae639609 counterfactual_reasoner substitute success=True rate=3.0/s eta=399s
[797/2000] v6-ref-0cae639609 minimal_judge original success=True rate=3.0/s eta=399s
[798/2000] v6-ref-0cae639609 minimal_judge remove success=True rate=3.0/s eta=398s
[799/2000] v6-ref-0cae639609 minimal_judge reverse success=True rate=3.0/s eta=398s
[800/2000] v6-ref-0cae639609 minimal_judge substitute success=True rate=3.0/s eta=398s
[801/2000] v6-ref-0cb4d4d4a5 literal_evidence original success=True rate=3.0/s eta=398s
[802/2000] v6-ref-0cb4d4d4a5 literal_evidence remove success=True rate=3.0/s eta=397s
[803/2000] v6-ref-0cb4d4d4a5 literal_evidence reverse success=True rate=3.0/s eta=397s
[804/2000] v6-ref-0cb4d4d4a5 literal_evidence substitute success=True rate=3.0/s eta=397s
[805/2000] v6-ref-0cb4d4d4a5 skeptical_auditor original success=True rate=3.0/s eta=396s
[806/2000] v6-ref-0cb4d4d4a5 skeptical_auditor remove success=True rate=3.0/s eta=396s
[807/2000] v6-ref-0cb4d4d4a5 skeptical_auditor reverse success=True rate=3.0/s eta=396s
[808/2000] v6-ref-0cb4d4d4a5 skeptical_auditor substitute success=True rate=3.0/s eta=395s
[809/2000] v6-ref-0cb4d4d4a5 consistency_checker original success=True rate=3.0/s eta=395s
[810/2000] v6-ref-0cb4d4d4a5 consistency_checker remove success=True rate=3.0/s eta=395s
[811/2000] v6-ref-0cb4d4d4a5 consistency_checker reverse success=True rate=3.0/s eta=395s
[812/2000] v6-ref-0cb4d4d4a5 consistency_checker substitute success=True rate=3.0/s eta=394s
[813/2000] v6-ref-0cb4d4d4a5 counterfactual_reasoner original success=True rate=3.0/s eta=394s
[814/2000] v6-ref-0cb4d4d4a5 counterfactual_reasoner remove success=True rate=3.0/s eta=394s
[815/2000] v6-ref-0cb4d4d4a5 counterfactual_reasoner reverse success=True rate=3.0/s eta=393s
[816/2000] v6-ref-0cb4d4d4a5 counterfactual_reasoner substitute success=True rate=3.0/s eta=393s
[817/2000] v6-ref-0cb4d4d4a5 minimal_judge original success=True rate=3.0/s eta=393s
[818/2000] v6-ref-0cb4d4d4a5 minimal_judge remove success=True rate=3.0/s eta=393s
[819/2000] v6-ref-0cb4d4d4a5 minimal_judge reverse success=True rate=3.0/s eta=392s
[820/2000] v6-ref-0cb4d4d4a5 minimal_judge substitute success=True rate=3.0/s eta=392s
[821/2000] v6-ref-0d5391d07a literal_evidence original success=True rate=3.0/s eta=392s
[822/2000] v6-ref-0d5391d07a literal_evidence remove success=True rate=3.0/s eta=391s
[823/2000] v6-ref-0d5391d07a literal_evidence reverse success=True rate=3.0/s eta=391s
[824/2000] v6-ref-0d5391d07a literal_evidence substitute success=True rate=3.0/s eta=391s
[825/2000] v6-ref-0d5391d07a skeptical_auditor original success=True rate=3.0/s eta=390s
[826/2000] v6-ref-0d5391d07a skeptical_auditor remove success=True rate=3.0/s eta=390s
[827/2000] v6-ref-0d5391d07a skeptical_auditor reverse success=True rate=3.0/s eta=390s
[828/2000] v6-ref-0d5391d07a skeptical_auditor substitute success=True rate=3.0/s eta=390s
[829/2000] v6-ref-0d5391d07a consistency_checker original success=True rate=3.0/s eta=389s
[830/2000] v6-ref-0d5391d07a consistency_checker remove success=True rate=3.0/s eta=389s
[831/2000] v6-ref-0d5391d07a consistency_checker reverse success=True rate=3.0/s eta=389s
[832/2000] v6-ref-0d5391d07a consistency_checker substitute success=True rate=3.0/s eta=388s
[833/2000] v6-ref-0d5391d07a counterfactual_reasoner original success=True rate=3.0/s eta=388s
[834/2000] v6-ref-0d5391d07a counterfactual_reasoner remove success=True rate=3.0/s eta=388s
[835/2000] v6-ref-0d5391d07a counterfactual_reasoner reverse success=True rate=3.0/s eta=387s
[836/2000] v6-ref-0d5391d07a counterfactual_reasoner substitute success=True rate=3.0/s eta=387s
[837/2000] v6-ref-0d5391d07a minimal_judge original success=True rate=3.0/s eta=387s
[838/2000] v6-ref-0d5391d07a minimal_judge remove success=True rate=3.0/s eta=386s
[839/2000] v6-ref-0d5391d07a minimal_judge reverse success=True rate=3.0/s eta=386s
[840/2000] v6-ref-0d5391d07a minimal_judge substitute success=True rate=3.0/s eta=386s
[841/2000] v6-ref-0d7bcdb75e literal_evidence original success=True rate=3.0/s eta=386s
[842/2000] v6-ref-0d7bcdb75e literal_evidence remove success=True rate=3.0/s eta=385s
[843/2000] v6-ref-0d7bcdb75e literal_evidence reverse success=True rate=3.0/s eta=385s
[844/2000] v6-ref-0d7bcdb75e literal_evidence substitute success=True rate=3.0/s eta=385s
[845/2000] v6-ref-0d7bcdb75e skeptical_auditor original success=True rate=3.0/s eta=385s
[846/2000] v6-ref-0d7bcdb75e skeptical_auditor remove success=True rate=3.0/s eta=384s
[847/2000] v6-ref-0d7bcdb75e skeptical_auditor reverse success=True rate=3.0/s eta=384s
[848/2000] v6-ref-0d7bcdb75e skeptical_auditor substitute success=True rate=3.0/s eta=384s
[849/2000] v6-ref-0d7bcdb75e consistency_checker original success=True rate=3.0/s eta=384s
[850/2000] v6-ref-0d7bcdb75e consistency_checker remove success=True rate=3.0/s eta=383s
[851/2000] v6-ref-0d7bcdb75e consistency_checker reverse success=True rate=3.0/s eta=383s
[852/2000] v6-ref-0d7bcdb75e consistency_checker substitute success=True rate=3.0/s eta=383s
[853/2000] v6-ref-0d7bcdb75e counterfactual_reasoner original success=True rate=3.0/s eta=382s
[854/2000] v6-ref-0d7bcdb75e counterfactual_reasoner remove success=True rate=3.0/s eta=382s
[855/2000] v6-ref-0d7bcdb75e counterfactual_reasoner reverse success=True rate=3.0/s eta=382s
[856/2000] v6-ref-0d7bcdb75e counterfactual_reasoner substitute success=True rate=3.0/s eta=382s
[857/2000] v6-ref-0d7bcdb75e minimal_judge original success=True rate=3.0/s eta=381s
[858/2000] v6-ref-0d7bcdb75e minimal_judge remove success=True rate=3.0/s eta=381s
[859/2000] v6-ref-0d7bcdb75e minimal_judge reverse success=True rate=3.0/s eta=381s
[860/2000] v6-ref-0d7bcdb75e minimal_judge substitute success=True rate=3.0/s eta=380s
[861/2000] v6-ref-0d7cdc6139 literal_evidence original success=True rate=3.0/s eta=380s
[862/2000] v6-ref-0d7cdc6139 literal_evidence remove success=True rate=3.0/s eta=380s
[863/2000] v6-ref-0d7cdc6139 literal_evidence reverse success=True rate=3.0/s eta=380s
[864/2000] v6-ref-0d7cdc6139 literal_evidence substitute success=True rate=3.0/s eta=379s
[865/2000] v6-ref-0d7cdc6139 skeptical_auditor original success=True rate=3.0/s eta=379s
[866/2000] v6-ref-0d7cdc6139 skeptical_auditor remove success=True rate=3.0/s eta=379s
[867/2000] v6-ref-0d7cdc6139 skeptical_auditor reverse success=True rate=3.0/s eta=378s
[868/2000] v6-ref-0d7cdc6139 skeptical_auditor substitute success=True rate=3.0/s eta=378s
[869/2000] v6-ref-0d7cdc6139 consistency_checker original success=True rate=3.0/s eta=378s
[870/2000] v6-ref-0d7cdc6139 consistency_checker remove success=True rate=3.0/s eta=378s
[871/2000] v6-ref-0d7cdc6139 consistency_checker reverse success=True rate=3.0/s eta=377s
[872/2000] v6-ref-0d7cdc6139 consistency_checker substitute success=True rate=3.0/s eta=377s
[873/2000] v6-ref-0d7cdc6139 counterfactual_reasoner original success=True rate=3.0/s eta=377s
[874/2000] v6-ref-0d7cdc6139 counterfactual_reasoner remove success=True rate=3.0/s eta=377s
[875/2000] v6-ref-0d7cdc6139 counterfactual_reasoner reverse success=True rate=3.0/s eta=376s
[876/2000] v6-ref-0d7cdc6139 counterfactual_reasoner substitute success=True rate=3.0/s eta=376s
[877/2000] v6-ref-0d7cdc6139 minimal_judge original success=True rate=3.0/s eta=376s
[878/2000] v6-ref-0d7cdc6139 minimal_judge remove success=True rate=3.0/s eta=376s
[879/2000] v6-ref-0d7cdc6139 minimal_judge reverse success=True rate=3.0/s eta=375s
[880/2000] v6-ref-0d7cdc6139 minimal_judge substitute success=True rate=3.0/s eta=375s
[881/2000] v6-ref-0d8d47759d literal_evidence original success=True rate=3.0/s eta=375s
[882/2000] v6-ref-0d8d47759d literal_evidence remove success=True rate=3.0/s eta=374s
[883/2000] v6-ref-0d8d47759d literal_evidence reverse success=True rate=3.0/s eta=374s
[884/2000] v6-ref-0d8d47759d literal_evidence substitute success=True rate=3.0/s eta=373s
[885/2000] v6-ref-0d8d47759d skeptical_auditor original success=True rate=3.0/s eta=373s
[886/2000] v6-ref-0d8d47759d skeptical_auditor remove success=True rate=3.0/s eta=373s
[887/2000] v6-ref-0d8d47759d skeptical_auditor reverse success=True rate=3.0/s eta=373s
[888/2000] v6-ref-0d8d47759d skeptical_auditor substitute success=True rate=3.0/s eta=372s
[889/2000] v6-ref-0d8d47759d consistency_checker original success=True rate=3.0/s eta=372s
[890/2000] v6-ref-0d8d47759d consistency_checker remove success=True rate=3.0/s eta=372s
[891/2000] v6-ref-0d8d47759d consistency_checker reverse success=True rate=3.0/s eta=371s
[892/2000] v6-ref-0d8d47759d consistency_checker substitute success=True rate=3.0/s eta=371s
[893/2000] v6-ref-0d8d47759d counterfactual_reasoner original success=True rate=3.0/s eta=371s
[894/2000] v6-ref-0d8d47759d counterfactual_reasoner remove success=True rate=3.0/s eta=371s
[895/2000] v6-ref-0d8d47759d counterfactual_reasoner reverse success=True rate=3.0/s eta=370s
[896/2000] v6-ref-0d8d47759d counterfactual_reasoner substitute success=True rate=3.0/s eta=370s
[897/2000] v6-ref-0d8d47759d minimal_judge original success=True rate=3.0/s eta=369s
[898/2000] v6-ref-0d8d47759d minimal_judge remove success=True rate=3.0/s eta=369s
[899/2000] v6-ref-0d8d47759d minimal_judge reverse success=True rate=3.0/s eta=369s
[900/2000] v6-ref-0d8d47759d minimal_judge substitute success=True rate=3.0/s eta=368s
[901/2000] v6-ref-0df0596d2d literal_evidence original success=True rate=3.0/s eta=368s
[902/2000] v6-ref-0df0596d2d literal_evidence remove success=True rate=3.0/s eta=368s
[903/2000] v6-ref-0df0596d2d literal_evidence reverse success=True rate=3.0/s eta=367s
[904/2000] v6-ref-0df0596d2d literal_evidence substitute success=True rate=3.0/s eta=367s
[905/2000] v6-ref-0df0596d2d skeptical_auditor original success=True rate=3.0/s eta=367s
[906/2000] v6-ref-0df0596d2d skeptical_auditor remove success=True rate=3.0/s eta=367s
[907/2000] v6-ref-0df0596d2d skeptical_auditor reverse success=True rate=3.0/s eta=366s
[908/2000] v6-ref-0df0596d2d skeptical_auditor substitute success=True rate=3.0/s eta=366s
[909/2000] v6-ref-0df0596d2d consistency_checker original success=True rate=3.0/s eta=366s
[910/2000] v6-ref-0df0596d2d consistency_checker remove success=True rate=3.0/s eta=365s
[911/2000] v6-ref-0df0596d2d consistency_checker reverse success=True rate=3.0/s eta=365s
[912/2000] v6-ref-0df0596d2d consistency_checker substitute success=True rate=3.0/s eta=365s
[913/2000] v6-ref-0df0596d2d counterfactual_reasoner original success=True rate=3.0/s eta=364s
[914/2000] v6-ref-0df0596d2d counterfactual_reasoner remove success=True rate=3.0/s eta=364s
[915/2000] v6-ref-0df0596d2d counterfactual_reasoner reverse success=True rate=3.0/s eta=364s
[916/2000] v6-ref-0df0596d2d counterfactual_reasoner substitute success=True rate=3.0/s eta=364s
[917/2000] v6-ref-0df0596d2d minimal_judge original success=True rate=3.0/s eta=363s
[918/2000] v6-ref-0df0596d2d minimal_judge remove success=True rate=3.0/s eta=363s
[919/2000] v6-ref-0df0596d2d minimal_judge reverse success=True rate=3.0/s eta=363s
[920/2000] v6-ref-0df0596d2d minimal_judge substitute success=True rate=3.0/s eta=362s
[921/2000] v6-ref-0e06a74010 literal_evidence original success=True rate=3.0/s eta=362s
[922/2000] v6-ref-0e06a74010 literal_evidence remove success=True rate=3.0/s eta=362s
[923/2000] v6-ref-0e06a74010 literal_evidence reverse success=True rate=3.0/s eta=361s
[924/2000] v6-ref-0e06a74010 literal_evidence substitute success=True rate=3.0/s eta=361s
[925/2000] v6-ref-0e06a74010 skeptical_auditor original success=True rate=3.0/s eta=361s
[926/2000] v6-ref-0e06a74010 skeptical_auditor remove success=True rate=3.0/s eta=360s
[927/2000] v6-ref-0e06a74010 skeptical_auditor reverse success=True rate=3.0/s eta=360s
[928/2000] v6-ref-0e06a74010 skeptical_auditor substitute success=True rate=3.0/s eta=360s
[929/2000] v6-ref-0e06a74010 consistency_checker original success=True rate=3.0/s eta=360s
[930/2000] v6-ref-0e06a74010 consistency_checker remove success=True rate=3.0/s eta=359s
[931/2000] v6-ref-0e06a74010 consistency_checker reverse success=True rate=3.0/s eta=359s
[932/2000] v6-ref-0e06a74010 consistency_checker substitute success=True rate=3.0/s eta=359s
[933/2000] v6-ref-0e06a74010 counterfactual_reasoner original success=True rate=3.0/s eta=358s
[934/2000] v6-ref-0e06a74010 counterfactual_reasoner remove success=True rate=3.0/s eta=358s
[935/2000] v6-ref-0e06a74010 counterfactual_reasoner reverse success=True rate=3.0/s eta=358s
[936/2000] v6-ref-0e06a74010 counterfactual_reasoner substitute success=True rate=3.0/s eta=358s
[937/2000] v6-ref-0e06a74010 minimal_judge original success=True rate=3.0/s eta=357s
[938/2000] v6-ref-0e06a74010 minimal_judge remove success=True rate=3.0/s eta=357s
[939/2000] v6-ref-0e06a74010 minimal_judge reverse success=True rate=3.0/s eta=357s
[940/2000] v6-ref-0e06a74010 minimal_judge substitute success=True rate=3.0/s eta=356s
[941/2000] v6-ref-0e08358f93 literal_evidence original success=True rate=3.0/s eta=356s
[942/2000] v6-ref-0e08358f93 literal_evidence remove success=True rate=3.0/s eta=356s
[943/2000] v6-ref-0e08358f93 literal_evidence reverse success=True rate=3.0/s eta=355s
[944/2000] v6-ref-0e08358f93 literal_evidence substitute success=True rate=3.0/s eta=355s
[945/2000] v6-ref-0e08358f93 skeptical_auditor original success=True rate=3.0/s eta=355s
[946/2000] v6-ref-0e08358f93 skeptical_auditor remove success=True rate=3.0/s eta=355s
[947/2000] v6-ref-0e08358f93 skeptical_auditor reverse success=True rate=3.0/s eta=354s
[948/2000] v6-ref-0e08358f93 skeptical_auditor substitute success=True rate=3.0/s eta=354s
[949/2000] v6-ref-0e08358f93 consistency_checker original success=True rate=3.0/s eta=354s
[950/2000] v6-ref-0e08358f93 consistency_checker remove success=True rate=3.0/s eta=353s
[951/2000] v6-ref-0e08358f93 consistency_checker reverse success=True rate=3.0/s eta=353s
[952/2000] v6-ref-0e08358f93 consistency_checker substitute success=True rate=3.0/s eta=353s
[953/2000] v6-ref-0e08358f93 counterfactual_reasoner original success=True rate=3.0/s eta=353s
[954/2000] v6-ref-0e08358f93 counterfactual_reasoner remove success=True rate=3.0/s eta=352s
[955/2000] v6-ref-0e08358f93 counterfactual_reasoner reverse success=True rate=3.0/s eta=352s
[956/2000] v6-ref-0e08358f93 counterfactual_reasoner substitute success=True rate=3.0/s eta=352s
[957/2000] v6-ref-0e08358f93 minimal_judge original success=True rate=3.0/s eta=351s
[958/2000] v6-ref-0e08358f93 minimal_judge remove success=True rate=3.0/s eta=351s
[959/2000] v6-ref-0e08358f93 minimal_judge reverse success=True rate=3.0/s eta=351s
[960/2000] v6-ref-0e08358f93 minimal_judge substitute success=True rate=3.0/s eta=350s
[961/2000] v6-ref-0e180f5324 literal_evidence original success=True rate=3.0/s eta=350s
[962/2000] v6-ref-0e180f5324 literal_evidence remove success=True rate=3.0/s eta=350s
[963/2000] v6-ref-0e180f5324 literal_evidence reverse success=True rate=3.0/s eta=350s
[964/2000] v6-ref-0e180f5324 literal_evidence substitute success=True rate=3.0/s eta=349s
[965/2000] v6-ref-0e180f5324 skeptical_auditor original success=True rate=3.0/s eta=349s
[966/2000] v6-ref-0e180f5324 skeptical_auditor remove success=True rate=3.0/s eta=349s
[967/2000] v6-ref-0e180f5324 skeptical_auditor reverse success=True rate=3.0/s eta=348s
[968/2000] v6-ref-0e180f5324 skeptical_auditor substitute success=True rate=3.0/s eta=348s
[969/2000] v6-ref-0e180f5324 consistency_checker original success=True rate=3.0/s eta=348s
[970/2000] v6-ref-0e180f5324 consistency_checker remove success=True rate=3.0/s eta=348s
[971/2000] v6-ref-0e180f5324 consistency_checker reverse success=True rate=3.0/s eta=347s
[972/2000] v6-ref-0e180f5324 consistency_checker substitute success=True rate=3.0/s eta=347s
[973/2000] v6-ref-0e180f5324 counterfactual_reasoner original success=True rate=3.0/s eta=347s
[974/2000] v6-ref-0e180f5324 counterfactual_reasoner remove success=True rate=3.0/s eta=346s
[975/2000] v6-ref-0e180f5324 counterfactual_reasoner reverse success=True rate=3.0/s eta=346s
[976/2000] v6-ref-0e180f5324 counterfactual_reasoner substitute success=True rate=3.0/s eta=346s
[977/2000] v6-ref-0e180f5324 minimal_judge original success=True rate=3.0/s eta=346s
[978/2000] v6-ref-0e180f5324 minimal_judge remove success=True rate=3.0/s eta=345s
[979/2000] v6-ref-0e180f5324 minimal_judge reverse success=True rate=3.0/s eta=345s
[980/2000] v6-ref-0e180f5324 minimal_judge substitute success=True rate=3.0/s eta=345s
[981/2000] v6-ref-0e667d428b literal_evidence original success=True rate=3.0/s eta=345s
[982/2000] v6-ref-0e667d428b literal_evidence remove success=True rate=3.0/s eta=344s
[983/2000] v6-ref-0e667d428b literal_evidence reverse success=True rate=3.0/s eta=344s
[984/2000] v6-ref-0e667d428b literal_evidence substitute success=True rate=3.0/s eta=344s
[985/2000] v6-ref-0e667d428b skeptical_auditor original success=True rate=3.0/s eta=343s
[986/2000] v6-ref-0e667d428b skeptical_auditor remove success=True rate=3.0/s eta=343s
[987/2000] v6-ref-0e667d428b skeptical_auditor reverse success=True rate=3.0/s eta=343s
[988/2000] v6-ref-0e667d428b skeptical_auditor substitute success=True rate=3.0/s eta=343s
[989/2000] v6-ref-0e667d428b consistency_checker original success=True rate=3.0/s eta=342s
[990/2000] v6-ref-0e667d428b consistency_checker remove success=True rate=3.0/s eta=342s
[991/2000] v6-ref-0e667d428b consistency_checker reverse success=True rate=3.0/s eta=342s
[992/2000] v6-ref-0e667d428b consistency_checker substitute success=True rate=3.0/s eta=341s
[993/2000] v6-ref-0e667d428b counterfactual_reasoner original success=True rate=3.0/s eta=341s
[994/2000] v6-ref-0e667d428b counterfactual_reasoner remove success=True rate=3.0/s eta=341s
[995/2000] v6-ref-0e667d428b counterfactual_reasoner reverse success=True rate=3.0/s eta=340s
[996/2000] v6-ref-0e667d428b counterfactual_reasoner substitute success=True rate=3.0/s eta=340s
[997/2000] v6-ref-0e667d428b minimal_judge original success=True rate=3.0/s eta=340s
[998/2000] v6-ref-0e667d428b minimal_judge remove success=True rate=3.0/s eta=340s
[999/2000] v6-ref-0e667d428b minimal_judge reverse success=True rate=3.0/s eta=339s
[1000/2000] v6-ref-0e667d428b minimal_judge substitute success=True rate=2.9/s eta=339s
[1001/2000] v6-sup-0043dda777 literal_evidence original success=True rate=2.9/s eta=339s
[1002/2000] v6-sup-0043dda777 literal_evidence remove success=True rate=2.9/s eta=338s
[1003/2000] v6-sup-0043dda777 literal_evidence reverse success=True rate=2.9/s eta=338s
[1004/2000] v6-sup-0043dda777 literal_evidence substitute success=True rate=2.9/s eta=338s
[1005/2000] v6-sup-0043dda777 skeptical_auditor original success=True rate=2.9/s eta=337s
[1006/2000] v6-sup-0043dda777 skeptical_auditor remove success=True rate=2.9/s eta=337s
[1007/2000] v6-sup-0043dda777 skeptical_auditor reverse success=True rate=2.9/s eta=337s
[1008/2000] v6-sup-0043dda777 skeptical_auditor substitute success=True rate=2.9/s eta=337s
[1009/2000] v6-sup-0043dda777 consistency_checker original success=True rate=2.9/s eta=336s
[1010/2000] v6-sup-0043dda777 consistency_checker remove success=True rate=2.9/s eta=336s
[1011/2000] v6-sup-0043dda777 consistency_checker reverse success=True rate=2.9/s eta=336s
[1012/2000] v6-sup-0043dda777 consistency_checker substitute success=True rate=2.9/s eta=335s
[1013/2000] v6-sup-0043dda777 counterfactual_reasoner original success=True rate=2.9/s eta=335s
[1014/2000] v6-sup-0043dda777 counterfactual_reasoner remove success=True rate=2.9/s eta=335s
[1015/2000] v6-sup-0043dda777 counterfactual_reasoner reverse success=True rate=2.9/s eta=334s
[1016/2000] v6-sup-0043dda777 counterfactual_reasoner substitute success=True rate=2.9/s eta=334s
[1017/2000] v6-sup-0043dda777 minimal_judge original success=True rate=2.9/s eta=334s
[1018/2000] v6-sup-0043dda777 minimal_judge remove success=True rate=2.9/s eta=333s
[1019/2000] v6-sup-0043dda777 minimal_judge reverse success=True rate=2.9/s eta=333s
[1020/2000] v6-sup-0043dda777 minimal_judge substitute success=True rate=2.9/s eta=333s
[1021/2000] v6-sup-00bf37da89 literal_evidence original success=True rate=2.9/s eta=333s
[1022/2000] v6-sup-00bf37da89 literal_evidence remove success=True rate=2.9/s eta=332s
[1023/2000] v6-sup-00bf37da89 literal_evidence reverse success=True rate=2.9/s eta=332s
[1024/2000] v6-sup-00bf37da89 literal_evidence substitute success=True rate=2.9/s eta=332s
[1025/2000] v6-sup-00bf37da89 skeptical_auditor original success=True rate=2.9/s eta=331s
[1026/2000] v6-sup-00bf37da89 skeptical_auditor remove success=True rate=2.9/s eta=331s
[1027/2000] v6-sup-00bf37da89 skeptical_auditor reverse success=True rate=2.9/s eta=331s
[1028/2000] v6-sup-00bf37da89 skeptical_auditor substitute success=True rate=2.9/s eta=331s
[1029/2000] v6-sup-00bf37da89 consistency_checker original success=True rate=2.9/s eta=330s
[1030/2000] v6-sup-00bf37da89 consistency_checker remove success=True rate=2.9/s eta=330s
[1031/2000] v6-sup-00bf37da89 consistency_checker reverse success=True rate=2.9/s eta=330s
[1032/2000] v6-sup-00bf37da89 consistency_checker substitute success=True rate=2.9/s eta=329s
[1033/2000] v6-sup-00bf37da89 counterfactual_reasoner original success=True rate=2.9/s eta=329s
[1034/2000] v6-sup-00bf37da89 counterfactual_reasoner remove success=True rate=2.9/s eta=329s
[1035/2000] v6-sup-00bf37da89 counterfactual_reasoner reverse success=True rate=2.9/s eta=328s
[1036/2000] v6-sup-00bf37da89 counterfactual_reasoner substitute success=True rate=2.9/s eta=328s
[1037/2000] v6-sup-00bf37da89 minimal_judge original success=True rate=2.9/s eta=328s
[1038/2000] v6-sup-00bf37da89 minimal_judge remove success=True rate=2.9/s eta=327s
[1039/2000] v6-sup-00bf37da89 minimal_judge reverse success=True rate=2.9/s eta=327s
[1040/2000] v6-sup-00bf37da89 minimal_judge substitute success=True rate=2.9/s eta=327s
[1041/2000] v6-sup-00d2a89b5c literal_evidence original success=True rate=2.9/s eta=327s
[1042/2000] v6-sup-00d2a89b5c literal_evidence remove success=True rate=2.9/s eta=326s
[1043/2000] v6-sup-00d2a89b5c literal_evidence reverse success=True rate=2.9/s eta=326s
[1044/2000] v6-sup-00d2a89b5c literal_evidence substitute success=True rate=2.9/s eta=326s
[1045/2000] v6-sup-00d2a89b5c skeptical_auditor original success=True rate=2.9/s eta=325s
[1046/2000] v6-sup-00d2a89b5c skeptical_auditor remove success=True rate=2.9/s eta=325s
[1047/2000] v6-sup-00d2a89b5c skeptical_auditor reverse success=True rate=2.9/s eta=325s
[1048/2000] v6-sup-00d2a89b5c skeptical_auditor substitute success=True rate=2.9/s eta=325s
[1049/2000] v6-sup-00d2a89b5c consistency_checker original success=True rate=2.9/s eta=324s
[1050/2000] v6-sup-00d2a89b5c consistency_checker remove success=True rate=2.9/s eta=324s
[1051/2000] v6-sup-00d2a89b5c consistency_checker reverse success=True rate=2.9/s eta=324s
[1052/2000] v6-sup-00d2a89b5c consistency_checker substitute success=True rate=2.9/s eta=323s
[1053/2000] v6-sup-00d2a89b5c counterfactual_reasoner original success=True rate=2.9/s eta=323s
[1054/2000] v6-sup-00d2a89b5c counterfactual_reasoner remove success=True rate=2.9/s eta=323s
[1055/2000] v6-sup-00d2a89b5c counterfactual_reasoner reverse success=True rate=2.9/s eta=322s
[1056/2000] v6-sup-00d2a89b5c counterfactual_reasoner substitute success=True rate=2.9/s eta=322s
[1057/2000] v6-sup-00d2a89b5c minimal_judge original success=True rate=2.9/s eta=322s
[1058/2000] v6-sup-00d2a89b5c minimal_judge remove success=True rate=2.9/s eta=321s
[1059/2000] v6-sup-00d2a89b5c minimal_judge reverse success=True rate=2.9/s eta=321s
[1060/2000] v6-sup-00d2a89b5c minimal_judge substitute success=True rate=2.9/s eta=321s
[1061/2000] v6-sup-010a6d9b2e literal_evidence original success=True rate=2.9/s eta=320s
[1062/2000] v6-sup-010a6d9b2e literal_evidence remove success=True rate=2.9/s eta=320s
[1063/2000] v6-sup-010a6d9b2e literal_evidence reverse success=True rate=2.9/s eta=320s
[1064/2000] v6-sup-010a6d9b2e literal_evidence substitute success=True rate=2.9/s eta=320s
[1065/2000] v6-sup-010a6d9b2e skeptical_auditor original success=True rate=2.9/s eta=319s
[1066/2000] v6-sup-010a6d9b2e skeptical_auditor remove success=True rate=2.9/s eta=319s
[1067/2000] v6-sup-010a6d9b2e skeptical_auditor reverse success=True rate=2.9/s eta=319s
[1068/2000] v6-sup-010a6d9b2e skeptical_auditor substitute success=True rate=2.9/s eta=318s
[1069/2000] v6-sup-010a6d9b2e consistency_checker original success=True rate=2.9/s eta=318s
[1070/2000] v6-sup-010a6d9b2e consistency_checker remove success=True rate=2.9/s eta=318s
[1071/2000] v6-sup-010a6d9b2e consistency_checker reverse success=True rate=2.9/s eta=317s
[1072/2000] v6-sup-010a6d9b2e consistency_checker substitute success=True rate=2.9/s eta=317s
[1073/2000] v6-sup-010a6d9b2e counterfactual_reasoner original success=True rate=2.9/s eta=317s
[1074/2000] v6-sup-010a6d9b2e counterfactual_reasoner remove success=True rate=2.9/s eta=316s
[1075/2000] v6-sup-010a6d9b2e counterfactual_reasoner reverse success=True rate=2.9/s eta=316s
[1076/2000] v6-sup-010a6d9b2e counterfactual_reasoner substitute success=True rate=2.9/s eta=316s
[1077/2000] v6-sup-010a6d9b2e minimal_judge original success=True rate=2.9/s eta=316s
[1078/2000] v6-sup-010a6d9b2e minimal_judge remove success=True rate=2.9/s eta=315s
[1079/2000] v6-sup-010a6d9b2e minimal_judge reverse success=True rate=2.9/s eta=315s
[1080/2000] v6-sup-010a6d9b2e minimal_judge substitute success=True rate=2.9/s eta=315s
[1081/2000] v6-sup-01d0132be8 literal_evidence original success=True rate=2.9/s eta=314s
[1082/2000] v6-sup-01d0132be8 literal_evidence remove success=True rate=2.9/s eta=314s
[1083/2000] v6-sup-01d0132be8 literal_evidence reverse success=True rate=2.9/s eta=314s
[1084/2000] v6-sup-01d0132be8 literal_evidence substitute success=True rate=2.9/s eta=314s
[1085/2000] v6-sup-01d0132be8 skeptical_auditor original success=True rate=2.9/s eta=313s
[1086/2000] v6-sup-01d0132be8 skeptical_auditor remove success=True rate=2.9/s eta=313s
[1087/2000] v6-sup-01d0132be8 skeptical_auditor reverse success=True rate=2.9/s eta=313s
[1088/2000] v6-sup-01d0132be8 skeptical_auditor substitute success=True rate=2.9/s eta=312s
[1089/2000] v6-sup-01d0132be8 consistency_checker original success=True rate=2.9/s eta=312s
[1090/2000] v6-sup-01d0132be8 consistency_checker remove success=True rate=2.9/s eta=312s
[1091/2000] v6-sup-01d0132be8 consistency_checker reverse success=True rate=2.9/s eta=311s
[1092/2000] v6-sup-01d0132be8 consistency_checker substitute success=True rate=2.9/s eta=311s
[1093/2000] v6-sup-01d0132be8 counterfactual_reasoner original success=True rate=2.9/s eta=311s
[1094/2000] v6-sup-01d0132be8 counterfactual_reasoner remove success=True rate=2.9/s eta=311s
[1095/2000] v6-sup-01d0132be8 counterfactual_reasoner reverse success=True rate=2.9/s eta=310s
[1096/2000] v6-sup-01d0132be8 counterfactual_reasoner substitute success=True rate=2.9/s eta=310s
[1097/2000] v6-sup-01d0132be8 minimal_judge original success=True rate=2.9/s eta=310s
[1098/2000] v6-sup-01d0132be8 minimal_judge remove success=True rate=2.9/s eta=309s
[1099/2000] v6-sup-01d0132be8 minimal_judge reverse success=True rate=2.9/s eta=309s
[1100/2000] v6-sup-01d0132be8 minimal_judge substitute success=True rate=2.9/s eta=309s
[1101/2000] v6-sup-02b6c156a3 literal_evidence original success=True rate=2.9/s eta=308s
[1102/2000] v6-sup-02b6c156a3 literal_evidence remove success=True rate=2.9/s eta=308s
[1103/2000] v6-sup-02b6c156a3 literal_evidence reverse success=True rate=2.9/s eta=308s
[1104/2000] v6-sup-02b6c156a3 literal_evidence substitute success=True rate=2.9/s eta=307s
[1105/2000] v6-sup-02b6c156a3 skeptical_auditor original success=True rate=2.9/s eta=307s
[1106/2000] v6-sup-02b6c156a3 skeptical_auditor remove success=True rate=2.9/s eta=307s
[1107/2000] v6-sup-02b6c156a3 skeptical_auditor reverse success=True rate=2.9/s eta=307s
[1108/2000] v6-sup-02b6c156a3 skeptical_auditor substitute success=True rate=2.9/s eta=306s
[1109/2000] v6-sup-02b6c156a3 consistency_checker original success=True rate=2.9/s eta=306s
[1110/2000] v6-sup-02b6c156a3 consistency_checker remove success=True rate=2.9/s eta=306s
[1111/2000] v6-sup-02b6c156a3 consistency_checker reverse success=True rate=2.9/s eta=305s
[1112/2000] v6-sup-02b6c156a3 consistency_checker substitute success=True rate=2.9/s eta=305s
[1113/2000] v6-sup-02b6c156a3 counterfactual_reasoner original success=True rate=2.9/s eta=305s
[1114/2000] v6-sup-02b6c156a3 counterfactual_reasoner remove success=True rate=2.9/s eta=304s
[1115/2000] v6-sup-02b6c156a3 counterfactual_reasoner reverse success=True rate=2.9/s eta=304s
[1116/2000] v6-sup-02b6c156a3 counterfactual_reasoner substitute success=True rate=2.9/s eta=304s
[1117/2000] v6-sup-02b6c156a3 minimal_judge original success=True rate=2.9/s eta=304s
[1118/2000] v6-sup-02b6c156a3 minimal_judge remove success=True rate=2.9/s eta=303s
[1119/2000] v6-sup-02b6c156a3 minimal_judge reverse success=True rate=2.9/s eta=303s
[1120/2000] v6-sup-02b6c156a3 minimal_judge substitute success=True rate=2.9/s eta=303s
[1121/2000] v6-sup-02dddcd51f literal_evidence original success=True rate=2.9/s eta=302s
[1122/2000] v6-sup-02dddcd51f literal_evidence remove success=True rate=2.9/s eta=302s
[1123/2000] v6-sup-02dddcd51f literal_evidence reverse success=True rate=2.9/s eta=302s
[1124/2000] v6-sup-02dddcd51f literal_evidence substitute success=True rate=2.9/s eta=302s
[1125/2000] v6-sup-02dddcd51f skeptical_auditor original success=True rate=2.9/s eta=301s
[1126/2000] v6-sup-02dddcd51f skeptical_auditor remove success=True rate=2.9/s eta=301s
[1127/2000] v6-sup-02dddcd51f skeptical_auditor reverse success=True rate=2.9/s eta=301s
[1128/2000] v6-sup-02dddcd51f skeptical_auditor substitute success=True rate=2.9/s eta=300s
[1129/2000] v6-sup-02dddcd51f consistency_checker original success=True rate=2.9/s eta=300s
[1130/2000] v6-sup-02dddcd51f consistency_checker remove success=True rate=2.9/s eta=300s
[1131/2000] v6-sup-02dddcd51f consistency_checker reverse success=True rate=2.9/s eta=299s
[1132/2000] v6-sup-02dddcd51f consistency_checker substitute success=True rate=2.9/s eta=299s
[1133/2000] v6-sup-02dddcd51f counterfactual_reasoner original success=True rate=2.9/s eta=299s
[1134/2000] v6-sup-02dddcd51f counterfactual_reasoner remove success=True rate=2.9/s eta=298s
[1135/2000] v6-sup-02dddcd51f counterfactual_reasoner reverse success=True rate=2.9/s eta=298s
[1136/2000] v6-sup-02dddcd51f counterfactual_reasoner substitute success=True rate=2.9/s eta=298s
[1137/2000] v6-sup-02dddcd51f minimal_judge original success=True rate=2.9/s eta=298s
[1138/2000] v6-sup-02dddcd51f minimal_judge remove success=True rate=2.9/s eta=297s
[1139/2000] v6-sup-02dddcd51f minimal_judge reverse success=True rate=2.9/s eta=297s
[1140/2000] v6-sup-02dddcd51f minimal_judge substitute success=True rate=2.9/s eta=297s
[1141/2000] v6-sup-03311e472b literal_evidence original success=True rate=2.9/s eta=296s
[1142/2000] v6-sup-03311e472b literal_evidence remove success=True rate=2.9/s eta=296s
[1143/2000] v6-sup-03311e472b literal_evidence reverse success=True rate=2.9/s eta=296s
[1144/2000] v6-sup-03311e472b literal_evidence substitute success=True rate=2.9/s eta=295s
[1145/2000] v6-sup-03311e472b skeptical_auditor original success=True rate=2.9/s eta=295s
[1146/2000] v6-sup-03311e472b skeptical_auditor remove success=True rate=2.9/s eta=295s
[1147/2000] v6-sup-03311e472b skeptical_auditor reverse success=True rate=2.9/s eta=294s
[1148/2000] v6-sup-03311e472b skeptical_auditor substitute success=True rate=2.9/s eta=294s
[1149/2000] v6-sup-03311e472b consistency_checker original success=True rate=2.9/s eta=294s
[1150/2000] v6-sup-03311e472b consistency_checker remove success=True rate=2.9/s eta=293s
[1151/2000] v6-sup-03311e472b consistency_checker reverse success=True rate=2.9/s eta=293s
[1152/2000] v6-sup-03311e472b consistency_checker substitute success=True rate=2.9/s eta=293s
[1153/2000] v6-sup-03311e472b counterfactual_reasoner original success=True rate=2.9/s eta=293s
[1154/2000] v6-sup-03311e472b counterfactual_reasoner remove success=True rate=2.9/s eta=292s
[1155/2000] v6-sup-03311e472b counterfactual_reasoner reverse success=True rate=2.9/s eta=292s
[1156/2000] v6-sup-03311e472b counterfactual_reasoner substitute success=True rate=2.9/s eta=292s
[1157/2000] v6-sup-03311e472b minimal_judge original success=True rate=2.9/s eta=291s
[1158/2000] v6-sup-03311e472b minimal_judge remove success=True rate=2.9/s eta=291s
[1159/2000] v6-sup-03311e472b minimal_judge reverse success=True rate=2.9/s eta=291s
[1160/2000] v6-sup-03311e472b minimal_judge substitute success=True rate=2.9/s eta=290s
[1161/2000] v6-sup-0357b1ca06 literal_evidence original success=True rate=2.9/s eta=290s
[1162/2000] v6-sup-0357b1ca06 literal_evidence remove success=True rate=2.9/s eta=290s
[1163/2000] v6-sup-0357b1ca06 literal_evidence reverse success=True rate=2.9/s eta=289s
[1164/2000] v6-sup-0357b1ca06 literal_evidence substitute success=True rate=2.9/s eta=289s
[1165/2000] v6-sup-0357b1ca06 skeptical_auditor original success=True rate=2.9/s eta=289s
[1166/2000] v6-sup-0357b1ca06 skeptical_auditor remove success=True rate=2.9/s eta=289s
[1167/2000] v6-sup-0357b1ca06 skeptical_auditor reverse success=True rate=2.9/s eta=288s
[1168/2000] v6-sup-0357b1ca06 skeptical_auditor substitute success=True rate=2.9/s eta=288s
[1169/2000] v6-sup-0357b1ca06 consistency_checker original success=True rate=2.9/s eta=288s
[1170/2000] v6-sup-0357b1ca06 consistency_checker remove success=True rate=2.9/s eta=287s
[1171/2000] v6-sup-0357b1ca06 consistency_checker reverse success=True rate=2.9/s eta=287s
[1172/2000] v6-sup-0357b1ca06 consistency_checker substitute success=True rate=2.9/s eta=287s
[1173/2000] v6-sup-0357b1ca06 counterfactual_reasoner original success=True rate=2.9/s eta=286s
[1174/2000] v6-sup-0357b1ca06 counterfactual_reasoner remove success=True rate=2.9/s eta=286s
[1175/2000] v6-sup-0357b1ca06 counterfactual_reasoner reverse success=True rate=2.9/s eta=286s
[1176/2000] v6-sup-0357b1ca06 counterfactual_reasoner substitute success=True rate=2.9/s eta=285s
[1177/2000] v6-sup-0357b1ca06 minimal_judge original success=True rate=2.9/s eta=285s
[1178/2000] v6-sup-0357b1ca06 minimal_judge remove success=True rate=2.9/s eta=285s
[1179/2000] v6-sup-0357b1ca06 minimal_judge reverse success=True rate=2.9/s eta=285s
[1180/2000] v6-sup-0357b1ca06 minimal_judge substitute success=True rate=2.9/s eta=284s
[1181/2000] v6-sup-037414f812 literal_evidence original success=True rate=2.9/s eta=284s
[1182/2000] v6-sup-037414f812 literal_evidence remove success=True rate=2.9/s eta=284s
[1183/2000] v6-sup-037414f812 literal_evidence reverse success=True rate=2.9/s eta=283s
[1184/2000] v6-sup-037414f812 literal_evidence substitute success=True rate=2.9/s eta=283s
[1185/2000] v6-sup-037414f812 skeptical_auditor original success=True rate=2.9/s eta=283s
[1186/2000] v6-sup-037414f812 skeptical_auditor remove success=True rate=2.9/s eta=282s
[1187/2000] v6-sup-037414f812 skeptical_auditor reverse success=True rate=2.9/s eta=282s
[1188/2000] v6-sup-037414f812 skeptical_auditor substitute success=True rate=2.9/s eta=282s
[1189/2000] v6-sup-037414f812 consistency_checker original success=True rate=2.9/s eta=282s
[1190/2000] v6-sup-037414f812 consistency_checker remove success=True rate=2.9/s eta=281s
[1191/2000] v6-sup-037414f812 consistency_checker reverse success=True rate=2.9/s eta=281s
[1192/2000] v6-sup-037414f812 consistency_checker substitute success=True rate=2.9/s eta=281s
[1193/2000] v6-sup-037414f812 counterfactual_reasoner original success=True rate=2.9/s eta=280s
[1194/2000] v6-sup-037414f812 counterfactual_reasoner remove success=True rate=2.9/s eta=280s
[1195/2000] v6-sup-037414f812 counterfactual_reasoner reverse success=True rate=2.9/s eta=280s
[1196/2000] v6-sup-037414f812 counterfactual_reasoner substitute success=True rate=2.9/s eta=279s
[1197/2000] v6-sup-037414f812 minimal_judge original success=True rate=2.9/s eta=279s
[1198/2000] v6-sup-037414f812 minimal_judge remove success=True rate=2.9/s eta=279s
[1199/2000] v6-sup-037414f812 minimal_judge reverse success=True rate=2.9/s eta=278s
[1200/2000] v6-sup-037414f812 minimal_judge substitute success=True rate=2.9/s eta=278s
[1201/2000] v6-sup-03b9241529 literal_evidence original success=True rate=2.9/s eta=278s
[1202/2000] v6-sup-03b9241529 literal_evidence remove success=True rate=2.9/s eta=277s
[1203/2000] v6-sup-03b9241529 literal_evidence reverse success=True rate=2.9/s eta=277s
[1204/2000] v6-sup-03b9241529 literal_evidence substitute success=True rate=2.9/s eta=277s
[1205/2000] v6-sup-03b9241529 skeptical_auditor original success=True rate=2.9/s eta=276s
[1206/2000] v6-sup-03b9241529 skeptical_auditor remove success=True rate=2.9/s eta=276s
[1207/2000] v6-sup-03b9241529 skeptical_auditor reverse success=True rate=2.9/s eta=276s
[1208/2000] v6-sup-03b9241529 skeptical_auditor substitute success=True rate=2.9/s eta=275s
[1209/2000] v6-sup-03b9241529 consistency_checker original success=True rate=2.9/s eta=275s
[1210/2000] v6-sup-03b9241529 consistency_checker remove success=True rate=2.9/s eta=275s
[1211/2000] v6-sup-03b9241529 consistency_checker reverse success=True rate=2.9/s eta=274s
[1212/2000] v6-sup-03b9241529 consistency_checker substitute success=True rate=2.9/s eta=274s
[1213/2000] v6-sup-03b9241529 counterfactual_reasoner original success=True rate=2.9/s eta=274s
[1214/2000] v6-sup-03b9241529 counterfactual_reasoner remove success=True rate=2.9/s eta=273s
[1215/2000] v6-sup-03b9241529 counterfactual_reasoner reverse success=True rate=2.9/s eta=273s
[1216/2000] v6-sup-03b9241529 counterfactual_reasoner substitute success=True rate=2.9/s eta=273s
[1217/2000] v6-sup-03b9241529 minimal_judge original success=True rate=2.9/s eta=272s
[1218/2000] v6-sup-03b9241529 minimal_judge remove success=True rate=2.9/s eta=272s
[1219/2000] v6-sup-03b9241529 minimal_judge reverse success=True rate=2.9/s eta=272s
[1220/2000] v6-sup-03b9241529 minimal_judge substitute success=True rate=2.9/s eta=271s
[1221/2000] v6-sup-03c7f1b7e5 literal_evidence original success=True rate=2.9/s eta=271s
[1222/2000] v6-sup-03c7f1b7e5 literal_evidence remove success=True rate=2.9/s eta=271s
[1223/2000] v6-sup-03c7f1b7e5 literal_evidence reverse success=True rate=2.9/s eta=270s
[1224/2000] v6-sup-03c7f1b7e5 literal_evidence substitute success=True rate=2.9/s eta=270s
[1225/2000] v6-sup-03c7f1b7e5 skeptical_auditor original success=True rate=2.9/s eta=270s
[1226/2000] v6-sup-03c7f1b7e5 skeptical_auditor remove success=True rate=2.9/s eta=269s
[1227/2000] v6-sup-03c7f1b7e5 skeptical_auditor reverse success=True rate=2.9/s eta=269s
[1228/2000] v6-sup-03c7f1b7e5 skeptical_auditor substitute success=True rate=2.9/s eta=269s
[1229/2000] v6-sup-03c7f1b7e5 consistency_checker original success=True rate=2.9/s eta=268s
[1230/2000] v6-sup-03c7f1b7e5 consistency_checker remove success=True rate=2.9/s eta=268s
[1231/2000] v6-sup-03c7f1b7e5 consistency_checker reverse success=True rate=2.9/s eta=268s
[1232/2000] v6-sup-03c7f1b7e5 consistency_checker substitute success=True rate=2.9/s eta=267s
[1233/2000] v6-sup-03c7f1b7e5 counterfactual_reasoner original success=True rate=2.9/s eta=267s
[1234/2000] v6-sup-03c7f1b7e5 counterfactual_reasoner remove success=True rate=2.9/s eta=267s
[1235/2000] v6-sup-03c7f1b7e5 counterfactual_reasoner reverse success=True rate=2.9/s eta=266s
[1236/2000] v6-sup-03c7f1b7e5 counterfactual_reasoner substitute success=True rate=2.9/s eta=266s
[1237/2000] v6-sup-03c7f1b7e5 minimal_judge original success=True rate=2.9/s eta=266s
[1238/2000] v6-sup-03c7f1b7e5 minimal_judge remove success=True rate=2.9/s eta=265s
[1239/2000] v6-sup-03c7f1b7e5 minimal_judge reverse success=True rate=2.9/s eta=265s
[1240/2000] v6-sup-03c7f1b7e5 minimal_judge substitute success=True rate=2.9/s eta=265s
[1241/2000] v6-sup-03fbaf0f48 literal_evidence original success=True rate=2.9/s eta=264s
[1242/2000] v6-sup-03fbaf0f48 literal_evidence remove success=True rate=2.9/s eta=264s
[1243/2000] v6-sup-03fbaf0f48 literal_evidence reverse success=True rate=2.9/s eta=264s
[1244/2000] v6-sup-03fbaf0f48 literal_evidence substitute success=True rate=2.9/s eta=263s
[1245/2000] v6-sup-03fbaf0f48 skeptical_auditor original success=True rate=2.9/s eta=263s
[1246/2000] v6-sup-03fbaf0f48 skeptical_auditor remove success=True rate=2.9/s eta=263s
[1247/2000] v6-sup-03fbaf0f48 skeptical_auditor reverse success=True rate=2.9/s eta=262s
[1248/2000] v6-sup-03fbaf0f48 skeptical_auditor substitute success=True rate=2.9/s eta=262s
[1249/2000] v6-sup-03fbaf0f48 consistency_checker original success=True rate=2.9/s eta=262s
[1250/2000] v6-sup-03fbaf0f48 consistency_checker remove success=True rate=2.9/s eta=261s
[1251/2000] v6-sup-03fbaf0f48 consistency_checker reverse success=True rate=2.9/s eta=261s
[1252/2000] v6-sup-03fbaf0f48 consistency_checker substitute success=True rate=2.9/s eta=261s
[1253/2000] v6-sup-03fbaf0f48 counterfactual_reasoner original success=True rate=2.9/s eta=260s
[1254/2000] v6-sup-03fbaf0f48 counterfactual_reasoner remove success=True rate=2.9/s eta=260s
[1255/2000] v6-sup-03fbaf0f48 counterfactual_reasoner reverse success=True rate=2.9/s eta=260s
[1256/2000] v6-sup-03fbaf0f48 counterfactual_reasoner substitute success=True rate=2.9/s eta=260s
[1257/2000] v6-sup-03fbaf0f48 minimal_judge original success=True rate=2.9/s eta=259s
[1258/2000] v6-sup-03fbaf0f48 minimal_judge remove success=True rate=2.9/s eta=259s
[1259/2000] v6-sup-03fbaf0f48 minimal_judge reverse success=True rate=2.9/s eta=259s
[1260/2000] v6-sup-03fbaf0f48 minimal_judge substitute success=True rate=2.9/s eta=258s
[1261/2000] v6-sup-0416c5b208 literal_evidence original success=True rate=2.9/s eta=258s
[1262/2000] v6-sup-0416c5b208 literal_evidence remove success=True rate=2.9/s eta=258s
[1263/2000] v6-sup-0416c5b208 literal_evidence reverse success=True rate=2.9/s eta=257s
[1264/2000] v6-sup-0416c5b208 literal_evidence substitute success=True rate=2.9/s eta=257s
[1265/2000] v6-sup-0416c5b208 skeptical_auditor original success=True rate=2.9/s eta=257s
[1266/2000] v6-sup-0416c5b208 skeptical_auditor remove success=True rate=2.9/s eta=256s
[1267/2000] v6-sup-0416c5b208 skeptical_auditor reverse success=True rate=2.9/s eta=256s
[1268/2000] v6-sup-0416c5b208 skeptical_auditor substitute success=True rate=2.9/s eta=256s
[1269/2000] v6-sup-0416c5b208 consistency_checker original success=True rate=2.9/s eta=255s
[1270/2000] v6-sup-0416c5b208 consistency_checker remove success=True rate=2.9/s eta=255s
[1271/2000] v6-sup-0416c5b208 consistency_checker reverse success=True rate=2.9/s eta=255s
[1272/2000] v6-sup-0416c5b208 consistency_checker substitute success=True rate=2.9/s eta=254s
[1273/2000] v6-sup-0416c5b208 counterfactual_reasoner original success=True rate=2.9/s eta=254s
[1274/2000] v6-sup-0416c5b208 counterfactual_reasoner remove success=True rate=2.9/s eta=254s
[1275/2000] v6-sup-0416c5b208 counterfactual_reasoner reverse success=True rate=2.9/s eta=253s
[1276/2000] v6-sup-0416c5b208 counterfactual_reasoner substitute success=True rate=2.9/s eta=253s
[1277/2000] v6-sup-0416c5b208 minimal_judge original success=True rate=2.9/s eta=253s
[1278/2000] v6-sup-0416c5b208 minimal_judge remove success=True rate=2.9/s eta=252s
[1279/2000] v6-sup-0416c5b208 minimal_judge reverse success=True rate=2.9/s eta=252s
[1280/2000] v6-sup-0416c5b208 minimal_judge substitute success=True rate=2.9/s eta=252s
[1281/2000] v6-sup-0524e74af5 literal_evidence original success=True rate=2.9/s eta=251s
[1282/2000] v6-sup-0524e74af5 literal_evidence remove success=True rate=2.9/s eta=251s
[1283/2000] v6-sup-0524e74af5 literal_evidence reverse success=True rate=2.9/s eta=251s
[1284/2000] v6-sup-0524e74af5 literal_evidence substitute success=True rate=2.9/s eta=250s
[1285/2000] v6-sup-0524e74af5 skeptical_auditor original success=True rate=2.9/s eta=250s
[1286/2000] v6-sup-0524e74af5 skeptical_auditor remove success=True rate=2.9/s eta=250s
[1287/2000] v6-sup-0524e74af5 skeptical_auditor reverse success=True rate=2.9/s eta=250s
[1288/2000] v6-sup-0524e74af5 skeptical_auditor substitute success=True rate=2.9/s eta=249s
[1289/2000] v6-sup-0524e74af5 consistency_checker original success=True rate=2.9/s eta=249s
[1290/2000] v6-sup-0524e74af5 consistency_checker remove success=True rate=2.9/s eta=249s
[1291/2000] v6-sup-0524e74af5 consistency_checker reverse success=True rate=2.9/s eta=248s
[1292/2000] v6-sup-0524e74af5 consistency_checker substitute success=True rate=2.9/s eta=248s
[1293/2000] v6-sup-0524e74af5 counterfactual_reasoner original success=True rate=2.9/s eta=248s
[1294/2000] v6-sup-0524e74af5 counterfactual_reasoner remove success=True rate=2.9/s eta=247s
[1295/2000] v6-sup-0524e74af5 counterfactual_reasoner reverse success=True rate=2.9/s eta=247s
[1296/2000] v6-sup-0524e74af5 counterfactual_reasoner substitute success=True rate=2.9/s eta=247s
[1297/2000] v6-sup-0524e74af5 minimal_judge original success=True rate=2.9/s eta=246s
[1298/2000] v6-sup-0524e74af5 minimal_judge remove success=True rate=2.9/s eta=246s
[1299/2000] v6-sup-0524e74af5 minimal_judge reverse success=True rate=2.9/s eta=246s
[1300/2000] v6-sup-0524e74af5 minimal_judge substitute success=True rate=2.9/s eta=245s
[1301/2000] v6-sup-0569ae7a60 literal_evidence original success=True rate=2.9/s eta=245s
[1302/2000] v6-sup-0569ae7a60 literal_evidence remove success=True rate=2.9/s eta=245s
[1303/2000] v6-sup-0569ae7a60 literal_evidence reverse success=True rate=2.9/s eta=244s
[1304/2000] v6-sup-0569ae7a60 literal_evidence substitute success=True rate=2.9/s eta=244s
[1305/2000] v6-sup-0569ae7a60 skeptical_auditor original success=True rate=2.9/s eta=244s
[1306/2000] v6-sup-0569ae7a60 skeptical_auditor remove success=True rate=2.9/s eta=243s
[1307/2000] v6-sup-0569ae7a60 skeptical_auditor reverse success=True rate=2.9/s eta=243s
[1308/2000] v6-sup-0569ae7a60 skeptical_auditor substitute success=True rate=2.9/s eta=243s
[1309/2000] v6-sup-0569ae7a60 consistency_checker original success=True rate=2.9/s eta=242s
[1310/2000] v6-sup-0569ae7a60 consistency_checker remove success=True rate=2.9/s eta=242s
[1311/2000] v6-sup-0569ae7a60 consistency_checker reverse success=True rate=2.9/s eta=241s
[1312/2000] v6-sup-0569ae7a60 consistency_checker substitute success=True rate=2.9/s eta=241s
[1313/2000] v6-sup-0569ae7a60 counterfactual_reasoner original success=True rate=2.9/s eta=241s
[1314/2000] v6-sup-0569ae7a60 counterfactual_reasoner remove success=True rate=2.9/s eta=240s
[1315/2000] v6-sup-0569ae7a60 counterfactual_reasoner reverse success=True rate=2.9/s eta=240s
[1316/2000] v6-sup-0569ae7a60 counterfactual_reasoner substitute success=True rate=2.9/s eta=240s
[1317/2000] v6-sup-0569ae7a60 minimal_judge original success=True rate=2.9/s eta=240s
[1318/2000] v6-sup-0569ae7a60 minimal_judge remove success=True rate=2.9/s eta=239s
[1319/2000] v6-sup-0569ae7a60 minimal_judge reverse success=True rate=2.9/s eta=239s
[1320/2000] v6-sup-0569ae7a60 minimal_judge substitute success=True rate=2.9/s eta=238s
[1321/2000] v6-sup-05d1983ba0 literal_evidence original success=True rate=2.9/s eta=238s
[1322/2000] v6-sup-05d1983ba0 literal_evidence remove success=True rate=2.9/s eta=238s
[1323/2000] v6-sup-05d1983ba0 literal_evidence reverse success=True rate=2.9/s eta=237s
[1324/2000] v6-sup-05d1983ba0 literal_evidence substitute success=True rate=2.9/s eta=237s
[1325/2000] v6-sup-05d1983ba0 skeptical_auditor original success=True rate=2.9/s eta=237s
[1326/2000] v6-sup-05d1983ba0 skeptical_auditor remove success=True rate=2.9/s eta=236s
[1327/2000] v6-sup-05d1983ba0 skeptical_auditor reverse success=True rate=2.9/s eta=236s
[1328/2000] v6-sup-05d1983ba0 skeptical_auditor substitute success=True rate=2.9/s eta=236s
[1329/2000] v6-sup-05d1983ba0 consistency_checker original success=True rate=2.8/s eta=235s
[1330/2000] v6-sup-05d1983ba0 consistency_checker remove success=True rate=2.9/s eta=235s
[1331/2000] v6-sup-05d1983ba0 consistency_checker reverse success=True rate=2.8/s eta=235s
[1332/2000] v6-sup-05d1983ba0 consistency_checker substitute success=True rate=2.8/s eta=234s
[1333/2000] v6-sup-05d1983ba0 counterfactual_reasoner original success=True rate=2.8/s eta=234s
[1334/2000] v6-sup-05d1983ba0 counterfactual_reasoner remove success=True rate=2.8/s eta=234s
[1335/2000] v6-sup-05d1983ba0 counterfactual_reasoner reverse success=True rate=2.8/s eta=233s
[1336/2000] v6-sup-05d1983ba0 counterfactual_reasoner substitute success=True rate=2.8/s eta=233s
[1337/2000] v6-sup-05d1983ba0 minimal_judge original success=True rate=2.8/s eta=233s
[1338/2000] v6-sup-05d1983ba0 minimal_judge remove success=True rate=2.8/s eta=232s
[1339/2000] v6-sup-05d1983ba0 minimal_judge reverse success=True rate=2.8/s eta=232s
[1340/2000] v6-sup-05d1983ba0 minimal_judge substitute success=True rate=2.8/s eta=232s
[1341/2000] v6-sup-0637cc2972 literal_evidence original success=True rate=2.8/s eta=231s
[1342/2000] v6-sup-0637cc2972 literal_evidence remove success=True rate=2.8/s eta=231s
[1343/2000] v6-sup-0637cc2972 literal_evidence reverse success=True rate=2.8/s eta=231s
[1344/2000] v6-sup-0637cc2972 literal_evidence substitute success=True rate=2.8/s eta=230s
[1345/2000] v6-sup-0637cc2972 skeptical_auditor original success=True rate=2.8/s eta=230s
[1346/2000] v6-sup-0637cc2972 skeptical_auditor remove success=True rate=2.8/s eta=230s
[1347/2000] v6-sup-0637cc2972 skeptical_auditor reverse success=True rate=2.8/s eta=229s
[1348/2000] v6-sup-0637cc2972 skeptical_auditor substitute success=True rate=2.8/s eta=229s
[1349/2000] v6-sup-0637cc2972 consistency_checker original success=True rate=2.8/s eta=229s
[1350/2000] v6-sup-0637cc2972 consistency_checker remove success=True rate=2.8/s eta=228s
[1351/2000] v6-sup-0637cc2972 consistency_checker reverse success=True rate=2.8/s eta=228s
[1352/2000] v6-sup-0637cc2972 consistency_checker substitute success=True rate=2.8/s eta=228s
[1353/2000] v6-sup-0637cc2972 counterfactual_reasoner original success=True rate=2.8/s eta=227s
[1354/2000] v6-sup-0637cc2972 counterfactual_reasoner remove success=True rate=2.8/s eta=227s
[1355/2000] v6-sup-0637cc2972 counterfactual_reasoner reverse success=True rate=2.8/s eta=227s
[1356/2000] v6-sup-0637cc2972 counterfactual_reasoner substitute success=True rate=2.8/s eta=226s
[1357/2000] v6-sup-0637cc2972 minimal_judge original success=True rate=2.8/s eta=226s
[1358/2000] v6-sup-0637cc2972 minimal_judge remove success=True rate=2.8/s eta=226s
[1359/2000] v6-sup-0637cc2972 minimal_judge reverse success=True rate=2.8/s eta=225s
[1360/2000] v6-sup-0637cc2972 minimal_judge substitute success=True rate=2.8/s eta=225s
[1361/2000] v6-sup-06c108ea55 literal_evidence original success=True rate=2.8/s eta=225s
[1362/2000] v6-sup-06c108ea55 literal_evidence remove success=True rate=2.8/s eta=224s
[1363/2000] v6-sup-06c108ea55 literal_evidence reverse success=True rate=2.8/s eta=224s
[1364/2000] v6-sup-06c108ea55 literal_evidence substitute success=True rate=2.8/s eta=223s
[1365/2000] v6-sup-06c108ea55 skeptical_auditor original success=True rate=2.8/s eta=223s
[1366/2000] v6-sup-06c108ea55 skeptical_auditor remove success=True rate=2.8/s eta=223s
[1367/2000] v6-sup-06c108ea55 skeptical_auditor reverse success=True rate=2.8/s eta=222s
[1368/2000] v6-sup-06c108ea55 skeptical_auditor substitute success=True rate=2.8/s eta=222s
[1369/2000] v6-sup-06c108ea55 consistency_checker original success=True rate=2.8/s eta=222s
[1370/2000] v6-sup-06c108ea55 consistency_checker remove success=True rate=2.8/s eta=221s
[1371/2000] v6-sup-06c108ea55 consistency_checker reverse success=True rate=2.8/s eta=221s
[1372/2000] v6-sup-06c108ea55 consistency_checker substitute success=True rate=2.8/s eta=221s
[1373/2000] v6-sup-06c108ea55 counterfactual_reasoner original success=True rate=2.8/s eta=220s
[1374/2000] v6-sup-06c108ea55 counterfactual_reasoner remove success=True rate=2.8/s eta=220s
[1375/2000] v6-sup-06c108ea55 counterfactual_reasoner reverse success=True rate=2.8/s eta=220s
[1376/2000] v6-sup-06c108ea55 counterfactual_reasoner substitute success=True rate=2.8/s eta=219s
[1377/2000] v6-sup-06c108ea55 minimal_judge original success=True rate=2.8/s eta=219s
[1378/2000] v6-sup-06c108ea55 minimal_judge remove success=True rate=2.8/s eta=218s
[1379/2000] v6-sup-06c108ea55 minimal_judge reverse success=True rate=2.8/s eta=218s
[1380/2000] v6-sup-06c108ea55 minimal_judge substitute success=True rate=2.8/s eta=218s
[1381/2000] v6-sup-06c6249d34 literal_evidence original success=True rate=2.8/s eta=217s
[1382/2000] v6-sup-06c6249d34 literal_evidence remove success=True rate=2.8/s eta=217s
[1383/2000] v6-sup-06c6249d34 literal_evidence reverse success=True rate=2.8/s eta=217s
[1384/2000] v6-sup-06c6249d34 literal_evidence substitute success=True rate=2.8/s eta=216s
[1385/2000] v6-sup-06c6249d34 skeptical_auditor original success=True rate=2.8/s eta=216s
[1386/2000] v6-sup-06c6249d34 skeptical_auditor remove success=True rate=2.8/s eta=216s
[1387/2000] v6-sup-06c6249d34 skeptical_auditor reverse success=True rate=2.8/s eta=215s
[1388/2000] v6-sup-06c6249d34 skeptical_auditor substitute success=True rate=2.8/s eta=215s
[1389/2000] v6-sup-06c6249d34 consistency_checker original success=True rate=2.8/s eta=215s
[1390/2000] v6-sup-06c6249d34 consistency_checker remove success=True rate=2.8/s eta=214s
[1391/2000] v6-sup-06c6249d34 consistency_checker reverse success=True rate=2.8/s eta=214s
[1392/2000] v6-sup-06c6249d34 consistency_checker substitute success=True rate=2.8/s eta=214s
[1393/2000] v6-sup-06c6249d34 counterfactual_reasoner original success=True rate=2.8/s eta=213s
[1394/2000] v6-sup-06c6249d34 counterfactual_reasoner remove success=True rate=2.8/s eta=213s
[1395/2000] v6-sup-06c6249d34 counterfactual_reasoner reverse success=True rate=2.8/s eta=213s
[1396/2000] v6-sup-06c6249d34 counterfactual_reasoner substitute success=True rate=2.8/s eta=212s
[1397/2000] v6-sup-06c6249d34 minimal_judge original success=True rate=2.8/s eta=212s
[1398/2000] v6-sup-06c6249d34 minimal_judge remove success=True rate=2.8/s eta=212s
[1399/2000] v6-sup-06c6249d34 minimal_judge reverse success=True rate=2.8/s eta=211s
[1400/2000] v6-sup-06c6249d34 minimal_judge substitute success=True rate=2.8/s eta=211s
[1401/2000] v6-sup-06cb30034b literal_evidence original success=True rate=2.8/s eta=211s
[1402/2000] v6-sup-06cb30034b literal_evidence remove success=True rate=2.8/s eta=210s
[1403/2000] v6-sup-06cb30034b literal_evidence reverse success=True rate=2.8/s eta=210s
[1404/2000] v6-sup-06cb30034b literal_evidence substitute success=True rate=2.8/s eta=210s
[1405/2000] v6-sup-06cb30034b skeptical_auditor original success=True rate=2.8/s eta=209s
[1406/2000] v6-sup-06cb30034b skeptical_auditor remove success=True rate=2.8/s eta=209s
[1407/2000] v6-sup-06cb30034b skeptical_auditor reverse success=True rate=2.8/s eta=209s
[1408/2000] v6-sup-06cb30034b skeptical_auditor substitute success=True rate=2.8/s eta=208s
[1409/2000] v6-sup-06cb30034b consistency_checker original success=True rate=2.8/s eta=208s
[1410/2000] v6-sup-06cb30034b consistency_checker remove success=True rate=2.8/s eta=208s
[1411/2000] v6-sup-06cb30034b consistency_checker reverse success=True rate=2.8/s eta=207s
[1412/2000] v6-sup-06cb30034b consistency_checker substitute success=True rate=2.8/s eta=207s
[1413/2000] v6-sup-06cb30034b counterfactual_reasoner original success=True rate=2.8/s eta=207s
[1414/2000] v6-sup-06cb30034b counterfactual_reasoner remove success=True rate=2.8/s eta=206s
[1415/2000] v6-sup-06cb30034b counterfactual_reasoner reverse success=True rate=2.8/s eta=206s
[1416/2000] v6-sup-06cb30034b counterfactual_reasoner substitute success=True rate=2.8/s eta=206s
[1417/2000] v6-sup-06cb30034b minimal_judge original success=True rate=2.8/s eta=205s
[1418/2000] v6-sup-06cb30034b minimal_judge remove success=True rate=2.8/s eta=205s
[1419/2000] v6-sup-06cb30034b minimal_judge reverse success=True rate=2.8/s eta=204s
[1420/2000] v6-sup-06cb30034b minimal_judge substitute success=True rate=2.8/s eta=204s
[1421/2000] v6-sup-06e4594dea literal_evidence original success=True rate=2.8/s eta=204s
[1422/2000] v6-sup-06e4594dea literal_evidence remove success=True rate=2.8/s eta=203s
[1423/2000] v6-sup-06e4594dea literal_evidence reverse success=True rate=2.8/s eta=203s
[1424/2000] v6-sup-06e4594dea literal_evidence substitute success=True rate=2.8/s eta=203s
[1425/2000] v6-sup-06e4594dea skeptical_auditor original success=True rate=2.8/s eta=202s
[1426/2000] v6-sup-06e4594dea skeptical_auditor remove success=True rate=2.8/s eta=202s
[1427/2000] v6-sup-06e4594dea skeptical_auditor reverse success=True rate=2.8/s eta=202s
[1428/2000] v6-sup-06e4594dea skeptical_auditor substitute success=True rate=2.8/s eta=201s
[1429/2000] v6-sup-06e4594dea consistency_checker original success=True rate=2.8/s eta=201s
[1430/2000] v6-sup-06e4594dea consistency_checker remove success=True rate=2.8/s eta=201s
[1431/2000] v6-sup-06e4594dea consistency_checker reverse success=True rate=2.8/s eta=200s
[1432/2000] v6-sup-06e4594dea consistency_checker substitute success=True rate=2.8/s eta=200s
[1433/2000] v6-sup-06e4594dea counterfactual_reasoner original success=True rate=2.8/s eta=200s
[1434/2000] v6-sup-06e4594dea counterfactual_reasoner remove success=True rate=2.8/s eta=199s
[1435/2000] v6-sup-06e4594dea counterfactual_reasoner reverse success=True rate=2.8/s eta=199s
[1436/2000] v6-sup-06e4594dea counterfactual_reasoner substitute success=True rate=2.8/s eta=199s
[1437/2000] v6-sup-06e4594dea minimal_judge original success=True rate=2.8/s eta=198s
[1438/2000] v6-sup-06e4594dea minimal_judge remove success=True rate=2.8/s eta=198s
[1439/2000] v6-sup-06e4594dea minimal_judge reverse success=True rate=2.8/s eta=198s
[1440/2000] v6-sup-06e4594dea minimal_judge substitute success=True rate=2.8/s eta=197s
[1441/2000] v6-sup-072893b4a3 literal_evidence original success=True rate=2.8/s eta=197s
[1442/2000] v6-sup-072893b4a3 literal_evidence remove success=True rate=2.8/s eta=197s
[1443/2000] v6-sup-072893b4a3 literal_evidence reverse success=True rate=2.8/s eta=196s
[1444/2000] v6-sup-072893b4a3 literal_evidence substitute success=True rate=2.8/s eta=196s
[1445/2000] v6-sup-072893b4a3 skeptical_auditor original success=True rate=2.8/s eta=196s
[1446/2000] v6-sup-072893b4a3 skeptical_auditor remove success=True rate=2.8/s eta=195s
[1447/2000] v6-sup-072893b4a3 skeptical_auditor reverse success=True rate=2.8/s eta=195s
[1448/2000] v6-sup-072893b4a3 skeptical_auditor substitute success=True rate=2.8/s eta=195s
[1449/2000] v6-sup-072893b4a3 consistency_checker original success=True rate=2.8/s eta=194s
[1450/2000] v6-sup-072893b4a3 consistency_checker remove success=True rate=2.8/s eta=194s
[1451/2000] v6-sup-072893b4a3 consistency_checker reverse success=True rate=2.8/s eta=193s
[1452/2000] v6-sup-072893b4a3 consistency_checker substitute success=True rate=2.8/s eta=193s
[1453/2000] v6-sup-072893b4a3 counterfactual_reasoner original success=True rate=2.8/s eta=193s
[1454/2000] v6-sup-072893b4a3 counterfactual_reasoner remove success=True rate=2.8/s eta=192s
[1455/2000] v6-sup-072893b4a3 counterfactual_reasoner reverse success=True rate=2.8/s eta=192s
[1456/2000] v6-sup-072893b4a3 counterfactual_reasoner substitute success=True rate=2.8/s eta=192s
[1457/2000] v6-sup-072893b4a3 minimal_judge original success=True rate=2.8/s eta=191s
[1458/2000] v6-sup-072893b4a3 minimal_judge remove success=True rate=2.8/s eta=191s
[1459/2000] v6-sup-072893b4a3 minimal_judge reverse success=True rate=2.8/s eta=191s
[1460/2000] v6-sup-072893b4a3 minimal_judge substitute success=True rate=2.8/s eta=190s
[1461/2000] v6-sup-08708eb990 literal_evidence original success=True rate=2.8/s eta=190s
[1462/2000] v6-sup-08708eb990 literal_evidence remove success=True rate=2.8/s eta=190s
[1463/2000] v6-sup-08708eb990 literal_evidence reverse success=True rate=2.8/s eta=189s
[1464/2000] v6-sup-08708eb990 literal_evidence substitute success=True rate=2.8/s eta=189s
[1465/2000] v6-sup-08708eb990 skeptical_auditor original success=True rate=2.8/s eta=189s
[1466/2000] v6-sup-08708eb990 skeptical_auditor remove success=True rate=2.8/s eta=188s
[1467/2000] v6-sup-08708eb990 skeptical_auditor reverse success=True rate=2.8/s eta=188s
[1468/2000] v6-sup-08708eb990 skeptical_auditor substitute success=True rate=2.8/s eta=188s
[1469/2000] v6-sup-08708eb990 consistency_checker original success=True rate=2.8/s eta=187s
[1470/2000] v6-sup-08708eb990 consistency_checker remove success=True rate=2.8/s eta=187s
[1471/2000] v6-sup-08708eb990 consistency_checker reverse success=True rate=2.8/s eta=187s
[1472/2000] v6-sup-08708eb990 consistency_checker substitute success=True rate=2.8/s eta=186s
[1473/2000] v6-sup-08708eb990 counterfactual_reasoner original success=True rate=2.8/s eta=186s
[1474/2000] v6-sup-08708eb990 counterfactual_reasoner remove success=True rate=2.8/s eta=185s
[1475/2000] v6-sup-08708eb990 counterfactual_reasoner reverse success=True rate=2.8/s eta=185s
[1476/2000] v6-sup-08708eb990 counterfactual_reasoner substitute success=True rate=2.8/s eta=185s
[1477/2000] v6-sup-08708eb990 minimal_judge original success=True rate=2.8/s eta=184s
[1478/2000] v6-sup-08708eb990 minimal_judge remove success=True rate=2.8/s eta=184s
[1479/2000] v6-sup-08708eb990 minimal_judge reverse success=True rate=2.8/s eta=184s
[1480/2000] v6-sup-08708eb990 minimal_judge substitute success=True rate=2.8/s eta=183s
[1481/2000] v6-sup-0877c06a53 literal_evidence original success=True rate=2.8/s eta=183s
[1482/2000] v6-sup-0877c06a53 literal_evidence remove success=True rate=2.8/s eta=183s
[1483/2000] v6-sup-0877c06a53 literal_evidence reverse success=True rate=2.8/s eta=182s
[1484/2000] v6-sup-0877c06a53 literal_evidence substitute success=True rate=2.8/s eta=182s
[1485/2000] v6-sup-0877c06a53 skeptical_auditor original success=True rate=2.8/s eta=182s
[1486/2000] v6-sup-0877c06a53 skeptical_auditor remove success=True rate=2.8/s eta=181s
[1487/2000] v6-sup-0877c06a53 skeptical_auditor reverse success=True rate=2.8/s eta=181s
[1488/2000] v6-sup-0877c06a53 skeptical_auditor substitute success=True rate=2.8/s eta=181s
[1489/2000] v6-sup-0877c06a53 consistency_checker original success=True rate=2.8/s eta=180s
[1490/2000] v6-sup-0877c06a53 consistency_checker remove success=True rate=2.8/s eta=180s
[1491/2000] v6-sup-0877c06a53 consistency_checker reverse success=True rate=2.8/s eta=180s
[1492/2000] v6-sup-0877c06a53 consistency_checker substitute success=True rate=2.8/s eta=179s
[1493/2000] v6-sup-0877c06a53 counterfactual_reasoner original success=True rate=2.8/s eta=179s
[1494/2000] v6-sup-0877c06a53 counterfactual_reasoner remove success=True rate=2.8/s eta=179s
[1495/2000] v6-sup-0877c06a53 counterfactual_reasoner reverse success=True rate=2.8/s eta=178s
[1496/2000] v6-sup-0877c06a53 counterfactual_reasoner substitute success=True rate=2.8/s eta=178s
[1497/2000] v6-sup-0877c06a53 minimal_judge original success=True rate=2.8/s eta=178s
[1498/2000] v6-sup-0877c06a53 minimal_judge remove success=True rate=2.8/s eta=177s
[1499/2000] v6-sup-0877c06a53 minimal_judge reverse success=True rate=2.8/s eta=177s
[1500/2000] v6-sup-0877c06a53 minimal_judge substitute success=True rate=2.8/s eta=177s
[1501/2000] v6-sup-088ed31802 literal_evidence original success=True rate=2.8/s eta=176s
[1502/2000] v6-sup-088ed31802 literal_evidence remove success=True rate=2.8/s eta=176s
[1503/2000] v6-sup-088ed31802 literal_evidence reverse success=True rate=2.8/s eta=176s
[1504/2000] v6-sup-088ed31802 literal_evidence substitute success=True rate=2.8/s eta=175s
[1505/2000] v6-sup-088ed31802 skeptical_auditor original success=True rate=2.8/s eta=175s
[1506/2000] v6-sup-088ed31802 skeptical_auditor remove success=True rate=2.8/s eta=174s
[1507/2000] v6-sup-088ed31802 skeptical_auditor reverse success=True rate=2.8/s eta=174s
[1508/2000] v6-sup-088ed31802 skeptical_auditor substitute success=True rate=2.8/s eta=174s
[1509/2000] v6-sup-088ed31802 consistency_checker original success=True rate=2.8/s eta=173s
[1510/2000] v6-sup-088ed31802 consistency_checker remove success=True rate=2.8/s eta=173s
[1511/2000] v6-sup-088ed31802 consistency_checker reverse success=True rate=2.8/s eta=173s
[1512/2000] v6-sup-088ed31802 consistency_checker substitute success=True rate=2.8/s eta=172s
[1513/2000] v6-sup-088ed31802 counterfactual_reasoner original success=True rate=2.8/s eta=172s
[1514/2000] v6-sup-088ed31802 counterfactual_reasoner remove success=True rate=2.8/s eta=172s
[1515/2000] v6-sup-088ed31802 counterfactual_reasoner reverse success=True rate=2.8/s eta=171s
[1516/2000] v6-sup-088ed31802 counterfactual_reasoner substitute success=True rate=2.8/s eta=171s
[1517/2000] v6-sup-088ed31802 minimal_judge original success=True rate=2.8/s eta=171s
[1518/2000] v6-sup-088ed31802 minimal_judge remove success=True rate=2.8/s eta=170s
[1519/2000] v6-sup-088ed31802 minimal_judge reverse success=True rate=2.8/s eta=170s
[1520/2000] v6-sup-088ed31802 minimal_judge substitute success=True rate=2.8/s eta=170s
[1521/2000] v6-sup-08ae4062d8 literal_evidence original success=True rate=2.8/s eta=169s
[1522/2000] v6-sup-08ae4062d8 literal_evidence remove success=True rate=2.8/s eta=169s
[1523/2000] v6-sup-08ae4062d8 literal_evidence reverse success=True rate=2.8/s eta=169s
[1524/2000] v6-sup-08ae4062d8 literal_evidence substitute success=True rate=2.8/s eta=168s
[1525/2000] v6-sup-08ae4062d8 skeptical_auditor original success=True rate=2.8/s eta=168s
[1526/2000] v6-sup-08ae4062d8 skeptical_auditor remove success=True rate=2.8/s eta=168s
[1527/2000] v6-sup-08ae4062d8 skeptical_auditor reverse success=True rate=2.8/s eta=167s
[1528/2000] v6-sup-08ae4062d8 skeptical_auditor substitute success=True rate=2.8/s eta=167s
[1529/2000] v6-sup-08ae4062d8 consistency_checker original success=True rate=2.8/s eta=166s
[1530/2000] v6-sup-08ae4062d8 consistency_checker remove success=True rate=2.8/s eta=166s
[1531/2000] v6-sup-08ae4062d8 consistency_checker reverse success=True rate=2.8/s eta=166s
[1532/2000] v6-sup-08ae4062d8 consistency_checker substitute success=True rate=2.8/s eta=165s
[1533/2000] v6-sup-08ae4062d8 counterfactual_reasoner original success=True rate=2.8/s eta=165s
[1534/2000] v6-sup-08ae4062d8 counterfactual_reasoner remove success=True rate=2.8/s eta=165s
[1535/2000] v6-sup-08ae4062d8 counterfactual_reasoner reverse success=True rate=2.8/s eta=164s
[1536/2000] v6-sup-08ae4062d8 counterfactual_reasoner substitute success=True rate=2.8/s eta=164s
[1537/2000] v6-sup-08ae4062d8 minimal_judge original success=True rate=2.8/s eta=164s
[1538/2000] v6-sup-08ae4062d8 minimal_judge remove success=True rate=2.8/s eta=163s
[1539/2000] v6-sup-08ae4062d8 minimal_judge reverse success=True rate=2.8/s eta=163s
[1540/2000] v6-sup-08ae4062d8 minimal_judge substitute success=True rate=2.8/s eta=163s
[1541/2000] v6-sup-08dcad3d82 literal_evidence original success=True rate=2.8/s eta=162s
[1542/2000] v6-sup-08dcad3d82 literal_evidence remove success=True rate=2.8/s eta=162s
[1543/2000] v6-sup-08dcad3d82 literal_evidence reverse success=True rate=2.8/s eta=162s
[1544/2000] v6-sup-08dcad3d82 literal_evidence substitute success=True rate=2.8/s eta=161s
[1545/2000] v6-sup-08dcad3d82 skeptical_auditor original success=True rate=2.8/s eta=161s
[1546/2000] v6-sup-08dcad3d82 skeptical_auditor remove success=True rate=2.8/s eta=161s
[1547/2000] v6-sup-08dcad3d82 skeptical_auditor reverse success=True rate=2.8/s eta=160s
[1548/2000] v6-sup-08dcad3d82 skeptical_auditor substitute success=True rate=2.8/s eta=160s
[1549/2000] v6-sup-08dcad3d82 consistency_checker original success=True rate=2.8/s eta=160s
[1550/2000] v6-sup-08dcad3d82 consistency_checker remove success=True rate=2.8/s eta=159s
[1551/2000] v6-sup-08dcad3d82 consistency_checker reverse success=True rate=2.8/s eta=159s
[1552/2000] v6-sup-08dcad3d82 consistency_checker substitute success=True rate=2.8/s eta=159s
[1553/2000] v6-sup-08dcad3d82 counterfactual_reasoner original success=True rate=2.8/s eta=158s
[1554/2000] v6-sup-08dcad3d82 counterfactual_reasoner remove success=True rate=2.8/s eta=158s
[1555/2000] v6-sup-08dcad3d82 counterfactual_reasoner reverse success=True rate=2.8/s eta=158s
[1556/2000] v6-sup-08dcad3d82 counterfactual_reasoner substitute success=True rate=2.8/s eta=157s
[1557/2000] v6-sup-08dcad3d82 minimal_judge original success=True rate=2.8/s eta=157s
[1558/2000] v6-sup-08dcad3d82 minimal_judge remove success=True rate=2.8/s eta=157s
[1559/2000] v6-sup-08dcad3d82 minimal_judge reverse success=True rate=2.8/s eta=156s
[1560/2000] v6-sup-08dcad3d82 minimal_judge substitute success=True rate=2.8/s eta=156s
[1561/2000] v6-sup-09297a4ded literal_evidence original success=True rate=2.8/s eta=156s
[1562/2000] v6-sup-09297a4ded literal_evidence remove success=True rate=2.8/s eta=155s
[1563/2000] v6-sup-09297a4ded literal_evidence reverse success=True rate=2.8/s eta=155s
[1564/2000] v6-sup-09297a4ded literal_evidence substitute success=True rate=2.8/s eta=154s
[1565/2000] v6-sup-09297a4ded skeptical_auditor original success=True rate=2.8/s eta=154s
[1566/2000] v6-sup-09297a4ded skeptical_auditor remove success=True rate=2.8/s eta=154s
[1567/2000] v6-sup-09297a4ded skeptical_auditor reverse success=True rate=2.8/s eta=153s
[1568/2000] v6-sup-09297a4ded skeptical_auditor substitute success=True rate=2.8/s eta=153s
[1569/2000] v6-sup-09297a4ded consistency_checker original success=True rate=2.8/s eta=153s
[1570/2000] v6-sup-09297a4ded consistency_checker remove success=True rate=2.8/s eta=152s
[1571/2000] v6-sup-09297a4ded consistency_checker reverse success=True rate=2.8/s eta=152s
[1572/2000] v6-sup-09297a4ded consistency_checker substitute success=True rate=2.8/s eta=152s
[1573/2000] v6-sup-09297a4ded counterfactual_reasoner original success=True rate=2.8/s eta=151s
[1574/2000] v6-sup-09297a4ded counterfactual_reasoner remove success=True rate=2.8/s eta=151s
[1575/2000] v6-sup-09297a4ded counterfactual_reasoner reverse success=True rate=2.8/s eta=151s
[1576/2000] v6-sup-09297a4ded counterfactual_reasoner substitute success=True rate=2.8/s eta=150s
[1577/2000] v6-sup-09297a4ded minimal_judge original success=True rate=2.8/s eta=150s
[1578/2000] v6-sup-09297a4ded minimal_judge remove success=True rate=2.8/s eta=150s
[1579/2000] v6-sup-09297a4ded minimal_judge reverse success=True rate=2.8/s eta=149s
[1580/2000] v6-sup-09297a4ded minimal_judge substitute success=True rate=2.8/s eta=149s
[1581/2000] v6-sup-09bf92fcf8 literal_evidence original success=True rate=2.8/s eta=149s
[1582/2000] v6-sup-09bf92fcf8 literal_evidence remove success=True rate=2.8/s eta=148s
[1583/2000] v6-sup-09bf92fcf8 literal_evidence reverse success=True rate=2.8/s eta=148s
[1584/2000] v6-sup-09bf92fcf8 literal_evidence substitute success=True rate=2.8/s eta=148s
[1585/2000] v6-sup-09bf92fcf8 skeptical_auditor original success=True rate=2.8/s eta=147s
[1586/2000] v6-sup-09bf92fcf8 skeptical_auditor remove success=True rate=2.8/s eta=147s
[1587/2000] v6-sup-09bf92fcf8 skeptical_auditor reverse success=True rate=2.8/s eta=147s
[1588/2000] v6-sup-09bf92fcf8 skeptical_auditor substitute success=True rate=2.8/s eta=146s
[1589/2000] v6-sup-09bf92fcf8 consistency_checker original success=True rate=2.8/s eta=146s
[1590/2000] v6-sup-09bf92fcf8 consistency_checker remove success=True rate=2.8/s eta=146s
[1591/2000] v6-sup-09bf92fcf8 consistency_checker reverse success=True rate=2.8/s eta=145s
[1592/2000] v6-sup-09bf92fcf8 consistency_checker substitute success=True rate=2.8/s eta=145s
[1593/2000] v6-sup-09bf92fcf8 counterfactual_reasoner original success=True rate=2.8/s eta=145s
[1594/2000] v6-sup-09bf92fcf8 counterfactual_reasoner remove success=True rate=2.8/s eta=144s
[1595/2000] v6-sup-09bf92fcf8 counterfactual_reasoner reverse success=True rate=2.8/s eta=144s
[1596/2000] v6-sup-09bf92fcf8 counterfactual_reasoner substitute success=True rate=2.8/s eta=144s
[1597/2000] v6-sup-09bf92fcf8 minimal_judge original success=True rate=2.8/s eta=143s
[1598/2000] v6-sup-09bf92fcf8 minimal_judge remove success=True rate=2.8/s eta=143s
[1599/2000] v6-sup-09bf92fcf8 minimal_judge reverse success=True rate=2.8/s eta=142s
[1600/2000] v6-sup-09bf92fcf8 minimal_judge substitute success=True rate=2.8/s eta=142s
[1601/2000] v6-sup-09c5640b87 literal_evidence original success=True rate=2.8/s eta=142s
[1602/2000] v6-sup-09c5640b87 literal_evidence remove success=True rate=2.8/s eta=141s
[1603/2000] v6-sup-09c5640b87 literal_evidence reverse success=True rate=2.8/s eta=141s
[1604/2000] v6-sup-09c5640b87 literal_evidence substitute success=True rate=2.8/s eta=141s
[1605/2000] v6-sup-09c5640b87 skeptical_auditor original success=True rate=2.8/s eta=140s
[1606/2000] v6-sup-09c5640b87 skeptical_auditor remove success=True rate=2.8/s eta=140s
[1607/2000] v6-sup-09c5640b87 skeptical_auditor reverse success=True rate=2.8/s eta=140s
[1608/2000] v6-sup-09c5640b87 skeptical_auditor substitute success=True rate=2.8/s eta=139s
[1609/2000] v6-sup-09c5640b87 consistency_checker original success=True rate=2.8/s eta=139s
[1610/2000] v6-sup-09c5640b87 consistency_checker remove success=True rate=2.8/s eta=139s
[1611/2000] v6-sup-09c5640b87 consistency_checker reverse success=True rate=2.8/s eta=138s
[1612/2000] v6-sup-09c5640b87 consistency_checker substitute success=True rate=2.8/s eta=138s
[1613/2000] v6-sup-09c5640b87 counterfactual_reasoner original success=True rate=2.8/s eta=138s
[1614/2000] v6-sup-09c5640b87 counterfactual_reasoner remove success=True rate=2.8/s eta=137s
[1615/2000] v6-sup-09c5640b87 counterfactual_reasoner reverse success=True rate=2.8/s eta=137s
[1616/2000] v6-sup-09c5640b87 counterfactual_reasoner substitute success=True rate=2.8/s eta=137s
[1617/2000] v6-sup-09c5640b87 minimal_judge original success=True rate=2.8/s eta=136s
[1618/2000] v6-sup-09c5640b87 minimal_judge remove success=True rate=2.8/s eta=136s
[1619/2000] v6-sup-09c5640b87 minimal_judge reverse success=True rate=2.8/s eta=135s
[1620/2000] v6-sup-09c5640b87 minimal_judge substitute success=True rate=2.8/s eta=135s
[1621/2000] v6-sup-0a30ce94c3 literal_evidence original success=True rate=2.8/s eta=135s
[1622/2000] v6-sup-0a30ce94c3 literal_evidence remove success=True rate=2.8/s eta=134s
[1623/2000] v6-sup-0a30ce94c3 literal_evidence reverse success=True rate=2.8/s eta=134s
[1624/2000] v6-sup-0a30ce94c3 literal_evidence substitute success=True rate=2.8/s eta=134s
[1625/2000] v6-sup-0a30ce94c3 skeptical_auditor original success=True rate=2.8/s eta=133s
[1626/2000] v6-sup-0a30ce94c3 skeptical_auditor remove success=True rate=2.8/s eta=133s
[1627/2000] v6-sup-0a30ce94c3 skeptical_auditor reverse success=True rate=2.8/s eta=133s
[1628/2000] v6-sup-0a30ce94c3 skeptical_auditor substitute success=True rate=2.8/s eta=132s
[1629/2000] v6-sup-0a30ce94c3 consistency_checker original success=True rate=2.8/s eta=132s
[1630/2000] v6-sup-0a30ce94c3 consistency_checker remove success=True rate=2.8/s eta=132s
[1631/2000] v6-sup-0a30ce94c3 consistency_checker reverse success=True rate=2.8/s eta=131s
[1632/2000] v6-sup-0a30ce94c3 consistency_checker substitute success=True rate=2.8/s eta=131s
[1633/2000] v6-sup-0a30ce94c3 counterfactual_reasoner original success=True rate=2.8/s eta=131s
[1634/2000] v6-sup-0a30ce94c3 counterfactual_reasoner remove success=True rate=2.8/s eta=130s
[1635/2000] v6-sup-0a30ce94c3 counterfactual_reasoner reverse success=True rate=2.8/s eta=130s
[1636/2000] v6-sup-0a30ce94c3 counterfactual_reasoner substitute success=True rate=2.8/s eta=129s
[1637/2000] v6-sup-0a30ce94c3 minimal_judge original success=True rate=2.8/s eta=129s
[1638/2000] v6-sup-0a30ce94c3 minimal_judge remove success=True rate=2.8/s eta=129s
[1639/2000] v6-sup-0a30ce94c3 minimal_judge reverse success=True rate=2.8/s eta=128s
[1640/2000] v6-sup-0a30ce94c3 minimal_judge substitute success=True rate=2.8/s eta=128s
[1641/2000] v6-sup-0a62ab96ae literal_evidence original success=True rate=2.8/s eta=128s
[1642/2000] v6-sup-0a62ab96ae literal_evidence remove success=True rate=2.8/s eta=127s
[1643/2000] v6-sup-0a62ab96ae literal_evidence reverse success=True rate=2.8/s eta=127s
[1644/2000] v6-sup-0a62ab96ae literal_evidence substitute success=True rate=2.8/s eta=127s
[1645/2000] v6-sup-0a62ab96ae skeptical_auditor original success=True rate=2.8/s eta=126s
[1646/2000] v6-sup-0a62ab96ae skeptical_auditor remove success=True rate=2.8/s eta=126s
[1647/2000] v6-sup-0a62ab96ae skeptical_auditor reverse success=True rate=2.8/s eta=126s
[1648/2000] v6-sup-0a62ab96ae skeptical_auditor substitute success=True rate=2.8/s eta=125s
[1649/2000] v6-sup-0a62ab96ae consistency_checker original success=True rate=2.8/s eta=125s
[1650/2000] v6-sup-0a62ab96ae consistency_checker remove success=True rate=2.8/s eta=125s
[1651/2000] v6-sup-0a62ab96ae consistency_checker reverse success=True rate=2.8/s eta=124s
[1652/2000] v6-sup-0a62ab96ae consistency_checker substitute success=True rate=2.8/s eta=124s
[1653/2000] v6-sup-0a62ab96ae counterfactual_reasoner original success=True rate=2.8/s eta=124s
[1654/2000] v6-sup-0a62ab96ae counterfactual_reasoner remove success=True rate=2.8/s eta=123s
[1655/2000] v6-sup-0a62ab96ae counterfactual_reasoner reverse success=True rate=2.8/s eta=123s
[1656/2000] v6-sup-0a62ab96ae counterfactual_reasoner substitute success=True rate=2.8/s eta=122s
[1657/2000] v6-sup-0a62ab96ae minimal_judge original success=True rate=2.8/s eta=122s
[1658/2000] v6-sup-0a62ab96ae minimal_judge remove success=True rate=2.8/s eta=122s
[1659/2000] v6-sup-0a62ab96ae minimal_judge reverse success=True rate=2.8/s eta=121s
[1660/2000] v6-sup-0a62ab96ae minimal_judge substitute success=True rate=2.8/s eta=121s
[1661/2000] v6-sup-0a67290d76 literal_evidence original success=True rate=2.8/s eta=121s
[1662/2000] v6-sup-0a67290d76 literal_evidence remove success=True rate=2.8/s eta=120s
[1663/2000] v6-sup-0a67290d76 literal_evidence reverse success=True rate=2.8/s eta=120s
[1664/2000] v6-sup-0a67290d76 literal_evidence substitute success=True rate=2.8/s eta=120s
[1665/2000] v6-sup-0a67290d76 skeptical_auditor original success=True rate=2.8/s eta=119s
[1666/2000] v6-sup-0a67290d76 skeptical_auditor remove success=True rate=2.8/s eta=119s
[1667/2000] v6-sup-0a67290d76 skeptical_auditor reverse success=True rate=2.8/s eta=119s
[1668/2000] v6-sup-0a67290d76 skeptical_auditor substitute success=True rate=2.8/s eta=118s
[1669/2000] v6-sup-0a67290d76 consistency_checker original success=True rate=2.8/s eta=118s
[1670/2000] v6-sup-0a67290d76 consistency_checker remove success=True rate=2.8/s eta=118s
[1671/2000] v6-sup-0a67290d76 consistency_checker reverse success=True rate=2.8/s eta=117s
[1672/2000] v6-sup-0a67290d76 consistency_checker substitute success=True rate=2.8/s eta=117s
[1673/2000] v6-sup-0a67290d76 counterfactual_reasoner original success=True rate=2.8/s eta=116s
[1674/2000] v6-sup-0a67290d76 counterfactual_reasoner remove success=True rate=2.8/s eta=116s
[1675/2000] v6-sup-0a67290d76 counterfactual_reasoner reverse success=True rate=2.8/s eta=116s
[1676/2000] v6-sup-0a67290d76 counterfactual_reasoner substitute success=True rate=2.8/s eta=115s
[1677/2000] v6-sup-0a67290d76 minimal_judge original success=True rate=2.8/s eta=115s
[1678/2000] v6-sup-0a67290d76 minimal_judge remove success=True rate=2.8/s eta=115s
[1679/2000] v6-sup-0a67290d76 minimal_judge reverse success=True rate=2.8/s eta=114s
[1680/2000] v6-sup-0a67290d76 minimal_judge substitute success=True rate=2.8/s eta=114s
[1681/2000] v6-sup-0a76b3383b literal_evidence original success=True rate=2.8/s eta=114s
[1682/2000] v6-sup-0a76b3383b literal_evidence remove success=True rate=2.8/s eta=113s
[1683/2000] v6-sup-0a76b3383b literal_evidence reverse success=True rate=2.8/s eta=113s
[1684/2000] v6-sup-0a76b3383b literal_evidence substitute success=True rate=2.8/s eta=113s
[1685/2000] v6-sup-0a76b3383b skeptical_auditor original success=True rate=2.8/s eta=112s
[1686/2000] v6-sup-0a76b3383b skeptical_auditor remove success=True rate=2.8/s eta=112s
[1687/2000] v6-sup-0a76b3383b skeptical_auditor reverse success=True rate=2.8/s eta=112s
[1688/2000] v6-sup-0a76b3383b skeptical_auditor substitute success=True rate=2.8/s eta=111s
[1689/2000] v6-sup-0a76b3383b consistency_checker original success=True rate=2.8/s eta=111s
[1690/2000] v6-sup-0a76b3383b consistency_checker remove success=True rate=2.8/s eta=110s
[1691/2000] v6-sup-0a76b3383b consistency_checker reverse success=True rate=2.8/s eta=110s
[1692/2000] v6-sup-0a76b3383b consistency_checker substitute success=True rate=2.8/s eta=110s
[1693/2000] v6-sup-0a76b3383b counterfactual_reasoner original success=True rate=2.8/s eta=109s
[1694/2000] v6-sup-0a76b3383b counterfactual_reasoner remove success=True rate=2.8/s eta=109s
[1695/2000] v6-sup-0a76b3383b counterfactual_reasoner reverse success=True rate=2.8/s eta=109s
[1696/2000] v6-sup-0a76b3383b counterfactual_reasoner substitute success=True rate=2.8/s eta=108s
[1697/2000] v6-sup-0a76b3383b minimal_judge original success=True rate=2.8/s eta=108s
[1698/2000] v6-sup-0a76b3383b minimal_judge remove success=True rate=2.8/s eta=108s
[1699/2000] v6-sup-0a76b3383b minimal_judge reverse success=True rate=2.8/s eta=107s
[1700/2000] v6-sup-0a76b3383b minimal_judge substitute success=True rate=2.8/s eta=107s
[1701/2000] v6-sup-0ab914d986 literal_evidence original success=True rate=2.8/s eta=107s
[1702/2000] v6-sup-0ab914d986 literal_evidence remove success=True rate=2.8/s eta=106s
[1703/2000] v6-sup-0ab914d986 literal_evidence reverse success=True rate=2.8/s eta=106s
[1704/2000] v6-sup-0ab914d986 literal_evidence substitute success=True rate=2.8/s eta=105s
[1705/2000] v6-sup-0ab914d986 skeptical_auditor original success=True rate=2.8/s eta=105s
[1706/2000] v6-sup-0ab914d986 skeptical_auditor remove success=True rate=2.8/s eta=105s
[1707/2000] v6-sup-0ab914d986 skeptical_auditor reverse success=True rate=2.8/s eta=104s
[1708/2000] v6-sup-0ab914d986 skeptical_auditor substitute success=True rate=2.8/s eta=104s
[1709/2000] v6-sup-0ab914d986 consistency_checker original success=True rate=2.8/s eta=104s
[1710/2000] v6-sup-0ab914d986 consistency_checker remove success=True rate=2.8/s eta=103s
[1711/2000] v6-sup-0ab914d986 consistency_checker reverse success=True rate=2.8/s eta=103s
[1712/2000] v6-sup-0ab914d986 consistency_checker substitute success=True rate=2.8/s eta=103s
[1713/2000] v6-sup-0ab914d986 counterfactual_reasoner original success=True rate=2.8/s eta=102s
[1714/2000] v6-sup-0ab914d986 counterfactual_reasoner remove success=True rate=2.8/s eta=102s
[1715/2000] v6-sup-0ab914d986 counterfactual_reasoner reverse success=True rate=2.8/s eta=102s
[1716/2000] v6-sup-0ab914d986 counterfactual_reasoner substitute success=True rate=2.8/s eta=101s
[1717/2000] v6-sup-0ab914d986 minimal_judge original success=True rate=2.8/s eta=101s
[1718/2000] v6-sup-0ab914d986 minimal_judge remove success=True rate=2.8/s eta=101s
[1719/2000] v6-sup-0ab914d986 minimal_judge reverse success=True rate=2.8/s eta=100s
[1720/2000] v6-sup-0ab914d986 minimal_judge substitute success=True rate=2.8/s eta=100s
[1721/2000] v6-sup-0abdcb134e literal_evidence original success=True rate=2.8/s eta=99s
[1722/2000] v6-sup-0abdcb134e literal_evidence remove success=True rate=2.8/s eta=99s
[1723/2000] v6-sup-0abdcb134e literal_evidence reverse success=True rate=2.8/s eta=99s
[1724/2000] v6-sup-0abdcb134e literal_evidence substitute success=True rate=2.8/s eta=98s
[1725/2000] v6-sup-0abdcb134e skeptical_auditor original success=True rate=2.8/s eta=98s
[1726/2000] v6-sup-0abdcb134e skeptical_auditor remove success=True rate=2.8/s eta=98s
[1727/2000] v6-sup-0abdcb134e skeptical_auditor reverse success=True rate=2.8/s eta=97s
[1728/2000] v6-sup-0abdcb134e skeptical_auditor substitute success=True rate=2.8/s eta=97s
[1729/2000] v6-sup-0abdcb134e consistency_checker original success=True rate=2.8/s eta=97s
[1730/2000] v6-sup-0abdcb134e consistency_checker remove success=True rate=2.8/s eta=96s
[1731/2000] v6-sup-0abdcb134e consistency_checker reverse success=True rate=2.8/s eta=96s
[1732/2000] v6-sup-0abdcb134e consistency_checker substitute success=True rate=2.8/s eta=96s
[1733/2000] v6-sup-0abdcb134e counterfactual_reasoner original success=True rate=2.8/s eta=95s
[1734/2000] v6-sup-0abdcb134e counterfactual_reasoner remove success=True rate=2.8/s eta=95s
[1735/2000] v6-sup-0abdcb134e counterfactual_reasoner reverse success=True rate=2.8/s eta=94s
[1736/2000] v6-sup-0abdcb134e counterfactual_reasoner substitute success=True rate=2.8/s eta=94s
[1737/2000] v6-sup-0abdcb134e minimal_judge original success=True rate=2.8/s eta=94s
[1738/2000] v6-sup-0abdcb134e minimal_judge remove success=True rate=2.8/s eta=93s
[1739/2000] v6-sup-0abdcb134e minimal_judge reverse success=True rate=2.8/s eta=93s
[1740/2000] v6-sup-0abdcb134e minimal_judge substitute success=True rate=2.8/s eta=93s
[1741/2000] v6-sup-0b8a853ec5 literal_evidence original success=True rate=2.8/s eta=92s
[1742/2000] v6-sup-0b8a853ec5 literal_evidence remove success=True rate=2.8/s eta=92s
[1743/2000] v6-sup-0b8a853ec5 literal_evidence reverse success=True rate=2.8/s eta=92s
[1744/2000] v6-sup-0b8a853ec5 literal_evidence substitute success=True rate=2.8/s eta=91s
[1745/2000] v6-sup-0b8a853ec5 skeptical_auditor original success=True rate=2.8/s eta=91s
[1746/2000] v6-sup-0b8a853ec5 skeptical_auditor remove success=True rate=2.8/s eta=91s
[1747/2000] v6-sup-0b8a853ec5 skeptical_auditor reverse success=True rate=2.8/s eta=90s
[1748/2000] v6-sup-0b8a853ec5 skeptical_auditor substitute success=True rate=2.8/s eta=90s
[1749/2000] v6-sup-0b8a853ec5 consistency_checker original success=True rate=2.8/s eta=90s
[1750/2000] v6-sup-0b8a853ec5 consistency_checker remove success=True rate=2.8/s eta=89s
[1751/2000] v6-sup-0b8a853ec5 consistency_checker reverse success=True rate=2.8/s eta=89s
[1752/2000] v6-sup-0b8a853ec5 consistency_checker substitute success=True rate=2.8/s eta=88s
[1753/2000] v6-sup-0b8a853ec5 counterfactual_reasoner original success=True rate=2.8/s eta=88s
[1754/2000] v6-sup-0b8a853ec5 counterfactual_reasoner remove success=True rate=2.8/s eta=88s
[1755/2000] v6-sup-0b8a853ec5 counterfactual_reasoner reverse success=True rate=2.8/s eta=87s
[1756/2000] v6-sup-0b8a853ec5 counterfactual_reasoner substitute success=True rate=2.8/s eta=87s
[1757/2000] v6-sup-0b8a853ec5 minimal_judge original success=True rate=2.8/s eta=87s
[1758/2000] v6-sup-0b8a853ec5 minimal_judge remove success=True rate=2.8/s eta=86s
[1759/2000] v6-sup-0b8a853ec5 minimal_judge reverse success=True rate=2.8/s eta=86s
[1760/2000] v6-sup-0b8a853ec5 minimal_judge substitute success=True rate=2.8/s eta=86s
[1761/2000] v6-sup-0c4c240181 literal_evidence original success=True rate=2.8/s eta=85s
[1762/2000] v6-sup-0c4c240181 literal_evidence remove success=True rate=2.8/s eta=85s
[1763/2000] v6-sup-0c4c240181 literal_evidence reverse success=True rate=2.8/s eta=85s
[1764/2000] v6-sup-0c4c240181 literal_evidence substitute success=True rate=2.8/s eta=84s
[1765/2000] v6-sup-0c4c240181 skeptical_auditor original success=True rate=2.8/s eta=84s
[1766/2000] v6-sup-0c4c240181 skeptical_auditor remove success=True rate=2.8/s eta=83s
[1767/2000] v6-sup-0c4c240181 skeptical_auditor reverse success=True rate=2.8/s eta=83s
[1768/2000] v6-sup-0c4c240181 skeptical_auditor substitute success=True rate=2.8/s eta=83s
[1769/2000] v6-sup-0c4c240181 consistency_checker original success=True rate=2.8/s eta=82s
[1770/2000] v6-sup-0c4c240181 consistency_checker remove success=True rate=2.8/s eta=82s
[1771/2000] v6-sup-0c4c240181 consistency_checker reverse success=True rate=2.8/s eta=82s
[1772/2000] v6-sup-0c4c240181 consistency_checker substitute success=True rate=2.8/s eta=81s
[1773/2000] v6-sup-0c4c240181 counterfactual_reasoner original success=True rate=2.8/s eta=81s
[1774/2000] v6-sup-0c4c240181 counterfactual_reasoner remove success=True rate=2.8/s eta=81s
[1775/2000] v6-sup-0c4c240181 counterfactual_reasoner reverse success=True rate=2.8/s eta=80s
[1776/2000] v6-sup-0c4c240181 counterfactual_reasoner substitute success=True rate=2.8/s eta=80s
[1777/2000] v6-sup-0c4c240181 minimal_judge original success=True rate=2.8/s eta=80s
[1778/2000] v6-sup-0c4c240181 minimal_judge remove success=True rate=2.8/s eta=79s
[1779/2000] v6-sup-0c4c240181 minimal_judge reverse success=True rate=2.8/s eta=79s
[1780/2000] v6-sup-0c4c240181 minimal_judge substitute success=True rate=2.8/s eta=79s
[1781/2000] v6-sup-0c53f0d778 literal_evidence original success=True rate=2.8/s eta=78s
[1782/2000] v6-sup-0c53f0d778 literal_evidence remove success=True rate=2.8/s eta=78s
[1783/2000] v6-sup-0c53f0d778 literal_evidence reverse success=True rate=2.8/s eta=78s
[1784/2000] v6-sup-0c53f0d778 literal_evidence substitute success=True rate=2.8/s eta=77s
[1785/2000] v6-sup-0c53f0d778 skeptical_auditor original success=True rate=2.8/s eta=77s
[1786/2000] v6-sup-0c53f0d778 skeptical_auditor remove success=True rate=2.8/s eta=76s
[1787/2000] v6-sup-0c53f0d778 skeptical_auditor reverse success=True rate=2.8/s eta=76s
[1788/2000] v6-sup-0c53f0d778 skeptical_auditor substitute success=True rate=2.8/s eta=76s
[1789/2000] v6-sup-0c53f0d778 consistency_checker original success=True rate=2.8/s eta=75s
[1790/2000] v6-sup-0c53f0d778 consistency_checker remove success=True rate=2.8/s eta=75s
[1791/2000] v6-sup-0c53f0d778 consistency_checker reverse success=True rate=2.8/s eta=75s
[1792/2000] v6-sup-0c53f0d778 consistency_checker substitute success=True rate=2.8/s eta=74s
[1793/2000] v6-sup-0c53f0d778 counterfactual_reasoner original success=True rate=2.8/s eta=74s
[1794/2000] v6-sup-0c53f0d778 counterfactual_reasoner remove success=True rate=2.8/s eta=74s
[1795/2000] v6-sup-0c53f0d778 counterfactual_reasoner reverse success=True rate=2.8/s eta=73s
[1796/2000] v6-sup-0c53f0d778 counterfactual_reasoner substitute success=True rate=2.8/s eta=73s
[1797/2000] v6-sup-0c53f0d778 minimal_judge original success=True rate=2.8/s eta=73s
[1798/2000] v6-sup-0c53f0d778 minimal_judge remove success=True rate=2.8/s eta=72s
[1799/2000] v6-sup-0c53f0d778 minimal_judge reverse success=True rate=2.8/s eta=72s
[1800/2000] v6-sup-0c53f0d778 minimal_judge substitute success=True rate=2.8/s eta=72s
[1801/2000] v6-sup-0c8d7e36dc literal_evidence original success=True rate=2.8/s eta=71s
[1802/2000] v6-sup-0c8d7e36dc literal_evidence remove success=True rate=2.8/s eta=71s
[1803/2000] v6-sup-0c8d7e36dc literal_evidence reverse success=True rate=2.8/s eta=70s
[1804/2000] v6-sup-0c8d7e36dc literal_evidence substitute success=True rate=2.8/s eta=70s
[1805/2000] v6-sup-0c8d7e36dc skeptical_auditor original success=True rate=2.8/s eta=70s
[1806/2000] v6-sup-0c8d7e36dc skeptical_auditor remove success=True rate=2.8/s eta=69s
[1807/2000] v6-sup-0c8d7e36dc skeptical_auditor reverse success=True rate=2.8/s eta=69s
[1808/2000] v6-sup-0c8d7e36dc skeptical_auditor substitute success=True rate=2.8/s eta=69s
[1809/2000] v6-sup-0c8d7e36dc consistency_checker original success=True rate=2.8/s eta=68s
[1810/2000] v6-sup-0c8d7e36dc consistency_checker remove success=True rate=2.8/s eta=68s
[1811/2000] v6-sup-0c8d7e36dc consistency_checker reverse success=True rate=2.8/s eta=68s
[1812/2000] v6-sup-0c8d7e36dc consistency_checker substitute success=True rate=2.8/s eta=67s
[1813/2000] v6-sup-0c8d7e36dc counterfactual_reasoner original success=True rate=2.8/s eta=67s
[1814/2000] v6-sup-0c8d7e36dc counterfactual_reasoner remove success=True rate=2.8/s eta=67s
[1815/2000] v6-sup-0c8d7e36dc counterfactual_reasoner reverse success=True rate=2.8/s eta=66s
[1816/2000] v6-sup-0c8d7e36dc counterfactual_reasoner substitute success=True rate=2.8/s eta=66s
[1817/2000] v6-sup-0c8d7e36dc minimal_judge original success=True rate=2.8/s eta=65s
[1818/2000] v6-sup-0c8d7e36dc minimal_judge remove success=True rate=2.8/s eta=65s
[1819/2000] v6-sup-0c8d7e36dc minimal_judge reverse success=True rate=2.8/s eta=65s
[1820/2000] v6-sup-0c8d7e36dc minimal_judge substitute success=True rate=2.8/s eta=64s
[1821/2000] v6-sup-0ca033af2d literal_evidence original success=True rate=2.8/s eta=64s
[1822/2000] v6-sup-0ca033af2d literal_evidence remove success=True rate=2.8/s eta=64s
[1823/2000] v6-sup-0ca033af2d literal_evidence reverse success=True rate=2.8/s eta=63s
[1824/2000] v6-sup-0ca033af2d literal_evidence substitute success=True rate=2.8/s eta=63s
[1825/2000] v6-sup-0ca033af2d skeptical_auditor original success=True rate=2.8/s eta=63s
[1826/2000] v6-sup-0ca033af2d skeptical_auditor remove success=True rate=2.8/s eta=62s
[1827/2000] v6-sup-0ca033af2d skeptical_auditor reverse success=True rate=2.8/s eta=62s
[1828/2000] v6-sup-0ca033af2d skeptical_auditor substitute success=True rate=2.8/s eta=62s
[1829/2000] v6-sup-0ca033af2d consistency_checker original success=True rate=2.8/s eta=61s
[1830/2000] v6-sup-0ca033af2d consistency_checker remove success=True rate=2.8/s eta=61s
[1831/2000] v6-sup-0ca033af2d consistency_checker reverse success=True rate=2.8/s eta=60s
[1832/2000] v6-sup-0ca033af2d consistency_checker substitute success=True rate=2.8/s eta=60s
[1833/2000] v6-sup-0ca033af2d counterfactual_reasoner original success=True rate=2.8/s eta=60s
[1834/2000] v6-sup-0ca033af2d counterfactual_reasoner remove success=True rate=2.8/s eta=59s
[1835/2000] v6-sup-0ca033af2d counterfactual_reasoner reverse success=True rate=2.8/s eta=59s
[1836/2000] v6-sup-0ca033af2d counterfactual_reasoner substitute success=True rate=2.8/s eta=59s
[1837/2000] v6-sup-0ca033af2d minimal_judge original success=True rate=2.8/s eta=58s
[1838/2000] v6-sup-0ca033af2d minimal_judge remove success=True rate=2.8/s eta=58s
[1839/2000] v6-sup-0ca033af2d minimal_judge reverse success=True rate=2.8/s eta=58s
[1840/2000] v6-sup-0ca033af2d minimal_judge substitute success=True rate=2.8/s eta=57s
[1841/2000] v6-sup-0cae639609 literal_evidence original success=True rate=2.8/s eta=57s
[1842/2000] v6-sup-0cae639609 literal_evidence remove success=True rate=2.8/s eta=57s
[1843/2000] v6-sup-0cae639609 literal_evidence reverse success=True rate=2.8/s eta=56s
[1844/2000] v6-sup-0cae639609 literal_evidence substitute success=True rate=2.8/s eta=56s
[1845/2000] v6-sup-0cae639609 skeptical_auditor original success=True rate=2.8/s eta=56s
[1846/2000] v6-sup-0cae639609 skeptical_auditor remove success=True rate=2.8/s eta=55s
[1847/2000] v6-sup-0cae639609 skeptical_auditor reverse success=True rate=2.8/s eta=55s
[1848/2000] v6-sup-0cae639609 skeptical_auditor substitute success=True rate=2.8/s eta=54s
[1849/2000] v6-sup-0cae639609 consistency_checker original success=True rate=2.8/s eta=54s
[1850/2000] v6-sup-0cae639609 consistency_checker remove success=True rate=2.8/s eta=54s
[1851/2000] v6-sup-0cae639609 consistency_checker reverse success=True rate=2.8/s eta=53s
[1852/2000] v6-sup-0cae639609 consistency_checker substitute success=True rate=2.8/s eta=53s
[1853/2000] v6-sup-0cae639609 counterfactual_reasoner original success=True rate=2.8/s eta=53s
[1854/2000] v6-sup-0cae639609 counterfactual_reasoner remove success=True rate=2.8/s eta=52s
[1855/2000] v6-sup-0cae639609 counterfactual_reasoner reverse success=True rate=2.8/s eta=52s
[1856/2000] v6-sup-0cae639609 counterfactual_reasoner substitute success=True rate=2.8/s eta=52s
[1857/2000] v6-sup-0cae639609 minimal_judge original success=True rate=2.8/s eta=51s
[1858/2000] v6-sup-0cae639609 minimal_judge remove success=True rate=2.8/s eta=51s
[1859/2000] v6-sup-0cae639609 minimal_judge reverse success=True rate=2.8/s eta=51s
[1860/2000] v6-sup-0cae639609 minimal_judge substitute success=True rate=2.8/s eta=50s
[1861/2000] v6-sup-0cb4d4d4a5 literal_evidence original success=True rate=2.8/s eta=50s
[1862/2000] v6-sup-0cb4d4d4a5 literal_evidence remove success=True rate=2.8/s eta=49s
[1863/2000] v6-sup-0cb4d4d4a5 literal_evidence reverse success=True rate=2.8/s eta=49s
[1864/2000] v6-sup-0cb4d4d4a5 literal_evidence substitute success=True rate=2.8/s eta=49s
[1865/2000] v6-sup-0cb4d4d4a5 skeptical_auditor original success=True rate=2.8/s eta=48s
[1866/2000] v6-sup-0cb4d4d4a5 skeptical_auditor remove success=True rate=2.8/s eta=48s
[1867/2000] v6-sup-0cb4d4d4a5 skeptical_auditor reverse success=True rate=2.8/s eta=48s
[1868/2000] v6-sup-0cb4d4d4a5 skeptical_auditor substitute success=True rate=2.8/s eta=47s
[1869/2000] v6-sup-0cb4d4d4a5 consistency_checker original success=True rate=2.8/s eta=47s
[1870/2000] v6-sup-0cb4d4d4a5 consistency_checker remove success=True rate=2.8/s eta=47s
[1871/2000] v6-sup-0cb4d4d4a5 consistency_checker reverse success=True rate=2.8/s eta=46s
[1872/2000] v6-sup-0cb4d4d4a5 consistency_checker substitute success=True rate=2.8/s eta=46s
[1873/2000] v6-sup-0cb4d4d4a5 counterfactual_reasoner original success=True rate=2.8/s eta=46s
[1874/2000] v6-sup-0cb4d4d4a5 counterfactual_reasoner remove success=True rate=2.8/s eta=45s
[1875/2000] v6-sup-0cb4d4d4a5 counterfactual_reasoner reverse success=True rate=2.8/s eta=45s
[1876/2000] v6-sup-0cb4d4d4a5 counterfactual_reasoner substitute success=True rate=2.8/s eta=44s
[1877/2000] v6-sup-0cb4d4d4a5 minimal_judge original success=True rate=2.8/s eta=44s
[1878/2000] v6-sup-0cb4d4d4a5 minimal_judge remove success=True rate=2.8/s eta=44s
[1879/2000] v6-sup-0cb4d4d4a5 minimal_judge reverse success=True rate=2.8/s eta=43s
[1880/2000] v6-sup-0cb4d4d4a5 minimal_judge substitute success=True rate=2.8/s eta=43s
[1881/2000] v6-sup-0d1fbb6421 literal_evidence original success=True rate=2.8/s eta=43s
[1882/2000] v6-sup-0d1fbb6421 literal_evidence remove success=True rate=2.8/s eta=42s
[1883/2000] v6-sup-0d1fbb6421 literal_evidence reverse success=True rate=2.8/s eta=42s
[1884/2000] v6-sup-0d1fbb6421 literal_evidence substitute success=True rate=2.8/s eta=42s
[1885/2000] v6-sup-0d1fbb6421 skeptical_auditor original success=True rate=2.8/s eta=41s
[1886/2000] v6-sup-0d1fbb6421 skeptical_auditor remove success=True rate=2.8/s eta=41s
[1887/2000] v6-sup-0d1fbb6421 skeptical_auditor reverse success=True rate=2.8/s eta=41s
[1888/2000] v6-sup-0d1fbb6421 skeptical_auditor substitute success=True rate=2.8/s eta=40s
[1889/2000] v6-sup-0d1fbb6421 consistency_checker original success=True rate=2.8/s eta=40s
[1890/2000] v6-sup-0d1fbb6421 consistency_checker remove success=True rate=2.8/s eta=40s
[1891/2000] v6-sup-0d1fbb6421 consistency_checker reverse success=True rate=2.8/s eta=39s
[1892/2000] v6-sup-0d1fbb6421 consistency_checker substitute success=True rate=2.8/s eta=39s
[1893/2000] v6-sup-0d1fbb6421 counterfactual_reasoner original success=True rate=2.8/s eta=38s
[1894/2000] v6-sup-0d1fbb6421 counterfactual_reasoner remove success=True rate=2.8/s eta=38s
[1895/2000] v6-sup-0d1fbb6421 counterfactual_reasoner reverse success=True rate=2.8/s eta=38s
[1896/2000] v6-sup-0d1fbb6421 counterfactual_reasoner substitute success=True rate=2.8/s eta=37s
[1897/2000] v6-sup-0d1fbb6421 minimal_judge original success=True rate=2.8/s eta=37s
[1898/2000] v6-sup-0d1fbb6421 minimal_judge remove success=True rate=2.8/s eta=37s
[1899/2000] v6-sup-0d1fbb6421 minimal_judge reverse success=True rate=2.8/s eta=36s
[1900/2000] v6-sup-0d1fbb6421 minimal_judge substitute success=True rate=2.8/s eta=36s
[1901/2000] v6-sup-0d5391d07a literal_evidence original success=True rate=2.8/s eta=36s
[1902/2000] v6-sup-0d5391d07a literal_evidence remove success=True rate=2.8/s eta=35s
[1903/2000] v6-sup-0d5391d07a literal_evidence reverse success=True rate=2.8/s eta=35s
[1904/2000] v6-sup-0d5391d07a literal_evidence substitute success=True rate=2.8/s eta=35s
[1905/2000] v6-sup-0d5391d07a skeptical_auditor original success=True rate=2.8/s eta=34s
[1906/2000] v6-sup-0d5391d07a skeptical_auditor remove success=True rate=2.8/s eta=34s
[1907/2000] v6-sup-0d5391d07a skeptical_auditor reverse success=True rate=2.8/s eta=33s
[1908/2000] v6-sup-0d5391d07a skeptical_auditor substitute success=True rate=2.8/s eta=33s
[1909/2000] v6-sup-0d5391d07a consistency_checker original success=True rate=2.8/s eta=33s
[1910/2000] v6-sup-0d5391d07a consistency_checker remove success=True rate=2.8/s eta=32s
[1911/2000] v6-sup-0d5391d07a consistency_checker reverse success=True rate=2.8/s eta=32s
[1912/2000] v6-sup-0d5391d07a consistency_checker substitute success=True rate=2.8/s eta=32s
[1913/2000] v6-sup-0d5391d07a counterfactual_reasoner original success=True rate=2.8/s eta=31s
[1914/2000] v6-sup-0d5391d07a counterfactual_reasoner remove success=True rate=2.8/s eta=31s
[1915/2000] v6-sup-0d5391d07a counterfactual_reasoner reverse success=True rate=2.8/s eta=31s
[1916/2000] v6-sup-0d5391d07a counterfactual_reasoner substitute success=True rate=2.8/s eta=30s
[1917/2000] v6-sup-0d5391d07a minimal_judge original success=True rate=2.8/s eta=30s
[1918/2000] v6-sup-0d5391d07a minimal_judge remove success=True rate=2.8/s eta=30s
[1919/2000] v6-sup-0d5391d07a minimal_judge reverse success=True rate=2.8/s eta=29s
[1920/2000] v6-sup-0d5391d07a minimal_judge substitute success=True rate=2.8/s eta=29s
[1921/2000] v6-sup-0d5b73fe78 literal_evidence original success=True rate=2.8/s eta=28s
[1922/2000] v6-sup-0d5b73fe78 literal_evidence remove success=True rate=2.8/s eta=28s
[1923/2000] v6-sup-0d5b73fe78 literal_evidence reverse success=True rate=2.8/s eta=28s
[1924/2000] v6-sup-0d5b73fe78 literal_evidence substitute success=True rate=2.8/s eta=27s
[1925/2000] v6-sup-0d5b73fe78 skeptical_auditor original success=True rate=2.8/s eta=27s
[1926/2000] v6-sup-0d5b73fe78 skeptical_auditor remove success=True rate=2.8/s eta=27s
[1927/2000] v6-sup-0d5b73fe78 skeptical_auditor reverse success=True rate=2.8/s eta=26s
[1928/2000] v6-sup-0d5b73fe78 skeptical_auditor substitute success=True rate=2.8/s eta=26s
[1929/2000] v6-sup-0d5b73fe78 consistency_checker original success=True rate=2.8/s eta=26s
[1930/2000] v6-sup-0d5b73fe78 consistency_checker remove success=True rate=2.8/s eta=25s
[1931/2000] v6-sup-0d5b73fe78 consistency_checker reverse success=True rate=2.8/s eta=25s
[1932/2000] v6-sup-0d5b73fe78 consistency_checker substitute success=True rate=2.8/s eta=24s
[1933/2000] v6-sup-0d5b73fe78 counterfactual_reasoner original success=True rate=2.8/s eta=24s
[1934/2000] v6-sup-0d5b73fe78 counterfactual_reasoner remove success=True rate=2.8/s eta=24s
[1935/2000] v6-sup-0d5b73fe78 counterfactual_reasoner reverse success=True rate=2.8/s eta=23s
[1936/2000] v6-sup-0d5b73fe78 counterfactual_reasoner substitute success=True rate=2.8/s eta=23s
[1937/2000] v6-sup-0d5b73fe78 minimal_judge original success=True rate=2.8/s eta=23s
[1938/2000] v6-sup-0d5b73fe78 minimal_judge remove success=True rate=2.8/s eta=22s
[1939/2000] v6-sup-0d5b73fe78 minimal_judge reverse success=True rate=2.8/s eta=22s
[1940/2000] v6-sup-0d5b73fe78 minimal_judge substitute success=True rate=2.8/s eta=22s
[1941/2000] v6-sup-0d7bcdb75e literal_evidence original success=True rate=2.8/s eta=21s
[1942/2000] v6-sup-0d7bcdb75e literal_evidence remove success=True rate=2.8/s eta=21s
[1943/2000] v6-sup-0d7bcdb75e literal_evidence reverse success=True rate=2.8/s eta=21s
[1944/2000] v6-sup-0d7bcdb75e literal_evidence substitute success=True rate=2.8/s eta=20s
[1945/2000] v6-sup-0d7bcdb75e skeptical_auditor original success=True rate=2.8/s eta=20s
[1946/2000] v6-sup-0d7bcdb75e skeptical_auditor remove success=True rate=2.8/s eta=19s
[1947/2000] v6-sup-0d7bcdb75e skeptical_auditor reverse success=True rate=2.8/s eta=19s
[1948/2000] v6-sup-0d7bcdb75e skeptical_auditor substitute success=True rate=2.8/s eta=19s
[1949/2000] v6-sup-0d7bcdb75e consistency_checker original success=True rate=2.8/s eta=18s
[1950/2000] v6-sup-0d7bcdb75e consistency_checker remove success=True rate=2.8/s eta=18s
[1951/2000] v6-sup-0d7bcdb75e consistency_checker reverse success=True rate=2.8/s eta=18s
[1952/2000] v6-sup-0d7bcdb75e consistency_checker substitute success=True rate=2.8/s eta=17s
[1953/2000] v6-sup-0d7bcdb75e counterfactual_reasoner original success=True rate=2.8/s eta=17s
[1954/2000] v6-sup-0d7bcdb75e counterfactual_reasoner remove success=True rate=2.8/s eta=17s
[1955/2000] v6-sup-0d7bcdb75e counterfactual_reasoner reverse success=True rate=2.8/s eta=16s
[1956/2000] v6-sup-0d7bcdb75e counterfactual_reasoner substitute success=True rate=2.8/s eta=16s
[1957/2000] v6-sup-0d7bcdb75e minimal_judge original success=True rate=2.8/s eta=16s
[1958/2000] v6-sup-0d7bcdb75e minimal_judge remove success=True rate=2.8/s eta=15s
[1959/2000] v6-sup-0d7bcdb75e minimal_judge reverse success=True rate=2.8/s eta=15s
[1960/2000] v6-sup-0d7bcdb75e minimal_judge substitute success=True rate=2.8/s eta=14s
[1961/2000] v6-sup-0d7cdc6139 literal_evidence original success=True rate=2.8/s eta=14s
[1962/2000] v6-sup-0d7cdc6139 literal_evidence remove success=True rate=2.8/s eta=14s
[1963/2000] v6-sup-0d7cdc6139 literal_evidence reverse success=True rate=2.8/s eta=13s
[1964/2000] v6-sup-0d7cdc6139 literal_evidence substitute success=True rate=2.8/s eta=13s
[1965/2000] v6-sup-0d7cdc6139 skeptical_auditor original success=True rate=2.8/s eta=13s
[1966/2000] v6-sup-0d7cdc6139 skeptical_auditor remove success=True rate=2.8/s eta=12s
[1967/2000] v6-sup-0d7cdc6139 skeptical_auditor reverse success=True rate=2.8/s eta=12s
[1968/2000] v6-sup-0d7cdc6139 skeptical_auditor substitute success=True rate=2.8/s eta=12s
[1969/2000] v6-sup-0d7cdc6139 consistency_checker original success=True rate=2.8/s eta=11s
[1970/2000] v6-sup-0d7cdc6139 consistency_checker remove success=True rate=2.8/s eta=11s
[1971/2000] v6-sup-0d7cdc6139 consistency_checker reverse success=True rate=2.8/s eta=10s
[1972/2000] v6-sup-0d7cdc6139 consistency_checker substitute success=True rate=2.8/s eta=10s
[1973/2000] v6-sup-0d7cdc6139 counterfactual_reasoner original success=True rate=2.8/s eta=10s
[1974/2000] v6-sup-0d7cdc6139 counterfactual_reasoner remove success=True rate=2.8/s eta=9s
[1975/2000] v6-sup-0d7cdc6139 counterfactual_reasoner reverse success=True rate=2.8/s eta=9s
[1976/2000] v6-sup-0d7cdc6139 counterfactual_reasoner substitute success=True rate=2.8/s eta=9s
[1977/2000] v6-sup-0d7cdc6139 minimal_judge original success=True rate=2.8/s eta=8s
[1978/2000] v6-sup-0d7cdc6139 minimal_judge remove success=True rate=2.8/s eta=8s
[1979/2000] v6-sup-0d7cdc6139 minimal_judge reverse success=True rate=2.8/s eta=8s
[1980/2000] v6-sup-0d7cdc6139 minimal_judge substitute success=True rate=2.8/s eta=7s
[1981/2000] v6-sup-0d8d47759d literal_evidence original success=True rate=2.8/s eta=7s
[1982/2000] v6-sup-0d8d47759d literal_evidence remove success=True rate=2.8/s eta=6s
[1983/2000] v6-sup-0d8d47759d literal_evidence reverse success=True rate=2.8/s eta=6s
[1984/2000] v6-sup-0d8d47759d literal_evidence substitute success=True rate=2.8/s eta=6s
[1985/2000] v6-sup-0d8d47759d skeptical_auditor original success=True rate=2.8/s eta=5s
[1986/2000] v6-sup-0d8d47759d skeptical_auditor remove success=True rate=2.8/s eta=5s
[1987/2000] v6-sup-0d8d47759d skeptical_auditor reverse success=True rate=2.8/s eta=5s
[1988/2000] v6-sup-0d8d47759d skeptical_auditor substitute success=True rate=2.8/s eta=4s
[1989/2000] v6-sup-0d8d47759d consistency_checker original success=True rate=2.8/s eta=4s
[1990/2000] v6-sup-0d8d47759d consistency_checker remove success=True rate=2.8/s eta=4s
[1991/2000] v6-sup-0d8d47759d consistency_checker reverse success=True rate=2.8/s eta=3s
[1992/2000] v6-sup-0d8d47759d consistency_checker substitute success=True rate=2.8/s eta=3s
[1993/2000] v6-sup-0d8d47759d counterfactual_reasoner original success=True rate=2.8/s eta=3s
[1994/2000] v6-sup-0d8d47759d counterfactual_reasoner remove success=True rate=2.8/s eta=2s
[1995/2000] v6-sup-0d8d47759d counterfactual_reasoner reverse success=True rate=2.8/s eta=2s
[1996/2000] v6-sup-0d8d47759d counterfactual_reasoner substitute success=True rate=2.8/s eta=1s
[1997/2000] v6-sup-0d8d47759d minimal_judge original success=True rate=2.8/s eta=1s
[1998/2000] v6-sup-0d8d47759d minimal_judge remove success=True rate=2.8/s eta=1s
[1999/2000] v6-sup-0d8d47759d minimal_judge reverse success=True rate=2.8/s eta=0s
[2000/2000] v6-sup-0d8d47759d minimal_judge substitute success=True rate=2.8/s eta=0s
