[1/2000] v5-ref-00722add5c literal_evidence original success=True rate=3339.4/s eta=1s
[2/2000] v5-ref-00722add5c literal_evidence remove success=True rate=2067.7/s eta=1s
[3/2000] v5-ref-00722add5c literal_evidence reverse success=True rate=1861.9/s eta=1s
[4/2000] v5-ref-00722add5c literal_evidence substitute success=True rate=1344.2/s eta=1s
[5/2000] v5-ref-00722add5c skeptical_auditor original success=True rate=1351.6/s eta=1s
[6/2000] v5-ref-00722add5c skeptical_auditor remove success=True rate=1384.6/s eta=1s
[7/2000] v5-ref-00722add5c skeptical_auditor reverse success=True rate=1389.0/s eta=1s
[8/2000] v5-ref-00722add5c skeptical_auditor substitute success=True rate=1379.6/s eta=1s
[9/2000] v5-ref-00722add5c consistency_checker original success=True rate=1385.5/s eta=1s
[10/2000] v5-ref-00722add5c consistency_checker remove success=True rate=1389.0/s eta=1s
[11/2000] v5-ref-00722add5c consistency_checker reverse success=True rate=1391.0/s eta=1s
[12/2000] v5-ref-00722add5c consistency_checker substitute success=True rate=1386.0/s eta=1s
[13/2000] v5-ref-00722add5c counterfactual_reasoner original success=True rate=1364.8/s eta=1s
[14/2000] v5-ref-00722add5c counterfactual_reasoner remove success=True rate=1346.2/s eta=1s
[15/2000] v5-ref-00722add5c counterfactual_reasoner reverse success=True rate=1340.5/s eta=1s
[16/2000] v5-ref-00722add5c counterfactual_reasoner substitute success=True rate=1338.3/s eta=1s
[17/2000] v5-ref-00722add5c minimal_judge original success=True rate=1319.1/s eta=2s
[18/2000] v5-ref-00722add5c minimal_judge remove success=True rate=1306.1/s eta=2s
[19/2000] v5-ref-00722add5c minimal_judge reverse success=True rate=1299.8/s eta=2s
[20/2000] v5-ref-00722add5c minimal_judge substitute success=True rate=1289.7/s eta=2s
[21/2000] v5-ref-01176ffd0f literal_evidence original success=True rate=1283.9/s eta=2s
[22/2000] v5-ref-01176ffd0f literal_evidence remove success=True rate=1272.6/s eta=2s
[23/2000] v5-ref-01176ffd0f literal_evidence reverse success=True rate=1264.4/s eta=2s
[24/2000] v5-ref-01176ffd0f literal_evidence substitute success=True rate=1256.3/s eta=2s
[25/2000] v5-ref-01176ffd0f skeptical_auditor original success=True rate=1247.5/s eta=2s
[26/2000] v5-ref-01176ffd0f skeptical_auditor remove success=True rate=1239.2/s eta=2s
[27/2000] v5-ref-01176ffd0f skeptical_auditor reverse success=True rate=1210.7/s eta=2s
[28/2000] v5-ref-01176ffd0f skeptical_auditor substitute success=True rate=1155.3/s eta=2s
[29/2000] v5-ref-01176ffd0f consistency_checker original success=True rate=1099.2/s eta=2s
[30/2000] v5-ref-01176ffd0f consistency_checker remove success=True rate=1083.9/s eta=2s
[31/2000] v5-ref-01176ffd0f consistency_checker reverse success=True rate=1075.0/s eta=2s
[32/2000] v5-ref-01176ffd0f consistency_checker substitute success=True rate=1068.3/s eta=2s
[33/2000] v5-ref-01176ffd0f counterfactual_reasoner original success=True rate=1061.9/s eta=2s
[34/2000] v5-ref-01176ffd0f counterfactual_reasoner remove success=True rate=1055.9/s eta=2s
[35/2000] v5-ref-01176ffd0f counterfactual_reasoner reverse success=True rate=1044.5/s eta=2s
[36/2000] v5-ref-01176ffd0f counterfactual_reasoner substitute success=True rate=1038.8/s eta=2s
[37/2000] v5-ref-01176ffd0f minimal_judge original success=True rate=1032.8/s eta=2s
[38/2000] v5-ref-01176ffd0f minimal_judge remove success=True rate=1027.0/s eta=2s
[39/2000] v5-ref-01176ffd0f minimal_judge reverse success=True rate=1022.4/s eta=2s
[40/2000] v5-ref-01176ffd0f minimal_judge substitute success=True rate=1017.0/s eta=2s
[41/2000] v5-ref-011f7037bf literal_evidence original success=True rate=1011.4/s eta=2s
[42/2000] v5-ref-011f7037bf literal_evidence remove success=True rate=1007.4/s eta=2s
[43/2000] v5-ref-011f7037bf literal_evidence reverse success=True rate=1001.5/s eta=2s
[44/2000] v5-ref-011f7037bf literal_evidence substitute success=True rate=995.1/s eta=2s
[45/2000] v5-ref-011f7037bf skeptical_auditor original success=True rate=870.9/s eta=2s
[46/2000] v5-ref-011f7037bf skeptical_auditor remove success=True rate=869.0/s eta=2s
[47/2000] v5-ref-011f7037bf skeptical_auditor reverse success=True rate=864.9/s eta=2s
[48/2000] v5-ref-011f7037bf skeptical_auditor substitute success=True rate=861.1/s eta=2s
[49/2000] v5-ref-011f7037bf consistency_checker original success=True rate=858.5/s eta=2s
[50/2000] v5-ref-011f7037bf consistency_checker remove success=True rate=856.6/s eta=2s
[51/2000] v5-ref-011f7037bf consistency_checker reverse success=True rate=853.3/s eta=2s
[52/2000] v5-ref-011f7037bf consistency_checker substitute success=True rate=851.5/s eta=2s
[53/2000] v5-ref-011f7037bf counterfactual_reasoner original success=True rate=848.9/s eta=2s
[54/2000] v5-ref-011f7037bf counterfactual_reasoner remove success=True rate=844.9/s eta=2s
[55/2000] v5-ref-011f7037bf counterfactual_reasoner reverse success=True rate=842.9/s eta=2s
[56/2000] v5-ref-011f7037bf counterfactual_reasoner substitute success=True rate=839.9/s eta=2s
[57/2000] v5-ref-011f7037bf minimal_judge original success=True rate=837.0/s eta=2s
[58/2000] v5-ref-011f7037bf minimal_judge remove success=True rate=834.1/s eta=2s
[59/2000] v5-ref-011f7037bf minimal_judge reverse success=True rate=823.8/s eta=2s
[60/2000] v5-ref-011f7037bf minimal_judge substitute success=True rate=817.9/s eta=2s
[61/2000] v5-ref-0124377a68 literal_evidence original success=True rate=813.2/s eta=2s
[62/2000] v5-ref-0124377a68 literal_evidence remove success=True rate=809.6/s eta=2s
[63/2000] v5-ref-0124377a68 literal_evidence reverse success=True rate=806.0/s eta=2s
[64/2000] v5-ref-0124377a68 literal_evidence substitute success=True rate=801.9/s eta=2s
[65/2000] v5-ref-0124377a68 skeptical_auditor original success=True rate=799.8/s eta=2s
[66/2000] v5-ref-0124377a68 skeptical_auditor remove success=True rate=797.1/s eta=2s
[67/2000] v5-ref-0124377a68 skeptical_auditor reverse success=True rate=792.7/s eta=2s
[68/2000] v5-ref-0124377a68 skeptical_auditor substitute success=True rate=788.6/s eta=2s
[69/2000] v5-ref-0124377a68 consistency_checker original success=True rate=783.9/s eta=2s
[70/2000] v5-ref-0124377a68 consistency_checker remove success=True rate=780.6/s eta=2s
[71/2000] v5-ref-0124377a68 consistency_checker reverse success=True rate=777.1/s eta=2s
[72/2000] v5-ref-0124377a68 consistency_checker substitute success=True rate=774.2/s eta=2s
[73/2000] v5-ref-0124377a68 counterfactual_reasoner original success=True rate=769.3/s eta=3s
[74/2000] v5-ref-0124377a68 counterfactual_reasoner remove success=True rate=766.3/s eta=3s
[75/2000] v5-ref-0124377a68 counterfactual_reasoner reverse success=True rate=763.2/s eta=3s
[76/2000] v5-ref-0124377a68 counterfactual_reasoner substitute success=True rate=757.7/s eta=3s
[77/2000] v5-ref-0124377a68 minimal_judge original success=True rate=753.8/s eta=3s
[78/2000] v5-ref-0124377a68 minimal_judge remove success=True rate=750.6/s eta=3s
[79/2000] v5-ref-0124377a68 minimal_judge reverse success=True rate=746.5/s eta=3s
[80/2000] v5-ref-0124377a68 minimal_judge substitute success=True rate=743.7/s eta=3s
[81/2000] v5-ref-01fefdabd2 literal_evidence original success=True rate=741.2/s eta=3s
[82/2000] v5-ref-01fefdabd2 literal_evidence remove success=True rate=738.7/s eta=3s
[83/2000] v5-ref-01fefdabd2 literal_evidence reverse success=True rate=736.3/s eta=3s
[84/2000] v5-ref-01fefdabd2 literal_evidence substitute success=True rate=733.1/s eta=3s
[85/2000] v5-ref-01fefdabd2 skeptical_auditor original success=True rate=730.7/s eta=3s
[86/2000] v5-ref-01fefdabd2 skeptical_auditor remove success=True rate=681.1/s eta=3s
[87/2000] v5-ref-01fefdabd2 skeptical_auditor reverse success=True rate=647.4/s eta=3s
[88/2000] v5-ref-01fefdabd2 skeptical_auditor substitute success=True rate=610.9/s eta=3s
[89/2000] v5-ref-01fefdabd2 consistency_checker original success=True rate=608.6/s eta=3s
[90/2000] v5-ref-01fefdabd2 consistency_checker remove success=True rate=596.2/s eta=3s
[91/2000] v5-ref-01fefdabd2 consistency_checker reverse success=True rate=594.7/s eta=3s
[92/2000] v5-ref-01fefdabd2 consistency_checker substitute success=True rate=576.4/s eta=3s
[93/2000] v5-ref-01fefdabd2 counterfactual_reasoner original success=True rate=574.8/s eta=3s
[94/2000] v5-ref-01fefdabd2 counterfactual_reasoner remove success=True rate=560.5/s eta=3s
[95/2000] v5-ref-01fefdabd2 counterfactual_reasoner reverse success=True rate=551.1/s eta=3s
[96/2000] v5-ref-01fefdabd2 counterfactual_reasoner substitute success=True rate=546.6/s eta=3s
[97/2000] v5-ref-01fefdabd2 minimal_judge original success=True rate=540.4/s eta=4s
[98/2000] v5-ref-01fefdabd2 minimal_judge remove success=True rate=528.5/s eta=4s
[99/2000] v5-ref-01fefdabd2 minimal_judge reverse success=True rate=526.5/s eta=4s
[100/2000] v5-ref-01fefdabd2 minimal_judge substitute success=True rate=506.7/s eta=4s
[101/2000] v5-ref-02e5bf57c3 literal_evidence original success=True rate=506.3/s eta=4s
[102/2000] v5-ref-02e5bf57c3 literal_evidence remove success=True rate=497.8/s eta=4s
[103/2000] v5-ref-02e5bf57c3 literal_evidence reverse success=True rate=497.6/s eta=4s
[104/2000] v5-ref-02e5bf57c3 literal_evidence substitute success=True rate=487.5/s eta=4s
[105/2000] v5-ref-02e5bf57c3 skeptical_auditor original success=True rate=484.8/s eta=4s
[106/2000] v5-ref-02e5bf57c3 skeptical_auditor remove success=True rate=477.2/s eta=4s
[107/2000] v5-ref-02e5bf57c3 skeptical_auditor reverse success=True rate=474.8/s eta=4s
[108/2000] v5-ref-02e5bf57c3 skeptical_auditor substitute success=True rate=469.5/s eta=4s
[109/2000] v5-ref-02e5bf57c3 consistency_checker original success=True rate=464.4/s eta=4s
[110/2000] v5-ref-02e5bf57c3 consistency_checker remove success=True rate=464.1/s eta=4s
[111/2000] v5-ref-02e5bf57c3 consistency_checker reverse success=True rate=449.8/s eta=4s
[112/2000] v5-ref-02e5bf57c3 consistency_checker substitute success=True rate=443.8/s eta=4s
[113/2000] v5-ref-02e5bf57c3 counterfactual_reasoner original success=True rate=443.8/s eta=4s
[114/2000] v5-ref-02e5bf57c3 counterfactual_reasoner remove success=True rate=435.9/s eta=4s
[115/2000] v5-ref-02e5bf57c3 counterfactual_reasoner reverse success=True rate=436.0/s eta=4s
[116/2000] v5-ref-02e5bf57c3 counterfactual_reasoner substitute success=True rate=428.2/s eta=4s
[117/2000] v5-ref-02e5bf57c3 minimal_judge original success=True rate=427.7/s eta=4s
[118/2000] v5-ref-02e5bf57c3 minimal_judge remove success=True rate=420.8/s eta=4s
[119/2000] v5-ref-02e5bf57c3 minimal_judge reverse success=True rate=412.2/s eta=5s
[120/2000] v5-ref-02e5bf57c3 minimal_judge substitute success=True rate=412.0/s eta=5s
[121/2000] v5-ref-03bc5ce7fc literal_evidence original success=True rate=407.0/s eta=5s
[122/2000] v5-ref-03bc5ce7fc literal_evidence remove success=True rate=397.6/s eta=5s
[123/2000] v5-ref-03bc5ce7fc literal_evidence reverse success=True rate=397.3/s eta=5s
[124/2000] v5-ref-03bc5ce7fc literal_evidence substitute success=True rate=395.4/s eta=5s
[125/2000] v5-ref-03bc5ce7fc skeptical_auditor original success=True rate=395.1/s eta=5s
[126/2000] v5-ref-03bc5ce7fc skeptical_auditor remove success=True rate=391.4/s eta=5s
[127/2000] v5-ref-03bc5ce7fc skeptical_auditor reverse success=True rate=389.4/s eta=5s
[128/2000] v5-ref-03bc5ce7fc skeptical_auditor substitute success=True rate=388.8/s eta=5s
[129/2000] v5-ref-03bc5ce7fc consistency_checker original success=True rate=384.6/s eta=5s
[130/2000] v5-ref-03bc5ce7fc consistency_checker remove success=True rate=384.5/s eta=5s
[131/2000] v5-ref-03bc5ce7fc consistency_checker reverse success=True rate=380.0/s eta=5s
[132/2000] v5-ref-03bc5ce7fc consistency_checker substitute success=True rate=379.7/s eta=5s
[133/2000] v5-ref-03bc5ce7fc counterfactual_reasoner original success=True rate=375.6/s eta=5s
[134/2000] v5-ref-03bc5ce7fc counterfactual_reasoner remove success=True rate=375.7/s eta=5s
[135/2000] v5-ref-03bc5ce7fc counterfactual_reasoner reverse success=True rate=370.5/s eta=5s
[136/2000] v5-ref-03bc5ce7fc counterfactual_reasoner substitute success=True rate=369.4/s eta=5s
[137/2000] v5-ref-03bc5ce7fc minimal_judge original success=True rate=368.1/s eta=5s
[138/2000] v5-ref-03bc5ce7fc minimal_judge remove success=True rate=361.7/s eta=5s
[139/2000] v5-ref-03bc5ce7fc minimal_judge reverse success=True rate=361.7/s eta=5s
[140/2000] v5-ref-03bc5ce7fc minimal_judge substitute success=True rate=359.9/s eta=5s
[141/2000] v5-ref-03d4ad072c literal_evidence original success=True rate=360.1/s eta=5s
[142/2000] v5-ref-03d4ad072c literal_evidence remove success=True rate=357.4/s eta=5s
[143/2000] v5-ref-03d4ad072c literal_evidence reverse success=True rate=349.2/s eta=5s
[144/2000] v5-ref-03d4ad072c literal_evidence substitute success=True rate=348.1/s eta=5s
[145/2000] v5-ref-03d4ad072c skeptical_auditor original success=True rate=346.2/s eta=5s
[146/2000] v5-ref-03d4ad072c skeptical_auditor remove success=True rate=346.1/s eta=5s
[147/2000] v5-ref-03d4ad072c skeptical_auditor reverse success=True rate=343.2/s eta=5s
[148/2000] v5-ref-03d4ad072c skeptical_auditor substitute success=True rate=343.2/s eta=5s
[149/2000] v5-ref-03d4ad072c consistency_checker original success=True rate=340.4/s eta=5s
[150/2000] v5-ref-03d4ad072c consistency_checker remove success=True rate=340.5/s eta=5s
[151/2000] v5-ref-03d4ad072c consistency_checker reverse success=True rate=337.4/s eta=5s
[152/2000] v5-ref-03d4ad072c consistency_checker substitute success=True rate=333.3/s eta=6s
[153/2000] v5-ref-03d4ad072c counterfactual_reasoner original success=True rate=333.4/s eta=6s
[154/2000] v5-ref-03d4ad072c counterfactual_reasoner remove success=True rate=331.5/s eta=6s
[155/2000] v5-ref-03d4ad072c counterfactual_reasoner reverse success=True rate=326.6/s eta=6s
[156/2000] v5-ref-03d4ad072c counterfactual_reasoner substitute success=True rate=326.5/s eta=6s
[157/2000] v5-ref-03d4ad072c minimal_judge original success=True rate=326.5/s eta=6s
[158/2000] v5-ref-03d4ad072c minimal_judge remove success=True rate=326.0/s eta=6s
[159/2000] v5-ref-03d4ad072c minimal_judge reverse success=True rate=324.7/s eta=6s
[160/2000] v5-ref-03d4ad072c minimal_judge substitute success=True rate=323.7/s eta=6s
[161/2000] v5-ref-04e39c2f2d literal_evidence original success=True rate=323.8/s eta=6s
[162/2000] v5-ref-04e39c2f2d literal_evidence remove success=True rate=321.5/s eta=6s
[163/2000] v5-ref-04e39c2f2d literal_evidence reverse success=True rate=321.5/s eta=6s
[164/2000] v5-ref-04e39c2f2d literal_evidence substitute success=True rate=319.3/s eta=6s
[165/2000] v5-ref-04e39c2f2d skeptical_auditor original success=True rate=319.2/s eta=6s
[166/2000] v5-ref-04e39c2f2d skeptical_auditor remove success=True rate=317.5/s eta=6s
[167/2000] v5-ref-04e39c2f2d skeptical_auditor reverse success=True rate=313.9/s eta=6s
[168/2000] v5-ref-04e39c2f2d skeptical_auditor substitute success=True rate=313.8/s eta=6s
[169/2000] v5-ref-04e39c2f2d consistency_checker original success=True rate=313.2/s eta=6s
[170/2000] v5-ref-04e39c2f2d consistency_checker remove success=True rate=313.2/s eta=6s
[171/2000] v5-ref-04e39c2f2d consistency_checker reverse success=True rate=311.6/s eta=6s
[172/2000] v5-ref-04e39c2f2d consistency_checker substitute success=True rate=311.4/s eta=6s
[173/2000] v5-ref-04e39c2f2d counterfactual_reasoner original success=True rate=310.9/s eta=6s
[174/2000] v5-ref-04e39c2f2d counterfactual_reasoner remove success=True rate=309.8/s eta=6s
[175/2000] v5-ref-04e39c2f2d counterfactual_reasoner reverse success=True rate=309.8/s eta=6s
[176/2000] v5-ref-04e39c2f2d counterfactual_reasoner substitute success=True rate=308.0/s eta=6s
[177/2000] v5-ref-04e39c2f2d minimal_judge original success=True rate=308.1/s eta=6s
[178/2000] v5-ref-04e39c2f2d minimal_judge remove success=True rate=306.1/s eta=6s
[179/2000] v5-ref-04e39c2f2d minimal_judge reverse success=True rate=303.5/s eta=6s
[180/2000] v5-ref-04e39c2f2d minimal_judge substitute success=True rate=302.7/s eta=6s
[181/2000] v5-ref-0526215597 literal_evidence original success=True rate=302.2/s eta=6s
[182/2000] v5-ref-0526215597 literal_evidence remove success=True rate=299.0/s eta=6s
[183/2000] v5-ref-0526215597 literal_evidence reverse success=True rate=298.8/s eta=6s
[184/2000] v5-ref-0526215597 literal_evidence substitute success=True rate=298.9/s eta=6s
[185/2000] v5-ref-0526215597 skeptical_auditor original success=True rate=299.0/s eta=6s
[186/2000] v5-ref-0526215597 skeptical_auditor remove success=True rate=298.2/s eta=6s
[187/2000] v5-ref-0526215597 skeptical_auditor reverse success=True rate=297.2/s eta=6s
[188/2000] v5-ref-0526215597 skeptical_auditor substitute success=True rate=297.2/s eta=6s
[189/2000] v5-ref-0526215597 consistency_checker original success=True rate=295.9/s eta=6s
[190/2000] v5-ref-0526215597 consistency_checker remove success=True rate=295.7/s eta=6s
[191/2000] v5-ref-0526215597 consistency_checker reverse success=True rate=294.5/s eta=6s
[192/2000] v5-ref-0526215597 consistency_checker substitute success=True rate=294.5/s eta=6s
[193/2000] v5-ref-0526215597 counterfactual_reasoner original success=True rate=293.6/s eta=6s
[194/2000] v5-ref-0526215597 counterfactual_reasoner remove success=True rate=290.6/s eta=6s
[195/2000] v5-ref-0526215597 counterfactual_reasoner reverse success=True rate=290.4/s eta=6s
[196/2000] v5-ref-0526215597 counterfactual_reasoner substitute success=True rate=290.5/s eta=6s
[197/2000] v5-ref-0526215597 minimal_judge original success=True rate=290.4/s eta=6s
[198/2000] v5-ref-0526215597 minimal_judge remove success=True rate=290.2/s eta=6s
[199/2000] v5-ref-0526215597 minimal_judge reverse success=True rate=289.2/s eta=6s
[200/2000] v5-ref-0526215597 minimal_judge substitute success=True rate=289.2/s eta=6s
[201/2000] v5-ref-0532780cb5 literal_evidence original success=True rate=288.0/s eta=6s
[202/2000] v5-ref-0532780cb5 literal_evidence remove success=True rate=287.9/s eta=6s
[203/2000] v5-ref-0532780cb5 literal_evidence reverse success=True rate=286.9/s eta=6s
[204/2000] v5-ref-0532780cb5 literal_evidence substitute success=True rate=284.6/s eta=6s
[205/2000] v5-ref-0532780cb5 skeptical_auditor original success=True rate=284.5/s eta=6s
[206/2000] v5-ref-0532780cb5 skeptical_auditor remove success=True rate=284.4/s eta=6s
[207/2000] v5-ref-0532780cb5 skeptical_auditor reverse success=True rate=283.7/s eta=6s
[208/2000] v5-ref-0532780cb5 skeptical_auditor substitute success=True rate=283.5/s eta=6s
[209/2000] v5-ref-0532780cb5 consistency_checker original success=True rate=283.4/s eta=6s
[210/2000] v5-ref-0532780cb5 consistency_checker remove success=True rate=283.4/s eta=6s
[211/2000] v5-ref-0532780cb5 consistency_checker reverse success=True rate=282.3/s eta=6s
[212/2000] v5-ref-0532780cb5 consistency_checker substitute success=True rate=282.1/s eta=6s
[213/2000] v5-ref-0532780cb5 counterfactual_reasoner original success=True rate=281.3/s eta=6s
[214/2000] v5-ref-0532780cb5 counterfactual_reasoner remove success=True rate=281.2/s eta=6s
[215/2000] v5-ref-0532780cb5 counterfactual_reasoner reverse success=True rate=280.7/s eta=6s
[216/2000] v5-ref-0532780cb5 counterfactual_reasoner substitute success=True rate=278.1/s eta=6s
[217/2000] v5-ref-0532780cb5 minimal_judge original success=True rate=277.9/s eta=6s
[218/2000] v5-ref-0532780cb5 minimal_judge remove success=True rate=277.8/s eta=6s
[219/2000] v5-ref-0532780cb5 minimal_judge reverse success=True rate=275.4/s eta=6s
[220/2000] v5-ref-0532780cb5 minimal_judge substitute success=True rate=275.2/s eta=6s
[221/2000] v5-ref-05eb9c9c8a literal_evidence original success=True rate=274.3/s eta=6s
[222/2000] v5-ref-05eb9c9c8a literal_evidence remove success=True rate=274.3/s eta=6s
[223/2000] v5-ref-05eb9c9c8a literal_evidence reverse success=True rate=273.3/s eta=7s
[224/2000] v5-ref-05eb9c9c8a literal_evidence substitute success=True rate=273.1/s eta=7s
[225/2000] v5-ref-05eb9c9c8a skeptical_auditor original success=True rate=272.8/s eta=7s
[226/2000] v5-ref-05eb9c9c8a skeptical_auditor remove success=True rate=270.7/s eta=7s
[227/2000] v5-ref-05eb9c9c8a skeptical_auditor reverse success=True rate=270.2/s eta=7s
[228/2000] v5-ref-05eb9c9c8a skeptical_auditor substitute success=True rate=268.3/s eta=7s
[229/2000] v5-ref-05eb9c9c8a consistency_checker original success=True rate=268.1/s eta=7s
[230/2000] v5-ref-05eb9c9c8a consistency_checker remove success=True rate=267.8/s eta=7s
[231/2000] v5-ref-05eb9c9c8a consistency_checker reverse success=True rate=264.6/s eta=7s
[232/2000] v5-ref-05eb9c9c8a consistency_checker substitute success=True rate=264.4/s eta=7s
[233/2000] v5-ref-05eb9c9c8a counterfactual_reasoner original success=True rate=261.4/s eta=7s
[234/2000] v5-ref-05eb9c9c8a counterfactual_reasoner remove success=True rate=261.2/s eta=7s
[235/2000] v5-ref-05eb9c9c8a counterfactual_reasoner reverse success=True rate=260.7/s eta=7s
[236/2000] v5-ref-05eb9c9c8a counterfactual_reasoner substitute success=True rate=259.1/s eta=7s
[237/2000] v5-ref-05eb9c9c8a minimal_judge original success=True rate=258.9/s eta=7s
[238/2000] v5-ref-05eb9c9c8a minimal_judge remove success=True rate=257.3/s eta=7s
[239/2000] v5-ref-05eb9c9c8a minimal_judge reverse success=True rate=257.2/s eta=7s
[240/2000] v5-ref-05eb9c9c8a minimal_judge substitute success=True rate=257.1/s eta=7s
[241/2000] v5-ref-065c55c5f9 literal_evidence original success=True rate=256.3/s eta=7s
[242/2000] v5-ref-065c55c5f9 literal_evidence remove success=True rate=256.2/s eta=7s
[243/2000] v5-ref-065c55c5f9 literal_evidence reverse success=True rate=255.8/s eta=7s
[244/2000] v5-ref-065c55c5f9 literal_evidence substitute success=True rate=254.0/s eta=7s
[245/2000] v5-ref-065c55c5f9 skeptical_auditor original success=True rate=253.6/s eta=7s
[246/2000] v5-ref-065c55c5f9 skeptical_auditor remove success=True rate=251.5/s eta=7s
[247/2000] v5-ref-065c55c5f9 skeptical_auditor reverse success=True rate=251.4/s eta=7s
[248/2000] v5-ref-065c55c5f9 skeptical_auditor substitute success=True rate=248.8/s eta=7s
[249/2000] v5-ref-065c55c5f9 consistency_checker original success=True rate=248.7/s eta=7s
[250/2000] v5-ref-065c55c5f9 consistency_checker remove success=True rate=248.5/s eta=7s
[251/2000] v5-ref-065c55c5f9 consistency_checker reverse success=True rate=248.3/s eta=7s
[252/2000] v5-ref-065c55c5f9 consistency_checker substitute success=True rate=247.7/s eta=7s
[253/2000] v5-ref-065c55c5f9 counterfactual_reasoner original success=True rate=247.5/s eta=7s
[254/2000] v5-ref-065c55c5f9 counterfactual_reasoner remove success=True rate=247.4/s eta=7s
[255/2000] v5-ref-065c55c5f9 counterfactual_reasoner reverse success=True rate=246.0/s eta=7s
[256/2000] v5-ref-065c55c5f9 counterfactual_reasoner substitute success=True rate=245.8/s eta=7s
[257/2000] v5-ref-065c55c5f9 minimal_judge original success=True rate=243.4/s eta=7s
[258/2000] v5-ref-065c55c5f9 minimal_judge remove success=True rate=243.2/s eta=7s
[259/2000] v5-ref-065c55c5f9 minimal_judge reverse success=True rate=243.2/s eta=7s
[260/2000] v5-ref-065c55c5f9 minimal_judge substitute success=True rate=243.1/s eta=7s
[261/2000] v5-ref-069b1e69f6 literal_evidence original success=True rate=242.7/s eta=7s
[262/2000] v5-ref-069b1e69f6 literal_evidence remove success=True rate=241.8/s eta=7s
[263/2000] v5-ref-069b1e69f6 literal_evidence reverse success=True rate=240.2/s eta=7s
[264/2000] v5-ref-069b1e69f6 literal_evidence substitute success=True rate=240.0/s eta=7s
[265/2000] v5-ref-069b1e69f6 skeptical_auditor original success=True rate=237.9/s eta=7s
[266/2000] v5-ref-069b1e69f6 skeptical_auditor remove success=True rate=237.8/s eta=7s
[267/2000] v5-ref-069b1e69f6 skeptical_auditor reverse success=True rate=237.8/s eta=7s
[268/2000] v5-ref-069b1e69f6 skeptical_auditor substitute success=True rate=237.7/s eta=7s
[269/2000] v5-ref-069b1e69f6 consistency_checker original success=True rate=237.0/s eta=7s
[270/2000] v5-ref-069b1e69f6 consistency_checker remove success=True rate=236.8/s eta=7s
[271/2000] v5-ref-069b1e69f6 consistency_checker reverse success=True rate=236.7/s eta=7s
[272/2000] v5-ref-069b1e69f6 consistency_checker substitute success=True rate=235.7/s eta=7s
[273/2000] v5-ref-069b1e69f6 counterfactual_reasoner original success=True rate=235.5/s eta=7s
[274/2000] v5-ref-069b1e69f6 counterfactual_reasoner remove success=True rate=233.6/s eta=7s
[275/2000] v5-ref-069b1e69f6 counterfactual_reasoner reverse success=True rate=233.5/s eta=7s
[276/2000] v5-ref-069b1e69f6 counterfactual_reasoner substitute success=True rate=233.3/s eta=7s
[277/2000] v5-ref-069b1e69f6 minimal_judge original success=True rate=232.3/s eta=7s
[278/2000] v5-ref-069b1e69f6 minimal_judge remove success=True rate=231.2/s eta=7s
[279/2000] v5-ref-069b1e69f6 minimal_judge reverse success=True rate=231.1/s eta=7s
[280/2000] v5-ref-069b1e69f6 minimal_judge substitute success=True rate=229.9/s eta=7s
[281/2000] v5-ref-07039a6629 literal_evidence original success=True rate=229.8/s eta=7s
[282/2000] v5-ref-07039a6629 literal_evidence remove success=True rate=229.6/s eta=7s
[283/2000] v5-ref-07039a6629 literal_evidence reverse success=True rate=229.5/s eta=7s
[284/2000] v5-ref-07039a6629 literal_evidence substitute success=True rate=228.4/s eta=8s
[285/2000] v5-ref-07039a6629 skeptical_auditor original success=True rate=227.7/s eta=8s
[286/2000] v5-ref-07039a6629 skeptical_auditor remove success=True rate=227.7/s eta=8s
[287/2000] v5-ref-07039a6629 skeptical_auditor reverse success=True rate=227.3/s eta=8s
[288/2000] v5-ref-07039a6629 skeptical_auditor substitute success=True rate=226.7/s eta=8s
[289/2000] v5-ref-07039a6629 consistency_checker original success=True rate=226.5/s eta=8s
[290/2000] v5-ref-07039a6629 consistency_checker remove success=True rate=226.4/s eta=8s
[291/2000] v5-ref-07039a6629 consistency_checker reverse success=True rate=226.3/s eta=8s
[292/2000] v5-ref-07039a6629 consistency_checker substitute success=True rate=224.5/s eta=8s
[293/2000] v5-ref-07039a6629 counterfactual_reasoner original success=True rate=224.1/s eta=8s
[294/2000] v5-ref-07039a6629 counterfactual_reasoner remove success=True rate=224.0/s eta=8s
[295/2000] v5-ref-07039a6629 counterfactual_reasoner reverse success=True rate=223.4/s eta=8s
[296/2000] v5-ref-07039a6629 counterfactual_reasoner substitute success=True rate=223.2/s eta=8s
[297/2000] v5-ref-07039a6629 minimal_judge original success=True rate=223.1/s eta=8s
[298/2000] v5-ref-07039a6629 minimal_judge remove success=True rate=223.0/s eta=8s
[299/2000] v5-ref-07039a6629 minimal_judge reverse success=True rate=223.0/s eta=8s
[300/2000] v5-ref-07039a6629 minimal_judge substitute success=True rate=222.0/s eta=8s
[301/2000] v5-ref-071faf1b6b literal_evidence original success=True rate=221.1/s eta=8s
[302/2000] v5-ref-071faf1b6b literal_evidence remove success=True rate=221.0/s eta=8s
[303/2000] v5-ref-071faf1b6b literal_evidence reverse success=True rate=219.6/s eta=8s
[304/2000] v5-ref-071faf1b6b literal_evidence substitute success=True rate=219.3/s eta=8s
[305/2000] v5-ref-071faf1b6b skeptical_auditor original success=True rate=219.2/s eta=8s
[306/2000] v5-ref-071faf1b6b skeptical_auditor remove success=True rate=218.3/s eta=8s
[307/2000] v5-ref-071faf1b6b skeptical_auditor reverse success=True rate=217.6/s eta=8s
[308/2000] v5-ref-071faf1b6b skeptical_auditor substitute success=True rate=217.4/s eta=8s
[309/2000] v5-ref-071faf1b6b consistency_checker original success=True rate=215.9/s eta=8s
[310/2000] v5-ref-071faf1b6b consistency_checker remove success=True rate=215.6/s eta=8s
[311/2000] v5-ref-071faf1b6b consistency_checker reverse success=True rate=214.6/s eta=8s
[312/2000] v5-ref-071faf1b6b consistency_checker substitute success=True rate=214.5/s eta=8s
[313/2000] v5-ref-071faf1b6b counterfactual_reasoner original success=True rate=214.5/s eta=8s
[314/2000] v5-ref-071faf1b6b counterfactual_reasoner remove success=True rate=212.5/s eta=8s
[315/2000] v5-ref-071faf1b6b counterfactual_reasoner reverse success=True rate=212.5/s eta=8s
[316/2000] v5-ref-071faf1b6b counterfactual_reasoner substitute success=True rate=212.4/s eta=8s
[317/2000] v5-ref-071faf1b6b minimal_judge original success=True rate=211.8/s eta=8s
[318/2000] v5-ref-071faf1b6b minimal_judge remove success=True rate=211.6/s eta=8s
[319/2000] v5-ref-071faf1b6b minimal_judge reverse success=True rate=211.5/s eta=8s
[320/2000] v5-ref-071faf1b6b minimal_judge substitute success=True rate=211.4/s eta=8s
[321/2000] v5-ref-07413a43ff literal_evidence original success=True rate=211.4/s eta=8s
[322/2000] v5-ref-07413a43ff literal_evidence remove success=True rate=210.9/s eta=8s
[323/2000] v5-ref-07413a43ff literal_evidence reverse success=True rate=209.9/s eta=8s
[324/2000] v5-ref-07413a43ff literal_evidence substitute success=True rate=209.8/s eta=8s
[325/2000] v5-ref-07413a43ff skeptical_auditor original success=True rate=209.7/s eta=8s
[326/2000] v5-ref-07413a43ff skeptical_auditor remove success=True rate=208.9/s eta=8s
[327/2000] v5-ref-07413a43ff skeptical_auditor reverse success=True rate=207.3/s eta=8s
[328/2000] v5-ref-07413a43ff skeptical_auditor substitute success=True rate=207.2/s eta=8s
[329/2000] v5-ref-07413a43ff consistency_checker original success=True rate=207.1/s eta=8s
[330/2000] v5-ref-07413a43ff consistency_checker remove success=True rate=206.6/s eta=8s
[331/2000] v5-ref-07413a43ff consistency_checker reverse success=True rate=206.5/s eta=8s
[332/2000] v5-ref-07413a43ff consistency_checker substitute success=True rate=206.3/s eta=8s
[333/2000] v5-ref-07413a43ff counterfactual_reasoner original success=True rate=205.7/s eta=8s
[334/2000] v5-ref-07413a43ff counterfactual_reasoner remove success=True rate=205.4/s eta=8s
[335/2000] v5-ref-07413a43ff counterfactual_reasoner reverse success=True rate=204.8/s eta=8s
[336/2000] v5-ref-07413a43ff counterfactual_reasoner substitute success=True rate=204.0/s eta=8s
[337/2000] v5-ref-07413a43ff minimal_judge original success=True rate=203.9/s eta=8s
[338/2000] v5-ref-07413a43ff minimal_judge remove success=True rate=203.9/s eta=8s
[339/2000] v5-ref-07413a43ff minimal_judge reverse success=True rate=203.8/s eta=8s
[340/2000] v5-ref-07413a43ff minimal_judge substitute success=True rate=203.5/s eta=8s
[341/2000] v5-ref-075641988b literal_evidence original success=True rate=202.2/s eta=8s
[342/2000] v5-ref-075641988b literal_evidence remove success=True rate=202.1/s eta=8s
[343/2000] v5-ref-075641988b literal_evidence reverse success=True rate=201.1/s eta=8s
[344/2000] v5-ref-075641988b literal_evidence substitute success=True rate=201.0/s eta=8s
[345/2000] v5-ref-075641988b skeptical_auditor original success=True rate=200.9/s eta=8s
[346/2000] v5-ref-075641988b skeptical_auditor remove success=True rate=200.3/s eta=8s
[347/2000] v5-ref-075641988b skeptical_auditor reverse success=True rate=198.9/s eta=8s
[348/2000] v5-ref-075641988b skeptical_auditor substitute success=True rate=198.8/s eta=8s
[349/2000] v5-ref-075641988b consistency_checker original success=True rate=198.1/s eta=8s
[350/2000] v5-ref-075641988b consistency_checker remove success=True rate=197.9/s eta=8s
[351/2000] v5-ref-075641988b consistency_checker reverse success=True rate=197.7/s eta=8s
[352/2000] v5-ref-075641988b consistency_checker substitute success=True rate=197.6/s eta=8s
[353/2000] v5-ref-075641988b counterfactual_reasoner original success=True rate=197.5/s eta=8s
[354/2000] v5-ref-075641988b counterfactual_reasoner remove success=True rate=196.1/s eta=8s
[355/2000] v5-ref-075641988b counterfactual_reasoner reverse success=True rate=195.9/s eta=8s
[356/2000] v5-ref-075641988b counterfactual_reasoner substitute success=True rate=195.3/s eta=8s
[357/2000] v5-ref-075641988b minimal_judge original success=True rate=195.2/s eta=8s
[358/2000] v5-ref-075641988b minimal_judge remove success=True rate=195.1/s eta=8s
[359/2000] v5-ref-075641988b minimal_judge reverse success=True rate=194.7/s eta=8s
[360/2000] v5-ref-075641988b minimal_judge substitute success=True rate=193.4/s eta=8s
[361/2000] v5-ref-0789590583 literal_evidence original success=True rate=193.2/s eta=8s
[362/2000] v5-ref-0789590583 literal_evidence remove success=True rate=192.6/s eta=9s
[363/2000] v5-ref-0789590583 literal_evidence reverse success=True rate=192.5/s eta=9s
[364/2000] v5-ref-0789590583 literal_evidence substitute success=True rate=192.5/s eta=9s
[365/2000] v5-ref-0789590583 skeptical_auditor original success=True rate=192.3/s eta=9s
[366/2000] v5-ref-0789590583 skeptical_auditor remove success=True rate=192.2/s eta=9s
[367/2000] v5-ref-0789590583 skeptical_auditor reverse success=True rate=192.0/s eta=9s
[368/2000] v5-ref-0789590583 skeptical_auditor substitute success=True rate=191.3/s eta=9s
[369/2000] v5-ref-0789590583 consistency_checker original success=True rate=191.2/s eta=9s
[370/2000] v5-ref-0789590583 consistency_checker remove success=True rate=190.6/s eta=9s
[371/2000] v5-ref-0789590583 consistency_checker reverse success=True rate=190.4/s eta=9s
[372/2000] v5-ref-0789590583 consistency_checker substitute success=True rate=189.6/s eta=9s
[373/2000] v5-ref-0789590583 counterfactual_reasoner original success=True rate=189.4/s eta=9s
[374/2000] v5-ref-0789590583 counterfactual_reasoner remove success=True rate=189.4/s eta=9s
[375/2000] v5-ref-0789590583 counterfactual_reasoner reverse success=True rate=189.1/s eta=9s
[376/2000] v5-ref-0789590583 counterfactual_reasoner substitute success=True rate=185.4/s eta=9s
[377/2000] v5-ref-0789590583 minimal_judge original success=True rate=185.2/s eta=9s
[378/2000] v5-ref-0789590583 minimal_judge remove success=True rate=184.9/s eta=9s
[379/2000] v5-ref-0789590583 minimal_judge reverse success=True rate=184.3/s eta=9s
[380/2000] v5-ref-0789590583 minimal_judge substitute success=True rate=184.3/s eta=9s
[381/2000] v5-ref-086fd43e5d literal_evidence original success=True rate=184.0/s eta=9s
[382/2000] v5-ref-086fd43e5d literal_evidence remove success=True rate=183.9/s eta=9s
[383/2000] v5-ref-086fd43e5d literal_evidence reverse success=True rate=182.8/s eta=9s
[384/2000] v5-ref-086fd43e5d literal_evidence substitute success=True rate=182.6/s eta=9s
[385/2000] v5-ref-086fd43e5d skeptical_auditor original success=True rate=182.3/s eta=9s
[386/2000] v5-ref-086fd43e5d skeptical_auditor remove success=True rate=182.2/s eta=9s
[387/2000] v5-ref-086fd43e5d skeptical_auditor reverse success=True rate=181.8/s eta=9s
[388/2000] v5-ref-086fd43e5d skeptical_auditor substitute success=True rate=181.7/s eta=9s
[389/2000] v5-ref-086fd43e5d consistency_checker original success=True rate=180.5/s eta=9s
[390/2000] v5-ref-086fd43e5d consistency_checker remove success=True rate=180.4/s eta=9s
[391/2000] v5-ref-086fd43e5d consistency_checker reverse success=True rate=180.2/s eta=9s
[392/2000] v5-ref-086fd43e5d consistency_checker substitute success=True rate=180.1/s eta=9s
[393/2000] v5-ref-086fd43e5d counterfactual_reasoner original success=True rate=179.7/s eta=9s
[394/2000] v5-ref-086fd43e5d counterfactual_reasoner remove success=True rate=178.8/s eta=9s
[395/2000] v5-ref-086fd43e5d counterfactual_reasoner reverse success=True rate=178.6/s eta=9s
[396/2000] v5-ref-086fd43e5d counterfactual_reasoner substitute success=True rate=178.4/s eta=9s
[397/2000] v5-ref-086fd43e5d minimal_judge original success=True rate=178.3/s eta=9s
[398/2000] v5-ref-086fd43e5d minimal_judge remove success=True rate=177.9/s eta=9s
[399/2000] v5-ref-086fd43e5d minimal_judge reverse success=True rate=177.9/s eta=9s
[400/2000] v5-ref-086fd43e5d minimal_judge substitute success=True rate=176.8/s eta=9s
[401/2000] v5-ref-08e8b3f404 literal_evidence original success=True rate=176.6/s eta=9s
[402/2000] v5-ref-08e8b3f404 literal_evidence remove success=True rate=176.4/s eta=9s
[403/2000] v5-ref-08e8b3f404 literal_evidence reverse success=True rate=176.3/s eta=9s
[404/2000] v5-ref-08e8b3f404 literal_evidence substitute success=True rate=176.0/s eta=9s
[405/2000] v5-ref-08e8b3f404 skeptical_auditor original success=True rate=175.9/s eta=9s
[406/2000] v5-ref-08e8b3f404 skeptical_auditor remove success=True rate=175.6/s eta=9s
[407/2000] v5-ref-08e8b3f404 skeptical_auditor reverse success=True rate=175.2/s eta=9s
[408/2000] v5-ref-08e8b3f404 skeptical_auditor substitute success=True rate=174.9/s eta=9s
[409/2000] v5-ref-08e8b3f404 consistency_checker original success=True rate=174.8/s eta=9s
[410/2000] v5-ref-08e8b3f404 consistency_checker remove success=True rate=174.7/s eta=9s
[411/2000] v5-ref-08e8b3f404 consistency_checker reverse success=True rate=173.9/s eta=9s
[412/2000] v5-ref-08e8b3f404 consistency_checker substitute success=True rate=173.9/s eta=9s
[413/2000] v5-ref-08e8b3f404 counterfactual_reasoner original success=True rate=173.6/s eta=9s
[414/2000] v5-ref-08e8b3f404 counterfactual_reasoner remove success=True rate=173.4/s eta=9s
[415/2000] v5-ref-08e8b3f404 counterfactual_reasoner reverse success=True rate=173.2/s eta=9s
[416/2000] v5-ref-08e8b3f404 counterfactual_reasoner substitute success=True rate=173.1/s eta=9s
[417/2000] v5-ref-08e8b3f404 minimal_judge original success=True rate=172.9/s eta=9s
[418/2000] v5-ref-08e8b3f404 minimal_judge remove success=True rate=172.4/s eta=9s
[419/2000] v5-ref-08e8b3f404 minimal_judge reverse success=True rate=172.4/s eta=9s
[420/2000] v5-ref-08e8b3f404 minimal_judge substitute success=True rate=172.2/s eta=9s
[421/2000] v5-ref-08ece88e62 literal_evidence original success=True rate=172.1/s eta=9s
[422/2000] v5-ref-08ece88e62 literal_evidence remove success=True rate=171.3/s eta=9s
[423/2000] v5-ref-08ece88e62 literal_evidence reverse success=True rate=171.1/s eta=9s
[424/2000] v5-ref-08ece88e62 literal_evidence substitute success=True rate=171.0/s eta=9s
[425/2000] v5-ref-08ece88e62 skeptical_auditor original success=True rate=170.9/s eta=9s
[426/2000] v5-ref-08ece88e62 skeptical_auditor remove success=True rate=170.8/s eta=9s
[427/2000] v5-ref-08ece88e62 skeptical_auditor reverse success=True rate=170.5/s eta=9s
[428/2000] v5-ref-08ece88e62 skeptical_auditor substitute success=True rate=170.2/s eta=9s
[429/2000] v5-ref-08ece88e62 consistency_checker original success=True rate=169.9/s eta=9s
[430/2000] v5-ref-08ece88e62 consistency_checker remove success=True rate=169.7/s eta=9s
[431/2000] v5-ref-08ece88e62 consistency_checker reverse success=True rate=169.6/s eta=9s
[432/2000] v5-ref-08ece88e62 consistency_checker substitute success=True rate=169.5/s eta=9s
[433/2000] v5-ref-08ece88e62 counterfactual_reasoner original success=True rate=168.5/s eta=9s
[434/2000] v5-ref-08ece88e62 counterfactual_reasoner remove success=True rate=168.4/s eta=9s
[435/2000] v5-ref-08ece88e62 counterfactual_reasoner reverse success=True rate=168.1/s eta=9s
[436/2000] v5-ref-08ece88e62 counterfactual_reasoner substitute success=True rate=168.0/s eta=9s
[437/2000] v5-ref-08ece88e62 minimal_judge original success=True rate=167.8/s eta=9s
[438/2000] v5-ref-08ece88e62 minimal_judge remove success=True rate=167.7/s eta=9s
[439/2000] v5-ref-08ece88e62 minimal_judge reverse success=True rate=167.6/s eta=9s
[440/2000] v5-ref-08ece88e62 minimal_judge substitute success=True rate=167.5/s eta=9s
[441/2000] v5-ref-08f8b9ac30 literal_evidence original success=True rate=167.4/s eta=9s
[442/2000] v5-ref-08f8b9ac30 literal_evidence remove success=True rate=167.2/s eta=9s
[443/2000] v5-ref-08f8b9ac30 literal_evidence reverse success=True rate=167.0/s eta=9s
[444/2000] v5-ref-08f8b9ac30 literal_evidence substitute success=True rate=166.9/s eta=9s
[445/2000] v5-ref-08f8b9ac30 skeptical_auditor original success=True rate=166.4/s eta=9s
[446/2000] v5-ref-08f8b9ac30 skeptical_auditor remove success=True rate=166.2/s eta=9s
[447/2000] v5-ref-08f8b9ac30 skeptical_auditor reverse success=True rate=166.1/s eta=9s
[448/2000] v5-ref-08f8b9ac30 skeptical_auditor substitute success=True rate=166.0/s eta=9s
[449/2000] v5-ref-08f8b9ac30 consistency_checker original success=True rate=165.9/s eta=9s
[450/2000] v5-ref-08f8b9ac30 consistency_checker remove success=True rate=165.8/s eta=9s
[451/2000] v5-ref-08f8b9ac30 consistency_checker reverse success=True rate=165.8/s eta=9s
[452/2000] v5-ref-08f8b9ac30 consistency_checker substitute success=True rate=165.7/s eta=9s
[453/2000] v5-ref-08f8b9ac30 counterfactual_reasoner original success=True rate=165.5/s eta=9s
[454/2000] v5-ref-08f8b9ac30 counterfactual_reasoner remove success=True rate=165.4/s eta=9s
[455/2000] v5-ref-08f8b9ac30 counterfactual_reasoner reverse success=True rate=165.3/s eta=9s
[456/2000] v5-ref-08f8b9ac30 counterfactual_reasoner substitute success=True rate=165.3/s eta=9s
[457/2000] v5-ref-08f8b9ac30 minimal_judge original success=True rate=165.2/s eta=9s
[458/2000] v5-ref-08f8b9ac30 minimal_judge remove success=True rate=165.1/s eta=9s
[459/2000] v5-ref-08f8b9ac30 minimal_judge reverse success=True rate=165.0/s eta=9s
[460/2000] v5-ref-08f8b9ac30 minimal_judge substitute success=True rate=164.9/s eta=9s
[461/2000] v5-ref-0929669aa9 literal_evidence original success=True rate=164.8/s eta=9s
[462/2000] v5-ref-0929669aa9 literal_evidence remove success=True rate=164.7/s eta=9s
[463/2000] v5-ref-0929669aa9 literal_evidence reverse success=True rate=164.5/s eta=9s
[464/2000] v5-ref-0929669aa9 literal_evidence substitute success=True rate=164.4/s eta=9s
[465/2000] v5-ref-0929669aa9 skeptical_auditor original success=True rate=164.3/s eta=9s
[466/2000] v5-ref-0929669aa9 skeptical_auditor remove success=True rate=164.2/s eta=9s
[467/2000] v5-ref-0929669aa9 skeptical_auditor reverse success=True rate=164.1/s eta=9s
[468/2000] v5-ref-0929669aa9 skeptical_auditor substitute success=True rate=163.9/s eta=9s
[469/2000] v5-ref-0929669aa9 consistency_checker original success=True rate=163.8/s eta=9s
[470/2000] v5-ref-0929669aa9 consistency_checker remove success=True rate=163.7/s eta=9s
[471/2000] v5-ref-0929669aa9 consistency_checker reverse success=True rate=163.6/s eta=9s
[472/2000] v5-ref-0929669aa9 consistency_checker substitute success=True rate=163.6/s eta=9s
[473/2000] v5-ref-0929669aa9 counterfactual_reasoner original success=True rate=163.4/s eta=9s
[474/2000] v5-ref-0929669aa9 counterfactual_reasoner remove success=True rate=163.3/s eta=9s
[475/2000] v5-ref-0929669aa9 counterfactual_reasoner reverse success=True rate=163.2/s eta=9s
[476/2000] v5-ref-0929669aa9 counterfactual_reasoner substitute success=True rate=163.1/s eta=9s
[477/2000] v5-ref-0929669aa9 minimal_judge original success=True rate=163.0/s eta=9s
[478/2000] v5-ref-0929669aa9 minimal_judge remove success=True rate=162.9/s eta=9s
[479/2000] v5-ref-0929669aa9 minimal_judge reverse success=True rate=162.8/s eta=9s
[480/2000] v5-ref-0929669aa9 minimal_judge substitute success=True rate=162.7/s eta=9s
[481/2000] v5-ref-093d1c158f literal_evidence original success=True rate=162.6/s eta=9s
[482/2000] v5-ref-093d1c158f literal_evidence remove success=True rate=162.5/s eta=9s
[483/2000] v5-ref-093d1c158f literal_evidence reverse success=True rate=162.4/s eta=9s
[484/2000] v5-ref-093d1c158f literal_evidence substitute success=True rate=162.3/s eta=9s
[485/2000] v5-ref-093d1c158f skeptical_auditor original success=True rate=162.2/s eta=9s
[486/2000] v5-ref-093d1c158f skeptical_auditor remove success=True rate=162.1/s eta=9s
[487/2000] v5-ref-093d1c158f skeptical_auditor reverse success=True rate=162.0/s eta=9s
[488/2000] v5-ref-093d1c158f skeptical_auditor substitute success=True rate=161.9/s eta=9s
[489/2000] v5-ref-093d1c158f consistency_checker original success=True rate=161.8/s eta=9s
[490/2000] v5-ref-093d1c158f consistency_checker remove success=True rate=161.6/s eta=9s
[491/2000] v5-ref-093d1c158f consistency_checker reverse success=True rate=161.4/s eta=9s
[492/2000] v5-ref-093d1c158f consistency_checker substitute success=True rate=161.3/s eta=9s
[493/2000] v5-ref-093d1c158f counterfactual_reasoner original success=True rate=161.2/s eta=9s
[494/2000] v5-ref-093d1c158f counterfactual_reasoner remove success=True rate=161.1/s eta=9s
[495/2000] v5-ref-093d1c158f counterfactual_reasoner reverse success=True rate=160.1/s eta=9s
[496/2000] v5-ref-093d1c158f counterfactual_reasoner substitute success=True rate=160.0/s eta=9s
[497/2000] v5-ref-093d1c158f minimal_judge original success=True rate=159.9/s eta=9s
[498/2000] v5-ref-093d1c158f minimal_judge remove success=True rate=159.8/s eta=9s
[499/2000] v5-ref-093d1c158f minimal_judge reverse success=True rate=159.7/s eta=9s
[500/2000] v5-ref-093d1c158f minimal_judge substitute success=True rate=159.6/s eta=9s
[501/2000] v5-ref-09439ca0e5 literal_evidence original success=True rate=141.6/s eta=11s
[502/2000] v5-ref-09439ca0e5 literal_evidence remove success=True rate=132.9/s eta=11s
[503/2000] v5-ref-09439ca0e5 literal_evidence reverse success=True rate=123.1/s eta=12s
[504/2000] v5-ref-09439ca0e5 literal_evidence substitute success=True rate=114.2/s eta=13s
[505/2000] v5-ref-09439ca0e5 skeptical_auditor original success=True rate=106.4/s eta=14s
[506/2000] v5-ref-09439ca0e5 skeptical_auditor remove success=True rate=101.0/s eta=15s
[507/2000] v5-ref-09439ca0e5 skeptical_auditor reverse success=True rate=94.9/s eta=16s
[508/2000] v5-ref-09439ca0e5 skeptical_auditor substitute success=True rate=89.6/s eta=17s
[509/2000] v5-ref-09439ca0e5 consistency_checker original success=True rate=85.1/s eta=18s
[510/2000] v5-ref-09439ca0e5 consistency_checker remove success=True rate=81.9/s eta=18s
[511/2000] v5-ref-09439ca0e5 consistency_checker reverse success=True rate=78.2/s eta=19s
[512/2000] v5-ref-09439ca0e5 consistency_checker substitute success=True rate=74.8/s eta=20s
[513/2000] v5-ref-09439ca0e5 counterfactual_reasoner original success=True rate=71.3/s eta=21s
[514/2000] v5-ref-09439ca0e5 counterfactual_reasoner remove success=True rate=69.1/s eta=22s
[515/2000] v5-ref-09439ca0e5 counterfactual_reasoner reverse success=True rate=66.4/s eta=22s
[516/2000] v5-ref-09439ca0e5 counterfactual_reasoner substitute success=True rate=63.7/s eta=23s
[517/2000] v5-ref-09439ca0e5 minimal_judge original success=True rate=61.4/s eta=24s
[518/2000] v5-ref-09439ca0e5 minimal_judge remove success=True rate=59.8/s eta=25s
[519/2000] v5-ref-09439ca0e5 minimal_judge reverse success=True rate=57.8/s eta=26s
[520/2000] v5-ref-09439ca0e5 minimal_judge substitute success=True rate=56.0/s eta=26s
[521/2000] v5-ref-094b1c657f literal_evidence original success=True rate=54.2/s eta=27s
[522/2000] v5-ref-094b1c657f literal_evidence remove success=True rate=53.0/s eta=28s
[523/2000] v5-ref-094b1c657f literal_evidence reverse success=True rate=51.4/s eta=29s
[524/2000] v5-ref-094b1c657f literal_evidence substitute success=True rate=50.0/s eta=30s
[525/2000] v5-ref-094b1c657f skeptical_auditor original success=True rate=48.5/s eta=30s
[526/2000] v5-ref-094b1c657f skeptical_auditor remove success=True rate=47.5/s eta=31s
[527/2000] v5-ref-094b1c657f skeptical_auditor reverse success=True rate=46.2/s eta=32s
[528/2000] v5-ref-094b1c657f skeptical_auditor substitute success=True rate=45.0/s eta=33s
[529/2000] v5-ref-094b1c657f consistency_checker original success=True rate=43.7/s eta=34s
[530/2000] v5-ref-094b1c657f consistency_checker remove success=True rate=42.9/s eta=34s
[531/2000] v5-ref-094b1c657f consistency_checker reverse success=True rate=41.9/s eta=35s
[532/2000] v5-ref-094b1c657f consistency_checker substitute success=True rate=41.9/s eta=35s
[533/2000] v5-ref-094b1c657f counterfactual_reasoner original success=True rate=40.9/s eta=36s
[534/2000] v5-ref-094b1c657f counterfactual_reasoner remove success=True rate=40.2/s eta=36s
[535/2000] v5-ref-094b1c657f counterfactual_reasoner reverse success=True rate=39.3/s eta=37s
[536/2000] v5-ref-094b1c657f counterfactual_reasoner substitute success=True rate=38.5/s eta=38s
[537/2000] v5-ref-094b1c657f minimal_judge original success=True rate=37.7/s eta=39s
[538/2000] v5-ref-094b1c657f minimal_judge remove success=True rate=37.2/s eta=39s
[539/2000] v5-ref-094b1c657f minimal_judge reverse success=True rate=36.4/s eta=40s
[540/2000] v5-ref-094b1c657f minimal_judge substitute success=True rate=35.8/s eta=41s
[541/2000] v5-ref-09595396c1 literal_evidence original success=True rate=35.1/s eta=42s
[542/2000] v5-ref-09595396c1 literal_evidence remove success=True rate=34.6/s eta=42s
[543/2000] v5-ref-09595396c1 literal_evidence reverse success=True rate=34.0/s eta=43s
[544/2000] v5-ref-09595396c1 literal_evidence substitute success=True rate=33.4/s eta=44s
[545/2000] v5-ref-09595396c1 skeptical_auditor original success=True rate=32.8/s eta=44s
[546/2000] v5-ref-09595396c1 skeptical_auditor remove success=True rate=32.4/s eta=45s
[547/2000] v5-ref-09595396c1 skeptical_auditor reverse success=True rate=31.8/s eta=46s
[548/2000] v5-ref-09595396c1 skeptical_auditor substitute success=True rate=31.2/s eta=46s
[549/2000] v5-ref-09595396c1 consistency_checker original success=True rate=30.8/s eta=47s
[550/2000] v5-ref-09595396c1 consistency_checker remove success=True rate=30.4/s eta=48s
[551/2000] v5-ref-09595396c1 consistency_checker reverse success=True rate=30.0/s eta=48s
[552/2000] v5-ref-09595396c1 consistency_checker substitute success=True rate=29.5/s eta=49s
[553/2000] v5-ref-09595396c1 counterfactual_reasoner original success=True rate=29.0/s eta=50s
[554/2000] v5-ref-09595396c1 counterfactual_reasoner remove success=True rate=28.7/s eta=50s
[555/2000] v5-ref-09595396c1 counterfactual_reasoner reverse success=True rate=28.3/s eta=51s
[556/2000] v5-ref-09595396c1 counterfactual_reasoner substitute success=True rate=27.9/s eta=52s
[557/2000] v5-ref-09595396c1 minimal_judge original success=True rate=27.5/s eta=52s
[558/2000] v5-ref-09595396c1 minimal_judge remove success=True rate=27.2/s eta=53s
[559/2000] v5-ref-09595396c1 minimal_judge reverse success=True rate=26.9/s eta=54s
[560/2000] v5-ref-09595396c1 minimal_judge substitute success=True rate=26.5/s eta=54s
[561/2000] v5-ref-09a45e133c literal_evidence original success=True rate=26.2/s eta=55s
[562/2000] v5-ref-09a45e133c literal_evidence remove success=True rate=25.9/s eta=55s
[563/2000] v5-ref-09a45e133c literal_evidence reverse success=True rate=25.6/s eta=56s
[564/2000] v5-ref-09a45e133c literal_evidence substitute success=True rate=25.3/s eta=57s
[565/2000] v5-ref-09a45e133c skeptical_auditor original success=True rate=25.0/s eta=57s
[566/2000] v5-ref-09a45e133c skeptical_auditor remove success=True rate=24.7/s eta=58s
[567/2000] v5-ref-09a45e133c skeptical_auditor reverse success=True rate=24.4/s eta=59s
[568/2000] v5-ref-09a45e133c skeptical_auditor substitute success=True rate=24.1/s eta=59s
[569/2000] v5-ref-09a45e133c consistency_checker original success=True rate=23.9/s eta=60s
[570/2000] v5-ref-09a45e133c consistency_checker remove success=True rate=23.7/s eta=60s
[571/2000] v5-ref-09a45e133c consistency_checker reverse success=True rate=23.4/s eta=61s
[572/2000] v5-ref-09a45e133c consistency_checker substitute success=True rate=23.1/s eta=62s
[573/2000] v5-ref-09a45e133c counterfactual_reasoner original success=True rate=22.9/s eta=62s
[574/2000] v5-ref-09a45e133c counterfactual_reasoner remove success=True rate=22.7/s eta=63s
[575/2000] v5-ref-09a45e133c counterfactual_reasoner reverse success=True rate=22.4/s eta=63s
[576/2000] v5-ref-09a45e133c counterfactual_reasoner substitute success=True rate=22.2/s eta=64s
[577/2000] v5-ref-09a45e133c minimal_judge original success=True rate=22.0/s eta=65s
[578/2000] v5-ref-09a45e133c minimal_judge remove success=True rate=21.8/s eta=65s
[579/2000] v5-ref-09a45e133c minimal_judge reverse success=True rate=21.6/s eta=66s
[580/2000] v5-ref-09a45e133c minimal_judge substitute success=True rate=21.4/s eta=66s
[581/2000] v5-ref-09cd0e3929 literal_evidence original success=True rate=21.2/s eta=67s
[582/2000] v5-ref-09cd0e3929 literal_evidence remove success=True rate=21.0/s eta=67s
[583/2000] v5-ref-09cd0e3929 literal_evidence reverse success=True rate=20.8/s eta=68s
[584/2000] v5-ref-09cd0e3929 literal_evidence substitute success=True rate=20.6/s eta=69s
[585/2000] v5-ref-09cd0e3929 skeptical_auditor original success=True rate=20.4/s eta=69s
[586/2000] v5-ref-09cd0e3929 skeptical_auditor remove success=True rate=20.2/s eta=70s
[587/2000] v5-ref-09cd0e3929 skeptical_auditor reverse success=True rate=20.0/s eta=71s
[588/2000] v5-ref-09cd0e3929 skeptical_auditor substitute success=True rate=19.8/s eta=71s
[589/2000] v5-ref-09cd0e3929 consistency_checker original success=True rate=19.7/s eta=72s
[590/2000] v5-ref-09cd0e3929 consistency_checker remove success=True rate=19.5/s eta=72s
[591/2000] v5-ref-09cd0e3929 consistency_checker reverse success=True rate=19.4/s eta=73s
[592/2000] v5-ref-09cd0e3929 consistency_checker substitute success=True rate=19.2/s eta=73s
[593/2000] v5-ref-09cd0e3929 counterfactual_reasoner original success=True rate=19.0/s eta=74s
[594/2000] v5-ref-09cd0e3929 counterfactual_reasoner remove success=True rate=18.9/s eta=74s
[595/2000] v5-ref-09cd0e3929 counterfactual_reasoner reverse success=True rate=18.7/s eta=75s
[596/2000] v5-ref-09cd0e3929 counterfactual_reasoner substitute success=True rate=18.5/s eta=76s
[597/2000] v5-ref-09cd0e3929 minimal_judge original success=True rate=18.4/s eta=76s
[598/2000] v5-ref-09cd0e3929 minimal_judge remove success=True rate=18.3/s eta=77s
[599/2000] v5-ref-09cd0e3929 minimal_judge reverse success=True rate=18.1/s eta=77s
[600/2000] v5-ref-09cd0e3929 minimal_judge substitute success=True rate=18.0/s eta=78s
[601/2000] v5-ref-0aac3dbe22 literal_evidence original success=True rate=17.9/s eta=78s
[602/2000] v5-ref-0aac3dbe22 literal_evidence remove success=True rate=17.8/s eta=79s
[603/2000] v5-ref-0aac3dbe22 literal_evidence reverse success=True rate=17.6/s eta=79s
[604/2000] v5-ref-0aac3dbe22 literal_evidence substitute success=True rate=17.5/s eta=80s
[605/2000] v5-ref-0aac3dbe22 skeptical_auditor original success=True rate=17.4/s eta=80s
[606/2000] v5-ref-0aac3dbe22 skeptical_auditor remove success=True rate=17.3/s eta=81s
[607/2000] v5-ref-0aac3dbe22 skeptical_auditor reverse success=True rate=17.1/s eta=81s
[608/2000] v5-ref-0aac3dbe22 skeptical_auditor substitute success=True rate=17.0/s eta=82s
[609/2000] v5-ref-0aac3dbe22 consistency_checker original success=True rate=16.9/s eta=82s
[610/2000] v5-ref-0aac3dbe22 consistency_checker remove success=True rate=16.8/s eta=83s
[611/2000] v5-ref-0aac3dbe22 consistency_checker reverse success=True rate=16.7/s eta=83s
[612/2000] v5-ref-0aac3dbe22 consistency_checker substitute success=True rate=16.5/s eta=84s
[613/2000] v5-ref-0aac3dbe22 counterfactual_reasoner original success=True rate=16.4/s eta=84s
[614/2000] v5-ref-0aac3dbe22 counterfactual_reasoner remove success=True rate=16.3/s eta=85s
[615/2000] v5-ref-0aac3dbe22 counterfactual_reasoner reverse success=True rate=16.2/s eta=85s
[616/2000] v5-ref-0aac3dbe22 counterfactual_reasoner substitute success=True rate=16.1/s eta=86s
[617/2000] v5-ref-0aac3dbe22 minimal_judge original success=True rate=16.0/s eta=86s
[618/2000] v5-ref-0aac3dbe22 minimal_judge remove success=True rate=15.9/s eta=87s
[619/2000] v5-ref-0aac3dbe22 minimal_judge reverse success=True rate=15.8/s eta=87s
[620/2000] v5-ref-0aac3dbe22 minimal_judge substitute success=True rate=15.7/s eta=88s
[621/2000] v5-ref-0ac24644f2 literal_evidence original success=True rate=15.6/s eta=88s
[622/2000] v5-ref-0ac24644f2 literal_evidence remove success=True rate=15.5/s eta=89s
[623/2000] v5-ref-0ac24644f2 literal_evidence reverse success=True rate=15.4/s eta=89s
[624/2000] v5-ref-0ac24644f2 literal_evidence substitute success=True rate=15.3/s eta=90s
[625/2000] v5-ref-0ac24644f2 skeptical_auditor original success=True rate=15.2/s eta=90s
[626/2000] v5-ref-0ac24644f2 skeptical_auditor remove success=True rate=15.1/s eta=91s
[627/2000] v5-ref-0ac24644f2 skeptical_auditor reverse success=True rate=15.0/s eta=91s
[628/2000] v5-ref-0ac24644f2 skeptical_auditor substitute success=True rate=14.9/s eta=92s
[629/2000] v5-ref-0ac24644f2 consistency_checker original success=True rate=14.8/s eta=92s
[630/2000] v5-ref-0ac24644f2 consistency_checker remove success=True rate=14.8/s eta=93s
[631/2000] v5-ref-0ac24644f2 consistency_checker reverse success=True rate=14.7/s eta=93s
[632/2000] v5-ref-0ac24644f2 consistency_checker substitute success=True rate=14.7/s eta=93s
[633/2000] v5-ref-0ac24644f2 counterfactual_reasoner original success=True rate=14.6/s eta=94s
[634/2000] v5-ref-0ac24644f2 counterfactual_reasoner remove success=True rate=14.5/s eta=94s
[635/2000] v5-ref-0ac24644f2 counterfactual_reasoner reverse success=True rate=14.4/s eta=95s
[636/2000] v5-ref-0ac24644f2 counterfactual_reasoner substitute success=True rate=14.3/s eta=95s
[637/2000] v5-ref-0ac24644f2 minimal_judge original success=True rate=14.3/s eta=96s
[638/2000] v5-ref-0ac24644f2 minimal_judge remove success=True rate=14.2/s eta=96s
[639/2000] v5-ref-0ac24644f2 minimal_judge reverse success=True rate=14.1/s eta=96s
[640/2000] v5-ref-0ac24644f2 minimal_judge substitute success=True rate=14.0/s eta=97s
[641/2000] v5-ref-0b03ddc62e literal_evidence original success=True rate=14.0/s eta=97s
[642/2000] v5-ref-0b03ddc62e literal_evidence remove success=True rate=13.9/s eta=98s
[643/2000] v5-ref-0b03ddc62e literal_evidence reverse success=True rate=13.8/s eta=98s
[644/2000] v5-ref-0b03ddc62e literal_evidence substitute success=True rate=13.7/s eta=99s
[645/2000] v5-ref-0b03ddc62e skeptical_auditor original success=True rate=13.7/s eta=99s
[646/2000] v5-ref-0b03ddc62e skeptical_auditor remove success=True rate=13.6/s eta=99s
[647/2000] v5-ref-0b03ddc62e skeptical_auditor reverse success=True rate=13.5/s eta=100s
[648/2000] v5-ref-0b03ddc62e skeptical_auditor substitute success=True rate=13.4/s eta=101s
[649/2000] v5-ref-0b03ddc62e consistency_checker original success=True rate=13.4/s eta=101s
[650/2000] v5-ref-0b03ddc62e consistency_checker remove success=True rate=13.3/s eta=102s
[651/2000] v5-ref-0b03ddc62e consistency_checker reverse success=True rate=13.2/s eta=102s
[652/2000] v5-ref-0b03ddc62e consistency_checker substitute success=True rate=13.1/s eta=103s
[653/2000] v5-ref-0b03ddc62e counterfactual_reasoner original success=True rate=13.1/s eta=103s
[654/2000] v5-ref-0b03ddc62e counterfactual_reasoner remove success=True rate=13.0/s eta=104s
[655/2000] v5-ref-0b03ddc62e counterfactual_reasoner reverse success=True rate=12.9/s eta=104s
[656/2000] v5-ref-0b03ddc62e counterfactual_reasoner substitute success=True rate=12.8/s eta=105s
[657/2000] v5-ref-0b03ddc62e minimal_judge original success=True rate=12.8/s eta=105s
[658/2000] v5-ref-0b03ddc62e minimal_judge remove success=True rate=12.7/s eta=106s
[659/2000] v5-ref-0b03ddc62e minimal_judge reverse success=True rate=12.6/s eta=106s
[660/2000] v5-ref-0b03ddc62e minimal_judge substitute success=True rate=12.6/s eta=107s
[661/2000] v5-ref-0bb9956410 literal_evidence original success=True rate=12.5/s eta=107s
[662/2000] v5-ref-0bb9956410 literal_evidence remove success=True rate=12.5/s eta=107s
[663/2000] v5-ref-0bb9956410 literal_evidence reverse success=True rate=12.4/s eta=108s
[664/2000] v5-ref-0bb9956410 literal_evidence substitute success=True rate=12.3/s eta=108s
[665/2000] v5-ref-0bb9956410 skeptical_auditor original success=True rate=12.3/s eta=109s
[666/2000] v5-ref-0bb9956410 skeptical_auditor remove success=True rate=12.2/s eta=109s
[667/2000] v5-ref-0bb9956410 skeptical_auditor reverse success=True rate=12.1/s eta=110s
[668/2000] v5-ref-0bb9956410 skeptical_auditor substitute success=True rate=12.1/s eta=110s
[669/2000] v5-ref-0bb9956410 consistency_checker original success=True rate=12.0/s eta=111s
[670/2000] v5-ref-0bb9956410 consistency_checker remove success=True rate=12.0/s eta=111s
[671/2000] v5-ref-0bb9956410 consistency_checker reverse success=True rate=11.9/s eta=112s
[672/2000] v5-ref-0bb9956410 consistency_checker substitute success=True rate=11.8/s eta=112s
[673/2000] v5-ref-0bb9956410 counterfactual_reasoner original success=True rate=11.8/s eta=113s
[674/2000] v5-ref-0bb9956410 counterfactual_reasoner remove success=True rate=11.7/s eta=113s
[675/2000] v5-ref-0bb9956410 counterfactual_reasoner reverse success=True rate=11.7/s eta=114s
[676/2000] v5-ref-0bb9956410 counterfactual_reasoner substitute success=True rate=11.6/s eta=114s
[677/2000] v5-ref-0bb9956410 minimal_judge original success=True rate=11.6/s eta=115s
[678/2000] v5-ref-0bb9956410 minimal_judge remove success=True rate=11.5/s eta=115s
[679/2000] v5-ref-0bb9956410 minimal_judge reverse success=True rate=11.5/s eta=115s
[680/2000] v5-ref-0bb9956410 minimal_judge substitute success=True rate=11.4/s eta=116s
[681/2000] v5-ref-0bfd2b74d1 literal_evidence original success=True rate=11.4/s eta=116s
[682/2000] v5-ref-0bfd2b74d1 literal_evidence remove success=True rate=11.3/s eta=117s
[683/2000] v5-ref-0bfd2b74d1 literal_evidence reverse success=True rate=11.3/s eta=117s
[684/2000] v5-ref-0bfd2b74d1 literal_evidence substitute success=True rate=11.2/s eta=117s
[685/2000] v5-ref-0bfd2b74d1 skeptical_auditor original success=True rate=11.1/s eta=118s
[686/2000] v5-ref-0bfd2b74d1 skeptical_auditor remove success=True rate=11.1/s eta=118s
[687/2000] v5-ref-0bfd2b74d1 skeptical_auditor reverse success=True rate=11.1/s eta=119s
[688/2000] v5-ref-0bfd2b74d1 skeptical_auditor substitute success=True rate=11.0/s eta=119s
[689/2000] v5-ref-0bfd2b74d1 consistency_checker original success=True rate=10.9/s eta=120s
[690/2000] v5-ref-0bfd2b74d1 consistency_checker remove success=True rate=10.9/s eta=120s
[691/2000] v5-ref-0bfd2b74d1 consistency_checker reverse success=True rate=10.9/s eta=120s
[692/2000] v5-ref-0bfd2b74d1 consistency_checker substitute success=True rate=10.8/s eta=121s
[693/2000] v5-ref-0bfd2b74d1 counterfactual_reasoner original success=True rate=10.8/s eta=121s
[694/2000] v5-ref-0bfd2b74d1 counterfactual_reasoner remove success=True rate=10.7/s eta=122s
[695/2000] v5-ref-0bfd2b74d1 counterfactual_reasoner reverse success=True rate=10.7/s eta=122s
[696/2000] v5-ref-0bfd2b74d1 counterfactual_reasoner substitute success=True rate=10.6/s eta=123s
[697/2000] v5-ref-0bfd2b74d1 minimal_judge original success=True rate=10.6/s eta=123s
[698/2000] v5-ref-0bfd2b74d1 minimal_judge remove success=True rate=10.6/s eta=123s
[699/2000] v5-ref-0bfd2b74d1 minimal_judge reverse success=True rate=10.5/s eta=123s
[700/2000] v5-ref-0bfd2b74d1 minimal_judge substitute success=True rate=10.5/s eta=124s
[701/2000] v5-ref-0c8b674f13 literal_evidence original success=True rate=10.5/s eta=124s
[702/2000] v5-ref-0c8b674f13 literal_evidence remove success=True rate=10.4/s eta=124s
[703/2000] v5-ref-0c8b674f13 literal_evidence reverse success=True rate=10.4/s eta=125s
[704/2000] v5-ref-0c8b674f13 literal_evidence substitute success=True rate=10.4/s eta=125s
[705/2000] v5-ref-0c8b674f13 skeptical_auditor original success=True rate=10.3/s eta=125s
[706/2000] v5-ref-0c8b674f13 skeptical_auditor remove success=True rate=10.3/s eta=126s
[707/2000] v5-ref-0c8b674f13 skeptical_auditor reverse success=True rate=10.3/s eta=126s
[708/2000] v5-ref-0c8b674f13 skeptical_auditor substitute success=True rate=10.2/s eta=126s
[709/2000] v5-ref-0c8b674f13 consistency_checker original success=True rate=10.2/s eta=127s
[710/2000] v5-ref-0c8b674f13 consistency_checker remove success=True rate=10.2/s eta=127s
[711/2000] v5-ref-0c8b674f13 consistency_checker reverse success=True rate=10.1/s eta=127s
[712/2000] v5-ref-0c8b674f13 consistency_checker substitute success=True rate=10.1/s eta=128s
[713/2000] v5-ref-0c8b674f13 counterfactual_reasoner original success=True rate=10.0/s eta=128s
[714/2000] v5-ref-0c8b674f13 counterfactual_reasoner remove success=True rate=10.0/s eta=128s
[715/2000] v5-ref-0c8b674f13 counterfactual_reasoner reverse success=True rate=10.0/s eta=129s
[716/2000] v5-ref-0c8b674f13 counterfactual_reasoner substitute success=True rate=9.9/s eta=129s
[717/2000] v5-ref-0c8b674f13 minimal_judge original success=True rate=9.9/s eta=129s
[718/2000] v5-ref-0c8b674f13 minimal_judge remove success=True rate=9.9/s eta=130s
[719/2000] v5-ref-0c8b674f13 minimal_judge reverse success=True rate=9.9/s eta=130s
[720/2000] v5-ref-0c8b674f13 minimal_judge substitute success=True rate=9.8/s eta=130s
[721/2000] v5-ref-0cb4c2b6ad literal_evidence original success=True rate=9.8/s eta=131s
[722/2000] v5-ref-0cb4c2b6ad literal_evidence remove success=True rate=9.8/s eta=131s
[723/2000] v5-ref-0cb4c2b6ad literal_evidence reverse success=True rate=9.7/s eta=131s
[724/2000] v5-ref-0cb4c2b6ad literal_evidence substitute success=True rate=9.7/s eta=132s
[725/2000] v5-ref-0cb4c2b6ad skeptical_auditor original success=True rate=9.7/s eta=132s
[726/2000] v5-ref-0cb4c2b6ad skeptical_auditor remove success=True rate=9.6/s eta=132s
[727/2000] v5-ref-0cb4c2b6ad skeptical_auditor reverse success=True rate=9.6/s eta=133s
[728/2000] v5-ref-0cb4c2b6ad skeptical_auditor substitute success=True rate=9.6/s eta=133s
[729/2000] v5-ref-0cb4c2b6ad consistency_checker original success=True rate=9.5/s eta=133s
[730/2000] v5-ref-0cb4c2b6ad consistency_checker remove success=True rate=9.5/s eta=134s
[731/2000] v5-ref-0cb4c2b6ad consistency_checker reverse success=True rate=9.5/s eta=134s
[732/2000] v5-ref-0cb4c2b6ad consistency_checker substitute success=True rate=9.4/s eta=134s
[733/2000] v5-ref-0cb4c2b6ad counterfactual_reasoner original success=True rate=9.4/s eta=135s
[734/2000] v5-ref-0cb4c2b6ad counterfactual_reasoner remove success=True rate=9.4/s eta=135s
[735/2000] v5-ref-0cb4c2b6ad counterfactual_reasoner reverse success=True rate=9.3/s eta=135s
[736/2000] v5-ref-0cb4c2b6ad counterfactual_reasoner substitute success=True rate=9.3/s eta=136s
[737/2000] v5-ref-0cb4c2b6ad minimal_judge original success=True rate=9.3/s eta=136s
[738/2000] v5-ref-0cb4c2b6ad minimal_judge remove success=True rate=9.3/s eta=136s
[739/2000] v5-ref-0cb4c2b6ad minimal_judge reverse success=True rate=9.2/s eta=137s
[740/2000] v5-ref-0cb4c2b6ad minimal_judge substitute success=True rate=9.2/s eta=137s
[741/2000] v5-ref-0d4177d543 literal_evidence original success=True rate=9.2/s eta=137s
[742/2000] v5-ref-0d4177d543 literal_evidence remove success=True rate=9.1/s eta=138s
[743/2000] v5-ref-0d4177d543 literal_evidence reverse success=True rate=9.1/s eta=138s
[744/2000] v5-ref-0d4177d543 literal_evidence substitute success=True rate=9.1/s eta=138s
[745/2000] v5-ref-0d4177d543 skeptical_auditor original success=True rate=9.1/s eta=139s
[746/2000] v5-ref-0d4177d543 skeptical_auditor remove success=True rate=9.0/s eta=139s
[747/2000] v5-ref-0d4177d543 skeptical_auditor reverse success=True rate=9.0/s eta=139s
[748/2000] v5-ref-0d4177d543 skeptical_auditor substitute success=True rate=9.0/s eta=139s
[749/2000] v5-ref-0d4177d543 consistency_checker original success=True rate=9.0/s eta=140s
[750/2000] v5-ref-0d4177d543 consistency_checker remove success=True rate=8.9/s eta=140s
[751/2000] v5-ref-0d4177d543 consistency_checker reverse success=True rate=8.9/s eta=140s
[752/2000] v5-ref-0d4177d543 consistency_checker substitute success=True rate=8.9/s eta=140s
[753/2000] v5-ref-0d4177d543 counterfactual_reasoner original success=True rate=8.9/s eta=141s
[754/2000] v5-ref-0d4177d543 counterfactual_reasoner remove success=True rate=8.8/s eta=141s
[755/2000] v5-ref-0d4177d543 counterfactual_reasoner reverse success=True rate=8.8/s eta=141s
[756/2000] v5-ref-0d4177d543 counterfactual_reasoner substitute success=True rate=8.8/s eta=141s
[757/2000] v5-ref-0d4177d543 minimal_judge original success=True rate=8.8/s eta=142s
[758/2000] v5-ref-0d4177d543 minimal_judge remove success=True rate=8.8/s eta=142s
[759/2000] v5-ref-0d4177d543 minimal_judge reverse success=True rate=8.7/s eta=142s
[760/2000] v5-ref-0d4177d543 minimal_judge substitute success=True rate=8.7/s eta=142s
[761/2000] v5-ref-0d6b3de1e1 literal_evidence original success=True rate=8.7/s eta=142s
[762/2000] v5-ref-0d6b3de1e1 literal_evidence remove success=True rate=8.7/s eta=142s
[763/2000] v5-ref-0d6b3de1e1 literal_evidence reverse success=True rate=8.7/s eta=143s
[764/2000] v5-ref-0d6b3de1e1 literal_evidence substitute success=True rate=8.6/s eta=143s
[765/2000] v5-ref-0d6b3de1e1 skeptical_auditor original success=True rate=8.6/s eta=143s
[766/2000] v5-ref-0d6b3de1e1 skeptical_auditor remove success=True rate=8.6/s eta=143s
[767/2000] v5-ref-0d6b3de1e1 skeptical_auditor reverse success=True rate=8.6/s eta=144s
[768/2000] v5-ref-0d6b3de1e1 skeptical_auditor substitute success=True rate=8.6/s eta=144s
[769/2000] v5-ref-0d6b3de1e1 consistency_checker original success=True rate=8.5/s eta=144s
[770/2000] v5-ref-0d6b3de1e1 consistency_checker remove success=True rate=8.5/s eta=144s
[771/2000] v5-ref-0d6b3de1e1 consistency_checker reverse success=True rate=8.5/s eta=144s
[772/2000] v5-ref-0d6b3de1e1 consistency_checker substitute success=True rate=8.5/s eta=145s
[773/2000] v5-ref-0d6b3de1e1 counterfactual_reasoner original success=True rate=8.5/s eta=145s
[774/2000] v5-ref-0d6b3de1e1 counterfactual_reasoner remove success=True rate=8.4/s eta=145s
[775/2000] v5-ref-0d6b3de1e1 counterfactual_reasoner reverse success=True rate=8.4/s eta=145s
[776/2000] v5-ref-0d6b3de1e1 counterfactual_reasoner substitute success=True rate=8.4/s eta=146s
[777/2000] v5-ref-0d6b3de1e1 minimal_judge original success=True rate=8.4/s eta=146s
[778/2000] v5-ref-0d6b3de1e1 minimal_judge remove success=True rate=8.4/s eta=146s
[779/2000] v5-ref-0d6b3de1e1 minimal_judge reverse success=True rate=8.4/s eta=146s
[780/2000] v5-ref-0d6b3de1e1 minimal_judge substitute success=True rate=8.3/s eta=146s
[781/2000] v5-ref-0d96754fec literal_evidence original success=True rate=8.3/s eta=146s
[782/2000] v5-ref-0d96754fec literal_evidence remove success=True rate=8.3/s eta=147s
[783/2000] v5-ref-0d96754fec literal_evidence reverse success=True rate=8.3/s eta=147s
[784/2000] v5-ref-0d96754fec literal_evidence substitute success=True rate=8.3/s eta=147s
[785/2000] v5-ref-0d96754fec skeptical_auditor original success=True rate=8.2/s eta=147s
[786/2000] v5-ref-0d96754fec skeptical_auditor remove success=True rate=8.2/s eta=147s
[787/2000] v5-ref-0d96754fec skeptical_auditor reverse success=True rate=8.2/s eta=148s
[788/2000] v5-ref-0d96754fec skeptical_auditor substitute success=True rate=8.2/s eta=148s
[789/2000] v5-ref-0d96754fec consistency_checker original success=True rate=8.2/s eta=148s
[790/2000] v5-ref-0d96754fec consistency_checker remove success=True rate=8.2/s eta=148s
[791/2000] v5-ref-0d96754fec consistency_checker reverse success=True rate=8.1/s eta=149s
[792/2000] v5-ref-0d96754fec consistency_checker substitute success=True rate=8.1/s eta=149s
[793/2000] v5-ref-0d96754fec counterfactual_reasoner original success=True rate=8.1/s eta=149s
[794/2000] v5-ref-0d96754fec counterfactual_reasoner remove success=True rate=8.1/s eta=149s
[795/2000] v5-ref-0d96754fec counterfactual_reasoner reverse success=True rate=8.1/s eta=149s
[796/2000] v5-ref-0d96754fec counterfactual_reasoner substitute success=True rate=8.1/s eta=149s
[797/2000] v5-ref-0d96754fec minimal_judge original success=True rate=8.0/s eta=150s
[798/2000] v5-ref-0d96754fec minimal_judge remove success=True rate=8.0/s eta=150s
[799/2000] v5-ref-0d96754fec minimal_judge reverse success=True rate=8.0/s eta=150s
[800/2000] v5-ref-0d96754fec minimal_judge substitute success=True rate=8.0/s eta=150s
[801/2000] v5-ref-0dade83f83 literal_evidence original success=True rate=8.0/s eta=150s
[802/2000] v5-ref-0dade83f83 literal_evidence remove success=True rate=8.0/s eta=150s
[803/2000] v5-ref-0dade83f83 literal_evidence reverse success=True rate=7.9/s eta=151s
[804/2000] v5-ref-0dade83f83 literal_evidence substitute success=True rate=7.9/s eta=151s
[805/2000] v5-ref-0dade83f83 skeptical_auditor original success=True rate=7.9/s eta=151s
[806/2000] v5-ref-0dade83f83 skeptical_auditor remove success=True rate=7.9/s eta=151s
[807/2000] v5-ref-0dade83f83 skeptical_auditor reverse success=True rate=7.9/s eta=151s
[808/2000] v5-ref-0dade83f83 skeptical_auditor substitute success=True rate=7.9/s eta=151s
[809/2000] v5-ref-0dade83f83 consistency_checker original success=True rate=7.9/s eta=152s
[810/2000] v5-ref-0dade83f83 consistency_checker remove success=True rate=7.8/s eta=152s
[811/2000] v5-ref-0dade83f83 consistency_checker reverse success=True rate=7.8/s eta=152s
[812/2000] v5-ref-0dade83f83 consistency_checker substitute success=True rate=7.8/s eta=152s
[813/2000] v5-ref-0dade83f83 counterfactual_reasoner original success=True rate=7.8/s eta=152s
[814/2000] v5-ref-0dade83f83 counterfactual_reasoner remove success=True rate=7.8/s eta=152s
[815/2000] v5-ref-0dade83f83 counterfactual_reasoner reverse success=True rate=7.8/s eta=152s
[816/2000] v5-ref-0dade83f83 counterfactual_reasoner substitute success=True rate=7.8/s eta=153s
[817/2000] v5-ref-0dade83f83 minimal_judge original success=True rate=7.7/s eta=153s
[818/2000] v5-ref-0dade83f83 minimal_judge remove success=True rate=7.7/s eta=153s
[819/2000] v5-ref-0dade83f83 minimal_judge reverse success=True rate=7.7/s eta=153s
[820/2000] v5-ref-0dade83f83 minimal_judge substitute success=True rate=7.7/s eta=153s
[821/2000] v5-ref-0e6b47f7aa literal_evidence original success=True rate=7.7/s eta=153s
[822/2000] v5-ref-0e6b47f7aa literal_evidence remove success=True rate=7.7/s eta=153s
[823/2000] v5-ref-0e6b47f7aa literal_evidence reverse success=True rate=7.7/s eta=154s
[824/2000] v5-ref-0e6b47f7aa literal_evidence substitute success=True rate=7.7/s eta=154s
[825/2000] v5-ref-0e6b47f7aa skeptical_auditor original success=True rate=7.6/s eta=154s
[826/2000] v5-ref-0e6b47f7aa skeptical_auditor remove success=True rate=7.6/s eta=154s
[827/2000] v5-ref-0e6b47f7aa skeptical_auditor reverse success=True rate=7.6/s eta=154s
[828/2000] v5-ref-0e6b47f7aa skeptical_auditor substitute success=True rate=7.6/s eta=154s
[829/2000] v5-ref-0e6b47f7aa consistency_checker original success=True rate=7.6/s eta=154s
[830/2000] v5-ref-0e6b47f7aa consistency_checker remove success=True rate=7.6/s eta=155s
[831/2000] v5-ref-0e6b47f7aa consistency_checker reverse success=True rate=7.6/s eta=155s
[832/2000] v5-ref-0e6b47f7aa consistency_checker substitute success=True rate=7.5/s eta=155s
[833/2000] v5-ref-0e6b47f7aa counterfactual_reasoner original success=True rate=7.5/s eta=155s
[834/2000] v5-ref-0e6b47f7aa counterfactual_reasoner remove success=True rate=7.5/s eta=155s
[835/2000] v5-ref-0e6b47f7aa counterfactual_reasoner reverse success=True rate=7.5/s eta=155s
[836/2000] v5-ref-0e6b47f7aa counterfactual_reasoner substitute success=True rate=7.5/s eta=156s
[837/2000] v5-ref-0e6b47f7aa minimal_judge original success=True rate=7.5/s eta=156s
[838/2000] v5-ref-0e6b47f7aa minimal_judge remove success=True rate=7.5/s eta=156s
[839/2000] v5-ref-0e6b47f7aa minimal_judge reverse success=True rate=7.4/s eta=156s
[840/2000] v5-ref-0e6b47f7aa minimal_judge substitute success=True rate=7.4/s eta=156s
[841/2000] v5-ref-0edfe88cf4 literal_evidence original success=True rate=7.4/s eta=156s
[842/2000] v5-ref-0edfe88cf4 literal_evidence remove success=True rate=7.4/s eta=156s
[843/2000] v5-ref-0edfe88cf4 literal_evidence reverse success=True rate=7.4/s eta=156s
[844/2000] v5-ref-0edfe88cf4 literal_evidence substitute success=True rate=7.4/s eta=157s
[845/2000] v5-ref-0edfe88cf4 skeptical_auditor original success=True rate=7.4/s eta=157s
[846/2000] v5-ref-0edfe88cf4 skeptical_auditor remove success=True rate=7.4/s eta=157s
[847/2000] v5-ref-0edfe88cf4 skeptical_auditor reverse success=True rate=7.3/s eta=157s
[848/2000] v5-ref-0edfe88cf4 skeptical_auditor substitute success=True rate=7.3/s eta=157s
[849/2000] v5-ref-0edfe88cf4 consistency_checker original success=True rate=7.3/s eta=157s
[850/2000] v5-ref-0edfe88cf4 consistency_checker remove success=True rate=7.3/s eta=157s
[851/2000] v5-ref-0edfe88cf4 consistency_checker reverse success=True rate=7.3/s eta=157s
[852/2000] v5-ref-0edfe88cf4 consistency_checker substitute success=True rate=7.3/s eta=158s
[853/2000] v5-ref-0edfe88cf4 counterfactual_reasoner original success=True rate=7.3/s eta=158s
[854/2000] v5-ref-0edfe88cf4 counterfactual_reasoner remove success=True rate=7.3/s eta=158s
[855/2000] v5-ref-0edfe88cf4 counterfactual_reasoner reverse success=True rate=7.2/s eta=158s
[856/2000] v5-ref-0edfe88cf4 counterfactual_reasoner substitute success=True rate=7.2/s eta=158s
[857/2000] v5-ref-0edfe88cf4 minimal_judge original success=True rate=7.2/s eta=158s
[858/2000] v5-ref-0edfe88cf4 minimal_judge remove success=True rate=7.2/s eta=158s
[859/2000] v5-ref-0edfe88cf4 minimal_judge reverse success=True rate=7.2/s eta=158s
[860/2000] v5-ref-0edfe88cf4 minimal_judge substitute success=True rate=7.2/s eta=159s
[861/2000] v5-ref-0ee3cff043 literal_evidence original success=True rate=7.2/s eta=159s
[862/2000] v5-ref-0ee3cff043 literal_evidence remove success=True rate=7.2/s eta=159s
[863/2000] v5-ref-0ee3cff043 literal_evidence reverse success=True rate=7.2/s eta=159s
[864/2000] v5-ref-0ee3cff043 literal_evidence substitute success=True rate=7.1/s eta=159s
[865/2000] v5-ref-0ee3cff043 skeptical_auditor original success=True rate=7.1/s eta=159s
[866/2000] v5-ref-0ee3cff043 skeptical_auditor remove success=True rate=7.1/s eta=159s
[867/2000] v5-ref-0ee3cff043 skeptical_auditor reverse success=True rate=7.1/s eta=159s
[868/2000] v5-ref-0ee3cff043 skeptical_auditor substitute success=True rate=7.1/s eta=160s
[869/2000] v5-ref-0ee3cff043 consistency_checker original success=True rate=7.1/s eta=160s
[870/2000] v5-ref-0ee3cff043 consistency_checker remove success=True rate=7.1/s eta=160s
[871/2000] v5-ref-0ee3cff043 consistency_checker reverse success=True rate=7.1/s eta=160s
[872/2000] v5-ref-0ee3cff043 consistency_checker substitute success=True rate=7.1/s eta=160s
[873/2000] v5-ref-0ee3cff043 counterfactual_reasoner original success=True rate=7.1/s eta=160s
[874/2000] v5-ref-0ee3cff043 counterfactual_reasoner remove success=True rate=7.1/s eta=160s
[875/2000] v5-ref-0ee3cff043 counterfactual_reasoner reverse success=True rate=7.0/s eta=160s
[876/2000] v5-ref-0ee3cff043 counterfactual_reasoner substitute success=True rate=7.0/s eta=160s
[877/2000] v5-ref-0ee3cff043 minimal_judge original success=True rate=7.0/s eta=160s
[878/2000] v5-ref-0ee3cff043 minimal_judge remove success=True rate=7.0/s eta=160s
[879/2000] v5-ref-0ee3cff043 minimal_judge reverse success=True rate=7.0/s eta=160s
[880/2000] v5-ref-0ee3cff043 minimal_judge substitute success=True rate=7.0/s eta=160s
[881/2000] v5-ref-0f0bbc3493 literal_evidence original success=True rate=7.0/s eta=160s
[882/2000] v5-ref-0f0bbc3493 literal_evidence remove success=True rate=7.0/s eta=160s
[883/2000] v5-ref-0f0bbc3493 literal_evidence reverse success=True rate=7.0/s eta=161s
[884/2000] v5-ref-0f0bbc3493 literal_evidence substitute success=True rate=6.9/s eta=161s
[885/2000] v5-ref-0f0bbc3493 skeptical_auditor original success=True rate=6.9/s eta=161s
[886/2000] v5-ref-0f0bbc3493 skeptical_auditor remove success=True rate=6.9/s eta=161s
[887/2000] v5-ref-0f0bbc3493 skeptical_auditor reverse success=True rate=6.9/s eta=161s
[888/2000] v5-ref-0f0bbc3493 skeptical_auditor substitute success=True rate=6.9/s eta=161s
[889/2000] v5-ref-0f0bbc3493 consistency_checker original success=True rate=6.9/s eta=161s
[890/2000] v5-ref-0f0bbc3493 consistency_checker remove success=True rate=6.9/s eta=161s
[891/2000] v5-ref-0f0bbc3493 consistency_checker reverse success=True rate=6.9/s eta=161s
[892/2000] v5-ref-0f0bbc3493 consistency_checker substitute success=True rate=6.9/s eta=162s
[893/2000] v5-ref-0f0bbc3493 counterfactual_reasoner original success=True rate=6.8/s eta=162s
[894/2000] v5-ref-0f0bbc3493 counterfactual_reasoner remove success=True rate=6.8/s eta=162s
[895/2000] v5-ref-0f0bbc3493 counterfactual_reasoner reverse success=True rate=6.8/s eta=162s
[896/2000] v5-ref-0f0bbc3493 counterfactual_reasoner substitute success=True rate=6.8/s eta=162s
[897/2000] v5-ref-0f0bbc3493 minimal_judge original success=True rate=6.8/s eta=162s
[898/2000] v5-ref-0f0bbc3493 minimal_judge remove success=True rate=6.8/s eta=162s
[899/2000] v5-ref-0f0bbc3493 minimal_judge reverse success=True rate=6.8/s eta=162s
[900/2000] v5-ref-0f0bbc3493 minimal_judge substitute success=True rate=6.8/s eta=162s
[901/2000] v5-ref-0f65edf4b3 literal_evidence original success=True rate=6.8/s eta=162s
[902/2000] v5-ref-0f65edf4b3 literal_evidence remove success=True rate=6.8/s eta=162s
[903/2000] v5-ref-0f65edf4b3 literal_evidence reverse success=True rate=6.8/s eta=162s
[904/2000] v5-ref-0f65edf4b3 literal_evidence substitute success=True rate=6.7/s eta=163s
[905/2000] v5-ref-0f65edf4b3 skeptical_auditor original success=True rate=6.7/s eta=163s
[906/2000] v5-ref-0f65edf4b3 skeptical_auditor remove success=True rate=6.7/s eta=163s
[907/2000] v5-ref-0f65edf4b3 skeptical_auditor reverse success=True rate=6.7/s eta=163s
[908/2000] v5-ref-0f65edf4b3 skeptical_auditor substitute success=True rate=6.7/s eta=163s
[909/2000] v5-ref-0f65edf4b3 consistency_checker original success=True rate=6.7/s eta=163s
[910/2000] v5-ref-0f65edf4b3 consistency_checker remove success=True rate=6.7/s eta=163s
[911/2000] v5-ref-0f65edf4b3 consistency_checker reverse success=True rate=6.7/s eta=163s
[912/2000] v5-ref-0f65edf4b3 consistency_checker substitute success=True rate=6.7/s eta=163s
[913/2000] v5-ref-0f65edf4b3 counterfactual_reasoner original success=True rate=6.7/s eta=163s
[914/2000] v5-ref-0f65edf4b3 counterfactual_reasoner remove success=True rate=6.7/s eta=163s
[915/2000] v5-ref-0f65edf4b3 counterfactual_reasoner reverse success=True rate=6.6/s eta=163s
[916/2000] v5-ref-0f65edf4b3 counterfactual_reasoner substitute success=True rate=6.6/s eta=163s
[917/2000] v5-ref-0f65edf4b3 minimal_judge original success=True rate=6.6/s eta=163s
[918/2000] v5-ref-0f65edf4b3 minimal_judge remove success=True rate=6.6/s eta=163s
[919/2000] v5-ref-0f65edf4b3 minimal_judge reverse success=True rate=6.6/s eta=164s
[920/2000] v5-ref-0f65edf4b3 minimal_judge substitute success=True rate=6.6/s eta=164s
[921/2000] v5-ref-0f7c2d67a0 literal_evidence original success=True rate=6.6/s eta=164s
[922/2000] v5-ref-0f7c2d67a0 literal_evidence remove success=True rate=6.6/s eta=164s
[923/2000] v5-ref-0f7c2d67a0 literal_evidence reverse success=True rate=6.6/s eta=164s
[924/2000] v5-ref-0f7c2d67a0 literal_evidence substitute success=True rate=6.6/s eta=164s
[925/2000] v5-ref-0f7c2d67a0 skeptical_auditor original success=True rate=6.6/s eta=164s
[926/2000] v5-ref-0f7c2d67a0 skeptical_auditor remove success=True rate=6.6/s eta=164s
[927/2000] v5-ref-0f7c2d67a0 skeptical_auditor reverse success=True rate=6.5/s eta=164s
[928/2000] v5-ref-0f7c2d67a0 skeptical_auditor substitute success=True rate=6.5/s eta=164s
[929/2000] v5-ref-0f7c2d67a0 consistency_checker original success=True rate=6.5/s eta=164s
[930/2000] v5-ref-0f7c2d67a0 consistency_checker remove success=True rate=6.5/s eta=164s
[931/2000] v5-ref-0f7c2d67a0 consistency_checker reverse success=True rate=6.5/s eta=164s
[932/2000] v5-ref-0f7c2d67a0 consistency_checker substitute success=True rate=6.5/s eta=164s
[933/2000] v5-ref-0f7c2d67a0 counterfactual_reasoner original success=True rate=6.5/s eta=164s
[934/2000] v5-ref-0f7c2d67a0 counterfactual_reasoner remove success=True rate=6.5/s eta=164s
[935/2000] v5-ref-0f7c2d67a0 counterfactual_reasoner reverse success=True rate=6.5/s eta=164s
[936/2000] v5-ref-0f7c2d67a0 counterfactual_reasoner substitute success=True rate=6.5/s eta=165s
[937/2000] v5-ref-0f7c2d67a0 minimal_judge original success=True rate=6.5/s eta=165s
[938/2000] v5-ref-0f7c2d67a0 minimal_judge remove success=True rate=6.4/s eta=165s
[939/2000] v5-ref-0f7c2d67a0 minimal_judge reverse success=True rate=6.4/s eta=165s
[940/2000] v5-ref-0f7c2d67a0 minimal_judge substitute success=True rate=6.4/s eta=165s
[941/2000] v5-ref-0ff1578860 literal_evidence original success=True rate=6.4/s eta=165s
[942/2000] v5-ref-0ff1578860 literal_evidence remove success=True rate=6.4/s eta=165s
[943/2000] v5-ref-0ff1578860 literal_evidence reverse success=True rate=6.4/s eta=165s
[944/2000] v5-ref-0ff1578860 literal_evidence substitute success=True rate=6.4/s eta=165s
[945/2000] v5-ref-0ff1578860 skeptical_auditor original success=True rate=6.4/s eta=165s
[946/2000] v5-ref-0ff1578860 skeptical_auditor remove success=True rate=6.4/s eta=165s
[947/2000] v5-ref-0ff1578860 skeptical_auditor reverse success=True rate=6.4/s eta=165s
[948/2000] v5-ref-0ff1578860 skeptical_auditor substitute success=True rate=6.4/s eta=165s
[949/2000] v5-ref-0ff1578860 consistency_checker original success=True rate=6.4/s eta=165s
[950/2000] v5-ref-0ff1578860 consistency_checker remove success=True rate=6.3/s eta=165s
[951/2000] v5-ref-0ff1578860 consistency_checker reverse success=True rate=6.3/s eta=166s
[952/2000] v5-ref-0ff1578860 consistency_checker substitute success=True rate=6.3/s eta=166s
[953/2000] v5-ref-0ff1578860 counterfactual_reasoner original success=True rate=6.3/s eta=166s
[954/2000] v5-ref-0ff1578860 counterfactual_reasoner remove success=True rate=6.3/s eta=166s
[955/2000] v5-ref-0ff1578860 counterfactual_reasoner reverse success=True rate=6.3/s eta=166s
[956/2000] v5-ref-0ff1578860 counterfactual_reasoner substitute success=True rate=6.3/s eta=166s
[957/2000] v5-ref-0ff1578860 minimal_judge original success=True rate=6.3/s eta=166s
[958/2000] v5-ref-0ff1578860 minimal_judge remove success=True rate=6.3/s eta=166s
[959/2000] v5-ref-0ff1578860 minimal_judge reverse success=True rate=6.3/s eta=166s
[960/2000] v5-ref-0ff1578860 minimal_judge substitute success=True rate=6.3/s eta=166s
[961/2000] v5-ref-0ff28eb7f2 literal_evidence original success=True rate=6.3/s eta=166s
[962/2000] v5-ref-0ff28eb7f2 literal_evidence remove success=True rate=6.3/s eta=166s
[963/2000] v5-ref-0ff28eb7f2 literal_evidence reverse success=True rate=6.2/s eta=166s
[964/2000] v5-ref-0ff28eb7f2 literal_evidence substitute success=True rate=6.2/s eta=166s
[965/2000] v5-ref-0ff28eb7f2 skeptical_auditor original success=True rate=6.2/s eta=166s
[966/2000] v5-ref-0ff28eb7f2 skeptical_auditor remove success=True rate=6.2/s eta=166s
[967/2000] v5-ref-0ff28eb7f2 skeptical_auditor reverse success=True rate=6.2/s eta=166s
[968/2000] v5-ref-0ff28eb7f2 skeptical_auditor substitute success=True rate=6.2/s eta=166s
[969/2000] v5-ref-0ff28eb7f2 consistency_checker original success=True rate=6.2/s eta=167s
[970/2000] v5-ref-0ff28eb7f2 consistency_checker remove success=True rate=6.2/s eta=167s
[971/2000] v5-ref-0ff28eb7f2 consistency_checker reverse success=True rate=6.2/s eta=167s
[972/2000] v5-ref-0ff28eb7f2 consistency_checker substitute success=True rate=6.2/s eta=167s
[973/2000] v5-ref-0ff28eb7f2 counterfactual_reasoner original success=True rate=6.2/s eta=167s
[974/2000] v5-ref-0ff28eb7f2 counterfactual_reasoner remove success=True rate=6.2/s eta=167s
[975/2000] v5-ref-0ff28eb7f2 counterfactual_reasoner reverse success=True rate=6.1/s eta=167s
[976/2000] v5-ref-0ff28eb7f2 counterfactual_reasoner substitute success=True rate=6.1/s eta=167s
[977/2000] v5-ref-0ff28eb7f2 minimal_judge original success=True rate=6.1/s eta=167s
[978/2000] v5-ref-0ff28eb7f2 minimal_judge remove success=True rate=6.1/s eta=167s
[979/2000] v5-ref-0ff28eb7f2 minimal_judge reverse success=True rate=6.1/s eta=167s
[980/2000] v5-ref-0ff28eb7f2 minimal_judge substitute success=True rate=6.1/s eta=167s
[981/2000] v5-ref-102c786976 literal_evidence original success=True rate=6.1/s eta=167s
[982/2000] v5-ref-102c786976 literal_evidence remove success=True rate=6.1/s eta=167s
[983/2000] v5-ref-102c786976 literal_evidence reverse success=True rate=6.1/s eta=167s
[984/2000] v5-ref-102c786976 literal_evidence substitute success=True rate=6.1/s eta=167s
[985/2000] v5-ref-102c786976 skeptical_auditor original success=True rate=6.1/s eta=167s
[986/2000] v5-ref-102c786976 skeptical_auditor remove success=True rate=6.1/s eta=167s
[987/2000] v5-ref-102c786976 skeptical_auditor reverse success=True rate=6.0/s eta=168s
[988/2000] v5-ref-102c786976 skeptical_auditor substitute success=True rate=6.0/s eta=168s
[989/2000] v5-ref-102c786976 consistency_checker original success=True rate=6.0/s eta=168s
[990/2000] v5-ref-102c786976 consistency_checker remove success=True rate=6.0/s eta=168s
[991/2000] v5-ref-102c786976 consistency_checker reverse success=True rate=6.0/s eta=168s
[992/2000] v5-ref-102c786976 consistency_checker substitute success=True rate=6.0/s eta=168s
[993/2000] v5-ref-102c786976 counterfactual_reasoner original success=True rate=6.0/s eta=168s
[994/2000] v5-ref-102c786976 counterfactual_reasoner remove success=True rate=6.0/s eta=168s
[995/2000] v5-ref-102c786976 counterfactual_reasoner reverse success=True rate=6.0/s eta=168s
[996/2000] v5-ref-102c786976 counterfactual_reasoner substitute success=True rate=6.0/s eta=168s
[997/2000] v5-ref-102c786976 minimal_judge original success=True rate=6.0/s eta=168s
[998/2000] v5-ref-102c786976 minimal_judge remove success=True rate=6.0/s eta=168s
[999/2000] v5-ref-102c786976 minimal_judge reverse success=True rate=6.0/s eta=168s
[1000/2000] v5-ref-102c786976 minimal_judge substitute success=True rate=5.9/s eta=168s
[1001/2000] v5-sup-00722add5c literal_evidence original success=True rate=6.0/s eta=168s
[1002/2000] v5-sup-00722add5c literal_evidence remove success=True rate=6.0/s eta=168s
[1003/2000] v5-sup-00722add5c literal_evidence reverse success=True rate=6.0/s eta=167s
[1004/2000] v5-sup-00722add5c literal_evidence substitute success=True rate=6.0/s eta=167s
[1005/2000] v5-sup-00722add5c skeptical_auditor original success=True rate=6.0/s eta=167s
[1006/2000] v5-sup-00722add5c skeptical_auditor remove success=True rate=6.0/s eta=166s
[1007/2000] v5-sup-00722add5c skeptical_auditor reverse success=True rate=6.0/s eta=166s
[1008/2000] v5-sup-00722add5c skeptical_auditor substitute success=True rate=6.0/s eta=166s
[1009/2000] v5-sup-00722add5c consistency_checker original success=True rate=6.0/s eta=165s
[1010/2000] v5-sup-00722add5c consistency_checker remove success=True rate=6.0/s eta=165s
[1011/2000] v5-sup-00722add5c consistency_checker reverse success=True rate=6.0/s eta=165s
[1012/2000] v5-sup-00722add5c consistency_checker substitute success=True rate=6.0/s eta=164s
[1013/2000] v5-sup-00722add5c counterfactual_reasoner original success=True rate=6.0/s eta=164s
[1014/2000] v5-sup-00722add5c counterfactual_reasoner remove success=True rate=6.0/s eta=164s
[1015/2000] v5-sup-00722add5c counterfactual_reasoner reverse success=True rate=6.0/s eta=164s
[1016/2000] v5-sup-00722add5c counterfactual_reasoner substitute success=True rate=6.0/s eta=163s
[1017/2000] v5-sup-00722add5c minimal_judge original success=True rate=6.0/s eta=163s
[1018/2000] v5-sup-00722add5c minimal_judge remove success=True rate=6.0/s eta=163s
[1019/2000] v5-sup-00722add5c minimal_judge reverse success=True rate=6.0/s eta=162s
[1020/2000] v5-sup-00722add5c minimal_judge substitute success=True rate=6.1/s eta=162s
[1021/2000] v5-sup-01176ffd0f literal_evidence original success=True rate=6.1/s eta=162s
[1022/2000] v5-sup-01176ffd0f literal_evidence remove success=True rate=6.1/s eta=161s
[1023/2000] v5-sup-01176ffd0f literal_evidence reverse success=True rate=6.1/s eta=161s
[1024/2000] v5-sup-01176ffd0f literal_evidence substitute success=True rate=6.1/s eta=161s
[1025/2000] v5-sup-01176ffd0f skeptical_auditor original success=True rate=6.1/s eta=160s
[1026/2000] v5-sup-01176ffd0f skeptical_auditor remove success=True rate=6.1/s eta=160s
[1027/2000] v5-sup-01176ffd0f skeptical_auditor reverse success=True rate=6.1/s eta=160s
[1028/2000] v5-sup-01176ffd0f skeptical_auditor substitute success=True rate=6.1/s eta=160s
[1029/2000] v5-sup-01176ffd0f consistency_checker original success=True rate=6.1/s eta=159s
[1030/2000] v5-sup-01176ffd0f consistency_checker remove success=True rate=6.1/s eta=159s
[1031/2000] v5-sup-01176ffd0f consistency_checker reverse success=True rate=6.1/s eta=159s
[1032/2000] v5-sup-01176ffd0f consistency_checker substitute success=True rate=6.1/s eta=158s
[1033/2000] v5-sup-01176ffd0f counterfactual_reasoner original success=True rate=6.1/s eta=158s
[1034/2000] v5-sup-01176ffd0f counterfactual_reasoner remove success=True rate=6.1/s eta=158s
[1035/2000] v5-sup-01176ffd0f counterfactual_reasoner reverse success=True rate=6.1/s eta=157s
[1036/2000] v5-sup-01176ffd0f counterfactual_reasoner substitute success=True rate=6.1/s eta=157s
[1037/2000] v5-sup-01176ffd0f minimal_judge original success=True rate=6.1/s eta=157s
[1038/2000] v5-sup-01176ffd0f minimal_judge remove success=True rate=6.1/s eta=157s
[1039/2000] v5-sup-01176ffd0f minimal_judge reverse success=True rate=6.2/s eta=156s
[1040/2000] v5-sup-01176ffd0f minimal_judge substitute success=True rate=6.2/s eta=156s
[1041/2000] v5-sup-011f7037bf literal_evidence original success=True rate=6.2/s eta=156s
[1042/2000] v5-sup-011f7037bf literal_evidence remove success=True rate=6.2/s eta=155s
[1043/2000] v5-sup-011f7037bf literal_evidence reverse success=True rate=6.2/s eta=155s
[1044/2000] v5-sup-011f7037bf literal_evidence substitute success=True rate=6.2/s eta=155s
[1045/2000] v5-sup-011f7037bf skeptical_auditor original success=True rate=6.2/s eta=154s
[1046/2000] v5-sup-011f7037bf skeptical_auditor remove success=True rate=6.2/s eta=154s
[1047/2000] v5-sup-011f7037bf skeptical_auditor reverse success=True rate=6.2/s eta=154s
[1048/2000] v5-sup-011f7037bf skeptical_auditor substitute success=True rate=6.2/s eta=154s
[1049/2000] v5-sup-011f7037bf consistency_checker original success=True rate=6.2/s eta=153s
[1050/2000] v5-sup-011f7037bf consistency_checker remove success=True rate=6.2/s eta=153s
[1051/2000] v5-sup-011f7037bf consistency_checker reverse success=True rate=6.2/s eta=153s
[1052/2000] v5-sup-011f7037bf consistency_checker substitute success=True rate=6.2/s eta=152s
[1053/2000] v5-sup-011f7037bf counterfactual_reasoner original success=True rate=6.2/s eta=152s
[1054/2000] v5-sup-011f7037bf counterfactual_reasoner remove success=True rate=6.2/s eta=152s
[1055/2000] v5-sup-011f7037bf counterfactual_reasoner reverse success=True rate=6.2/s eta=152s
[1056/2000] v5-sup-011f7037bf counterfactual_reasoner substitute success=True rate=6.2/s eta=151s
[1057/2000] v5-sup-011f7037bf minimal_judge original success=True rate=6.2/s eta=151s
[1058/2000] v5-sup-011f7037bf minimal_judge remove success=True rate=6.3/s eta=151s
[1059/2000] v5-sup-011f7037bf minimal_judge reverse success=True rate=6.3/s eta=150s
[1060/2000] v5-sup-011f7037bf minimal_judge substitute success=True rate=6.3/s eta=150s
[1061/2000] v5-sup-0124377a68 literal_evidence original success=True rate=6.3/s eta=150s
[1062/2000] v5-sup-0124377a68 literal_evidence remove success=True rate=6.3/s eta=150s
[1063/2000] v5-sup-0124377a68 literal_evidence reverse success=True rate=6.3/s eta=149s
[1064/2000] v5-sup-0124377a68 literal_evidence substitute success=True rate=6.3/s eta=149s
[1065/2000] v5-sup-0124377a68 skeptical_auditor original success=True rate=6.3/s eta=149s
[1066/2000] v5-sup-0124377a68 skeptical_auditor remove success=True rate=6.3/s eta=148s
[1067/2000] v5-sup-0124377a68 skeptical_auditor reverse success=True rate=6.3/s eta=148s
[1068/2000] v5-sup-0124377a68 skeptical_auditor substitute success=True rate=6.3/s eta=148s
[1069/2000] v5-sup-0124377a68 consistency_checker original success=True rate=6.3/s eta=148s
[1070/2000] v5-sup-0124377a68 consistency_checker remove success=True rate=6.3/s eta=147s
[1071/2000] v5-sup-0124377a68 consistency_checker reverse success=True rate=6.3/s eta=147s
[1072/2000] v5-sup-0124377a68 consistency_checker substitute success=True rate=6.3/s eta=147s
[1073/2000] v5-sup-0124377a68 counterfactual_reasoner original success=True rate=6.3/s eta=146s
[1074/2000] v5-sup-0124377a68 counterfactual_reasoner remove success=True rate=6.3/s eta=146s
[1075/2000] v5-sup-0124377a68 counterfactual_reasoner reverse success=True rate=6.3/s eta=146s
[1076/2000] v5-sup-0124377a68 counterfactual_reasoner substitute success=True rate=6.3/s eta=146s
[1077/2000] v5-sup-0124377a68 minimal_judge original success=True rate=6.4/s eta=145s
[1078/2000] v5-sup-0124377a68 minimal_judge remove success=True rate=6.4/s eta=145s
[1079/2000] v5-sup-0124377a68 minimal_judge reverse success=True rate=6.4/s eta=145s
[1080/2000] v5-sup-0124377a68 minimal_judge substitute success=True rate=6.4/s eta=144s
[1081/2000] v5-sup-01d0097296 literal_evidence original success=True rate=6.4/s eta=144s
[1082/2000] v5-sup-01d0097296 literal_evidence remove success=True rate=6.4/s eta=144s
[1083/2000] v5-sup-01d0097296 literal_evidence reverse success=True rate=6.4/s eta=144s
[1084/2000] v5-sup-01d0097296 literal_evidence substitute success=True rate=6.4/s eta=143s
[1085/2000] v5-sup-01d0097296 skeptical_auditor original success=True rate=6.4/s eta=143s
[1086/2000] v5-sup-01d0097296 skeptical_auditor remove success=True rate=6.4/s eta=143s
[1087/2000] v5-sup-01d0097296 skeptical_auditor reverse success=True rate=6.4/s eta=142s
[1088/2000] v5-sup-01d0097296 skeptical_auditor substitute success=True rate=6.4/s eta=142s
[1089/2000] v5-sup-01d0097296 consistency_checker original success=True rate=6.4/s eta=142s
[1090/2000] v5-sup-01d0097296 consistency_checker remove success=True rate=6.4/s eta=142s
[1091/2000] v5-sup-01d0097296 consistency_checker reverse success=True rate=6.4/s eta=141s
[1092/2000] v5-sup-01d0097296 consistency_checker substitute success=True rate=6.4/s eta=141s
[1093/2000] v5-sup-01d0097296 counterfactual_reasoner original success=True rate=6.4/s eta=141s
[1094/2000] v5-sup-01d0097296 counterfactual_reasoner remove success=True rate=6.4/s eta=141s
[1095/2000] v5-sup-01d0097296 counterfactual_reasoner reverse success=True rate=6.4/s eta=140s
[1096/2000] v5-sup-01d0097296 counterfactual_reasoner substitute success=True rate=6.5/s eta=140s
[1097/2000] v5-sup-01d0097296 minimal_judge original success=True rate=6.5/s eta=140s
[1098/2000] v5-sup-01d0097296 minimal_judge remove success=True rate=6.5/s eta=140s
[1099/2000] v5-sup-01d0097296 minimal_judge reverse success=True rate=6.5/s eta=139s
[1100/2000] v5-sup-01d0097296 minimal_judge substitute success=True rate=6.5/s eta=139s
[1101/2000] v5-sup-02e5bf57c3 literal_evidence original success=True rate=6.5/s eta=139s
[1102/2000] v5-sup-02e5bf57c3 literal_evidence remove success=True rate=6.5/s eta=138s
[1103/2000] v5-sup-02e5bf57c3 literal_evidence reverse success=True rate=6.5/s eta=138s
[1104/2000] v5-sup-02e5bf57c3 literal_evidence substitute success=True rate=6.5/s eta=138s
[1105/2000] v5-sup-02e5bf57c3 skeptical_auditor original success=True rate=6.5/s eta=138s
[1106/2000] v5-sup-02e5bf57c3 skeptical_auditor remove success=True rate=6.5/s eta=137s
[1107/2000] v5-sup-02e5bf57c3 skeptical_auditor reverse success=True rate=6.5/s eta=137s
[1108/2000] v5-sup-02e5bf57c3 skeptical_auditor substitute success=True rate=6.5/s eta=137s
[1109/2000] v5-sup-02e5bf57c3 consistency_checker original success=True rate=6.5/s eta=137s
[1110/2000] v5-sup-02e5bf57c3 consistency_checker remove success=True rate=6.5/s eta=136s
[1111/2000] v5-sup-02e5bf57c3 consistency_checker reverse success=True rate=6.5/s eta=136s
[1112/2000] v5-sup-02e5bf57c3 consistency_checker substitute success=True rate=6.5/s eta=136s
[1113/2000] v5-sup-02e5bf57c3 counterfactual_reasoner original success=True rate=6.5/s eta=136s
[1114/2000] v5-sup-02e5bf57c3 counterfactual_reasoner remove success=True rate=6.5/s eta=135s
[1115/2000] v5-sup-02e5bf57c3 counterfactual_reasoner reverse success=True rate=6.6/s eta=135s
[1116/2000] v5-sup-02e5bf57c3 counterfactual_reasoner substitute success=True rate=6.6/s eta=135s
[1117/2000] v5-sup-02e5bf57c3 minimal_judge original success=True rate=6.6/s eta=134s
[1118/2000] v5-sup-02e5bf57c3 minimal_judge remove success=True rate=6.6/s eta=134s
[1119/2000] v5-sup-02e5bf57c3 minimal_judge reverse success=True rate=6.6/s eta=134s
[1120/2000] v5-sup-02e5bf57c3 minimal_judge substitute success=True rate=6.6/s eta=134s
[1121/2000] v5-sup-038ef4efe2 literal_evidence original success=True rate=6.6/s eta=133s
[1122/2000] v5-sup-038ef4efe2 literal_evidence remove success=True rate=6.6/s eta=133s
[1123/2000] v5-sup-038ef4efe2 literal_evidence reverse success=True rate=6.6/s eta=133s
[1124/2000] v5-sup-038ef4efe2 literal_evidence substitute success=True rate=6.6/s eta=133s
[1125/2000] v5-sup-038ef4efe2 skeptical_auditor original success=True rate=6.6/s eta=132s
[1126/2000] v5-sup-038ef4efe2 skeptical_auditor remove success=True rate=6.6/s eta=132s
[1127/2000] v5-sup-038ef4efe2 skeptical_auditor reverse success=True rate=6.6/s eta=132s
[1128/2000] v5-sup-038ef4efe2 skeptical_auditor substitute success=True rate=6.6/s eta=132s
[1129/2000] v5-sup-038ef4efe2 consistency_checker original success=True rate=6.6/s eta=131s
[1130/2000] v5-sup-038ef4efe2 consistency_checker remove success=True rate=6.6/s eta=131s
[1131/2000] v5-sup-038ef4efe2 consistency_checker reverse success=True rate=6.6/s eta=131s
[1132/2000] v5-sup-038ef4efe2 consistency_checker substitute success=True rate=6.6/s eta=131s
[1133/2000] v5-sup-038ef4efe2 counterfactual_reasoner original success=True rate=6.6/s eta=130s
[1134/2000] v5-sup-038ef4efe2 counterfactual_reasoner remove success=True rate=6.7/s eta=130s
[1135/2000] v5-sup-038ef4efe2 counterfactual_reasoner reverse success=True rate=6.7/s eta=130s
[1136/2000] v5-sup-038ef4efe2 counterfactual_reasoner substitute success=True rate=6.7/s eta=130s
[1137/2000] v5-sup-038ef4efe2 minimal_judge original success=True rate=6.7/s eta=129s
[1138/2000] v5-sup-038ef4efe2 minimal_judge remove success=True rate=6.7/s eta=129s
[1139/2000] v5-sup-038ef4efe2 minimal_judge reverse success=True rate=6.7/s eta=129s
[1140/2000] v5-sup-038ef4efe2 minimal_judge substitute success=True rate=6.7/s eta=129s
[1141/2000] v5-sup-03bc5ce7fc literal_evidence original success=True rate=6.7/s eta=128s
[1142/2000] v5-sup-03bc5ce7fc literal_evidence remove success=True rate=6.7/s eta=128s
[1143/2000] v5-sup-03bc5ce7fc literal_evidence reverse success=True rate=6.7/s eta=128s
[1144/2000] v5-sup-03bc5ce7fc literal_evidence substitute success=True rate=6.7/s eta=128s
[1145/2000] v5-sup-03bc5ce7fc skeptical_auditor original success=True rate=6.7/s eta=127s
[1146/2000] v5-sup-03bc5ce7fc skeptical_auditor remove success=True rate=6.7/s eta=127s
[1147/2000] v5-sup-03bc5ce7fc skeptical_auditor reverse success=True rate=6.7/s eta=127s
[1148/2000] v5-sup-03bc5ce7fc skeptical_auditor substitute success=True rate=6.7/s eta=127s
[1149/2000] v5-sup-03bc5ce7fc consistency_checker original success=True rate=6.7/s eta=126s
[1150/2000] v5-sup-03bc5ce7fc consistency_checker remove success=True rate=6.7/s eta=126s
[1151/2000] v5-sup-03bc5ce7fc consistency_checker reverse success=True rate=6.7/s eta=126s
[1152/2000] v5-sup-03bc5ce7fc consistency_checker substitute success=True rate=6.7/s eta=126s
[1153/2000] v5-sup-03bc5ce7fc counterfactual_reasoner original success=True rate=6.8/s eta=125s
[1154/2000] v5-sup-03bc5ce7fc counterfactual_reasoner remove success=True rate=6.8/s eta=125s
[1155/2000] v5-sup-03bc5ce7fc counterfactual_reasoner reverse success=True rate=6.8/s eta=125s
[1156/2000] v5-sup-03bc5ce7fc counterfactual_reasoner substitute success=True rate=6.8/s eta=125s
[1157/2000] v5-sup-03bc5ce7fc minimal_judge original success=True rate=6.8/s eta=124s
[1158/2000] v5-sup-03bc5ce7fc minimal_judge remove success=True rate=6.8/s eta=124s
[1159/2000] v5-sup-03bc5ce7fc minimal_judge reverse success=True rate=6.8/s eta=124s
[1160/2000] v5-sup-03bc5ce7fc minimal_judge substitute success=True rate=6.8/s eta=124s
[1161/2000] v5-sup-03fb5c8e58 literal_evidence original success=True rate=6.8/s eta=123s
[1162/2000] v5-sup-03fb5c8e58 literal_evidence remove success=True rate=6.8/s eta=123s
[1163/2000] v5-sup-03fb5c8e58 literal_evidence reverse success=True rate=6.8/s eta=123s
[1164/2000] v5-sup-03fb5c8e58 literal_evidence substitute success=True rate=6.8/s eta=123s
[1165/2000] v5-sup-03fb5c8e58 skeptical_auditor original success=True rate=6.8/s eta=123s
[1166/2000] v5-sup-03fb5c8e58 skeptical_auditor remove success=True rate=6.8/s eta=122s
[1167/2000] v5-sup-03fb5c8e58 skeptical_auditor reverse success=True rate=6.8/s eta=122s
[1168/2000] v5-sup-03fb5c8e58 skeptical_auditor substitute success=True rate=6.8/s eta=122s
[1169/2000] v5-sup-03fb5c8e58 consistency_checker original success=True rate=6.8/s eta=122s
[1170/2000] v5-sup-03fb5c8e58 consistency_checker remove success=True rate=6.8/s eta=121s
[1171/2000] v5-sup-03fb5c8e58 consistency_checker reverse success=True rate=6.8/s eta=121s
[1172/2000] v5-sup-03fb5c8e58 consistency_checker substitute success=True rate=6.9/s eta=121s
[1173/2000] v5-sup-03fb5c8e58 counterfactual_reasoner original success=True rate=6.9/s eta=121s
[1174/2000] v5-sup-03fb5c8e58 counterfactual_reasoner remove success=True rate=6.9/s eta=120s
[1175/2000] v5-sup-03fb5c8e58 counterfactual_reasoner reverse success=True rate=6.9/s eta=120s
[1176/2000] v5-sup-03fb5c8e58 counterfactual_reasoner substitute success=True rate=6.9/s eta=120s
[1177/2000] v5-sup-03fb5c8e58 minimal_judge original success=True rate=6.9/s eta=120s
[1178/2000] v5-sup-03fb5c8e58 minimal_judge remove success=True rate=6.9/s eta=119s
[1179/2000] v5-sup-03fb5c8e58 minimal_judge reverse success=True rate=6.9/s eta=119s
[1180/2000] v5-sup-03fb5c8e58 minimal_judge substitute success=True rate=6.9/s eta=119s
[1181/2000] v5-sup-04ecc26709 literal_evidence original success=True rate=6.9/s eta=119s
[1182/2000] v5-sup-04ecc26709 literal_evidence remove success=True rate=6.9/s eta=118s
[1183/2000] v5-sup-04ecc26709 literal_evidence reverse success=True rate=6.9/s eta=118s
[1184/2000] v5-sup-04ecc26709 literal_evidence substitute success=True rate=6.9/s eta=118s
[1185/2000] v5-sup-04ecc26709 skeptical_auditor original success=True rate=6.9/s eta=118s
[1186/2000] v5-sup-04ecc26709 skeptical_auditor remove success=True rate=6.9/s eta=118s
[1187/2000] v5-sup-04ecc26709 skeptical_auditor reverse success=True rate=6.9/s eta=117s
[1188/2000] v5-sup-04ecc26709 skeptical_auditor substitute success=True rate=6.9/s eta=117s
[1189/2000] v5-sup-04ecc26709 consistency_checker original success=True rate=6.9/s eta=117s
[1190/2000] v5-sup-04ecc26709 consistency_checker remove success=True rate=6.9/s eta=117s
[1191/2000] v5-sup-04ecc26709 consistency_checker reverse success=True rate=6.9/s eta=116s
[1192/2000] v5-sup-04ecc26709 consistency_checker substitute success=True rate=7.0/s eta=116s
[1193/2000] v5-sup-04ecc26709 counterfactual_reasoner original success=True rate=7.0/s eta=116s
[1194/2000] v5-sup-04ecc26709 counterfactual_reasoner remove success=True rate=7.0/s eta=116s
[1195/2000] v5-sup-04ecc26709 counterfactual_reasoner reverse success=True rate=7.0/s eta=115s
[1196/2000] v5-sup-04ecc26709 counterfactual_reasoner substitute success=True rate=7.0/s eta=115s
[1197/2000] v5-sup-04ecc26709 minimal_judge original success=True rate=7.0/s eta=115s
[1198/2000] v5-sup-04ecc26709 minimal_judge remove success=True rate=7.0/s eta=115s
[1199/2000] v5-sup-04ecc26709 minimal_judge reverse success=True rate=7.0/s eta=115s
[1200/2000] v5-sup-04ecc26709 minimal_judge substitute success=True rate=7.0/s eta=114s
[1201/2000] v5-sup-0526215597 literal_evidence original success=True rate=7.0/s eta=114s
[1202/2000] v5-sup-0526215597 literal_evidence remove success=True rate=7.0/s eta=114s
[1203/2000] v5-sup-0526215597 literal_evidence reverse success=True rate=7.0/s eta=114s
[1204/2000] v5-sup-0526215597 literal_evidence substitute success=True rate=7.0/s eta=113s
[1205/2000] v5-sup-0526215597 skeptical_auditor original success=True rate=7.0/s eta=113s
[1206/2000] v5-sup-0526215597 skeptical_auditor remove success=True rate=7.0/s eta=113s
[1207/2000] v5-sup-0526215597 skeptical_auditor reverse success=True rate=7.0/s eta=113s
[1208/2000] v5-sup-0526215597 skeptical_auditor substitute success=True rate=7.0/s eta=113s
[1209/2000] v5-sup-0526215597 consistency_checker original success=True rate=7.0/s eta=112s
[1210/2000] v5-sup-0526215597 consistency_checker remove success=True rate=7.0/s eta=112s
[1211/2000] v5-sup-0526215597 consistency_checker reverse success=True rate=7.1/s eta=112s
[1212/2000] v5-sup-0526215597 consistency_checker substitute success=True rate=7.1/s eta=112s
[1213/2000] v5-sup-0526215597 counterfactual_reasoner original success=True rate=7.1/s eta=111s
[1214/2000] v5-sup-0526215597 counterfactual_reasoner remove success=True rate=7.1/s eta=111s
[1215/2000] v5-sup-0526215597 counterfactual_reasoner reverse success=True rate=7.1/s eta=111s
[1216/2000] v5-sup-0526215597 counterfactual_reasoner substitute success=True rate=7.1/s eta=111s
[1217/2000] v5-sup-0526215597 minimal_judge original success=True rate=7.1/s eta=111s
[1218/2000] v5-sup-0526215597 minimal_judge remove success=True rate=7.1/s eta=110s
[1219/2000] v5-sup-0526215597 minimal_judge reverse success=True rate=7.1/s eta=110s
[1220/2000] v5-sup-0526215597 minimal_judge substitute success=True rate=7.1/s eta=110s
[1221/2000] v5-sup-0532780cb5 literal_evidence original success=True rate=7.1/s eta=110s
[1222/2000] v5-sup-0532780cb5 literal_evidence remove success=True rate=7.1/s eta=109s
[1223/2000] v5-sup-0532780cb5 literal_evidence reverse success=True rate=7.1/s eta=109s
[1224/2000] v5-sup-0532780cb5 literal_evidence substitute success=True rate=7.1/s eta=109s
[1225/2000] v5-sup-0532780cb5 skeptical_auditor original success=True rate=7.1/s eta=109s
[1226/2000] v5-sup-0532780cb5 skeptical_auditor remove success=True rate=7.1/s eta=109s
[1227/2000] v5-sup-0532780cb5 skeptical_auditor reverse success=True rate=7.1/s eta=108s
[1228/2000] v5-sup-0532780cb5 skeptical_auditor substitute success=True rate=7.1/s eta=108s
[1229/2000] v5-sup-0532780cb5 consistency_checker original success=True rate=7.1/s eta=108s
[1230/2000] v5-sup-0532780cb5 consistency_checker remove success=True rate=7.1/s eta=108s
[1231/2000] v5-sup-0532780cb5 consistency_checker reverse success=True rate=7.2/s eta=107s
[1232/2000] v5-sup-0532780cb5 consistency_checker substitute success=True rate=7.2/s eta=107s
[1233/2000] v5-sup-0532780cb5 counterfactual_reasoner original success=True rate=7.2/s eta=107s
[1234/2000] v5-sup-0532780cb5 counterfactual_reasoner remove success=True rate=7.2/s eta=107s
[1235/2000] v5-sup-0532780cb5 counterfactual_reasoner reverse success=True rate=7.2/s eta=107s
[1236/2000] v5-sup-0532780cb5 counterfactual_reasoner substitute success=True rate=7.2/s eta=106s
[1237/2000] v5-sup-0532780cb5 minimal_judge original success=True rate=7.2/s eta=106s
[1238/2000] v5-sup-0532780cb5 minimal_judge remove success=True rate=7.2/s eta=106s
[1239/2000] v5-sup-0532780cb5 minimal_judge reverse success=True rate=7.2/s eta=106s
[1240/2000] v5-sup-0532780cb5 minimal_judge substitute success=True rate=7.2/s eta=106s
[1241/2000] v5-sup-05eb9c9c8a literal_evidence original success=True rate=7.2/s eta=105s
[1242/2000] v5-sup-05eb9c9c8a literal_evidence remove success=True rate=7.2/s eta=105s
[1243/2000] v5-sup-05eb9c9c8a literal_evidence reverse success=True rate=7.2/s eta=105s
[1244/2000] v5-sup-05eb9c9c8a literal_evidence substitute success=True rate=7.2/s eta=105s
[1245/2000] v5-sup-05eb9c9c8a skeptical_auditor original success=True rate=7.2/s eta=104s
[1246/2000] v5-sup-05eb9c9c8a skeptical_auditor remove success=True rate=7.2/s eta=104s
[1247/2000] v5-sup-05eb9c9c8a skeptical_auditor reverse success=True rate=7.2/s eta=104s
[1248/2000] v5-sup-05eb9c9c8a skeptical_auditor substitute success=True rate=7.2/s eta=104s
[1249/2000] v5-sup-05eb9c9c8a consistency_checker original success=True rate=7.2/s eta=104s
[1250/2000] v5-sup-05eb9c9c8a consistency_checker remove success=True rate=7.3/s eta=103s
[1251/2000] v5-sup-05eb9c9c8a consistency_checker reverse success=True rate=7.3/s eta=103s
[1252/2000] v5-sup-05eb9c9c8a consistency_checker substitute success=True rate=7.3/s eta=103s
[1253/2000] v5-sup-05eb9c9c8a counterfactual_reasoner original success=True rate=7.3/s eta=103s
[1254/2000] v5-sup-05eb9c9c8a counterfactual_reasoner remove success=True rate=7.3/s eta=103s
[1255/2000] v5-sup-05eb9c9c8a counterfactual_reasoner reverse success=True rate=7.3/s eta=102s
[1256/2000] v5-sup-05eb9c9c8a counterfactual_reasoner substitute success=True rate=7.3/s eta=102s
[1257/2000] v5-sup-05eb9c9c8a minimal_judge original success=True rate=7.3/s eta=102s
[1258/2000] v5-sup-05eb9c9c8a minimal_judge remove success=True rate=7.3/s eta=102s
[1259/2000] v5-sup-05eb9c9c8a minimal_judge reverse success=True rate=7.3/s eta=102s
[1260/2000] v5-sup-05eb9c9c8a minimal_judge substitute success=True rate=7.3/s eta=101s
[1261/2000] v5-sup-065c55c5f9 literal_evidence original success=True rate=7.3/s eta=101s
[1262/2000] v5-sup-065c55c5f9 literal_evidence remove success=True rate=7.3/s eta=101s
[1263/2000] v5-sup-065c55c5f9 literal_evidence reverse success=True rate=7.3/s eta=101s
[1264/2000] v5-sup-065c55c5f9 literal_evidence substitute success=True rate=7.3/s eta=101s
[1265/2000] v5-sup-065c55c5f9 skeptical_auditor original success=True rate=7.3/s eta=100s
[1266/2000] v5-sup-065c55c5f9 skeptical_auditor remove success=True rate=7.3/s eta=100s
[1267/2000] v5-sup-065c55c5f9 skeptical_auditor reverse success=True rate=7.3/s eta=100s
[1268/2000] v5-sup-065c55c5f9 skeptical_auditor substitute success=True rate=7.3/s eta=100s
[1269/2000] v5-sup-065c55c5f9 consistency_checker original success=True rate=7.3/s eta=100s
[1270/2000] v5-sup-065c55c5f9 consistency_checker remove success=True rate=7.4/s eta=99s
[1271/2000] v5-sup-065c55c5f9 consistency_checker reverse success=True rate=7.4/s eta=99s
[1272/2000] v5-sup-065c55c5f9 consistency_checker substitute success=True rate=7.4/s eta=99s
[1273/2000] v5-sup-065c55c5f9 counterfactual_reasoner original success=True rate=7.4/s eta=99s
[1274/2000] v5-sup-065c55c5f9 counterfactual_reasoner remove success=True rate=7.4/s eta=98s
[1275/2000] v5-sup-065c55c5f9 counterfactual_reasoner reverse success=True rate=7.4/s eta=98s
[1276/2000] v5-sup-065c55c5f9 counterfactual_reasoner substitute success=True rate=7.4/s eta=98s
[1277/2000] v5-sup-065c55c5f9 minimal_judge original success=True rate=7.4/s eta=98s
[1278/2000] v5-sup-065c55c5f9 minimal_judge remove success=True rate=7.4/s eta=98s
[1279/2000] v5-sup-065c55c5f9 minimal_judge reverse success=True rate=7.4/s eta=97s
[1280/2000] v5-sup-065c55c5f9 minimal_judge substitute success=True rate=7.4/s eta=97s
[1281/2000] v5-sup-069b1e69f6 literal_evidence original success=True rate=7.4/s eta=97s
[1282/2000] v5-sup-069b1e69f6 literal_evidence remove success=True rate=7.4/s eta=97s
[1283/2000] v5-sup-069b1e69f6 literal_evidence reverse success=True rate=7.4/s eta=97s
[1284/2000] v5-sup-069b1e69f6 literal_evidence substitute success=True rate=7.4/s eta=96s
[1285/2000] v5-sup-069b1e69f6 skeptical_auditor original success=True rate=7.4/s eta=96s
[1286/2000] v5-sup-069b1e69f6 skeptical_auditor remove success=True rate=7.4/s eta=96s
[1287/2000] v5-sup-069b1e69f6 skeptical_auditor reverse success=True rate=7.4/s eta=96s
[1288/2000] v5-sup-069b1e69f6 skeptical_auditor substitute success=True rate=7.4/s eta=96s
[1289/2000] v5-sup-069b1e69f6 consistency_checker original success=True rate=7.4/s eta=95s
[1290/2000] v5-sup-069b1e69f6 consistency_checker remove success=True rate=7.5/s eta=95s
[1291/2000] v5-sup-069b1e69f6 consistency_checker reverse success=True rate=7.5/s eta=95s
[1292/2000] v5-sup-069b1e69f6 consistency_checker substitute success=True rate=7.5/s eta=95s
[1293/2000] v5-sup-069b1e69f6 counterfactual_reasoner original success=True rate=7.5/s eta=95s
[1294/2000] v5-sup-069b1e69f6 counterfactual_reasoner remove success=True rate=7.5/s eta=94s
[1295/2000] v5-sup-069b1e69f6 counterfactual_reasoner reverse success=True rate=7.5/s eta=94s
[1296/2000] v5-sup-069b1e69f6 counterfactual_reasoner substitute success=True rate=7.5/s eta=94s
[1297/2000] v5-sup-069b1e69f6 minimal_judge original success=True rate=7.5/s eta=94s
[1298/2000] v5-sup-069b1e69f6 minimal_judge remove success=True rate=7.5/s eta=94s
[1299/2000] v5-sup-069b1e69f6 minimal_judge reverse success=True rate=7.5/s eta=94s
[1300/2000] v5-sup-069b1e69f6 minimal_judge substitute success=True rate=7.5/s eta=93s
[1301/2000] v5-sup-07039a6629 literal_evidence original success=True rate=7.5/s eta=93s
[1302/2000] v5-sup-07039a6629 literal_evidence remove success=True rate=7.5/s eta=93s
[1303/2000] v5-sup-07039a6629 literal_evidence reverse success=True rate=7.5/s eta=93s
[1304/2000] v5-sup-07039a6629 literal_evidence substitute success=True rate=7.5/s eta=93s
[1305/2000] v5-sup-07039a6629 skeptical_auditor original success=True rate=7.5/s eta=92s
[1306/2000] v5-sup-07039a6629 skeptical_auditor remove success=True rate=7.5/s eta=92s
[1307/2000] v5-sup-07039a6629 skeptical_auditor reverse success=True rate=7.5/s eta=92s
[1308/2000] v5-sup-07039a6629 skeptical_auditor substitute success=True rate=7.5/s eta=92s
[1309/2000] v5-sup-07039a6629 consistency_checker original success=True rate=7.5/s eta=92s
[1310/2000] v5-sup-07039a6629 consistency_checker remove success=True rate=7.6/s eta=91s
[1311/2000] v5-sup-07039a6629 consistency_checker reverse success=True rate=7.6/s eta=91s
[1312/2000] v5-sup-07039a6629 consistency_checker substitute success=True rate=7.6/s eta=91s
[1313/2000] v5-sup-07039a6629 counterfactual_reasoner original success=True rate=7.6/s eta=91s
[1314/2000] v5-sup-07039a6629 counterfactual_reasoner remove success=True rate=7.6/s eta=91s
[1315/2000] v5-sup-07039a6629 counterfactual_reasoner reverse success=True rate=7.6/s eta=90s
[1316/2000] v5-sup-07039a6629 counterfactual_reasoner substitute success=True rate=7.6/s eta=90s
[1317/2000] v5-sup-07039a6629 minimal_judge original success=True rate=7.6/s eta=90s
[1318/2000] v5-sup-07039a6629 minimal_judge remove success=True rate=7.6/s eta=90s
[1319/2000] v5-sup-07039a6629 minimal_judge reverse success=True rate=7.6/s eta=90s
[1320/2000] v5-sup-07039a6629 minimal_judge substitute success=True rate=7.6/s eta=89s
[1321/2000] v5-sup-071faf1b6b literal_evidence original success=True rate=7.6/s eta=89s
[1322/2000] v5-sup-071faf1b6b literal_evidence remove success=True rate=7.6/s eta=89s
[1323/2000] v5-sup-071faf1b6b literal_evidence reverse success=True rate=7.6/s eta=89s
[1324/2000] v5-sup-071faf1b6b literal_evidence substitute success=True rate=7.6/s eta=89s
[1325/2000] v5-sup-071faf1b6b skeptical_auditor original success=True rate=7.6/s eta=89s
[1326/2000] v5-sup-071faf1b6b skeptical_auditor remove success=True rate=7.6/s eta=88s
[1327/2000] v5-sup-071faf1b6b skeptical_auditor reverse success=True rate=7.6/s eta=88s
[1328/2000] v5-sup-071faf1b6b skeptical_auditor substitute success=True rate=7.6/s eta=88s
[1329/2000] v5-sup-071faf1b6b consistency_checker original success=True rate=7.6/s eta=88s
[1330/2000] v5-sup-071faf1b6b consistency_checker remove success=True rate=7.6/s eta=88s
[1331/2000] v5-sup-071faf1b6b consistency_checker reverse success=True rate=7.7/s eta=87s
[1332/2000] v5-sup-071faf1b6b consistency_checker substitute success=True rate=7.7/s eta=87s
[1333/2000] v5-sup-071faf1b6b counterfactual_reasoner original success=True rate=7.7/s eta=87s
[1334/2000] v5-sup-071faf1b6b counterfactual_reasoner remove success=True rate=7.7/s eta=87s
[1335/2000] v5-sup-071faf1b6b counterfactual_reasoner reverse success=True rate=7.7/s eta=87s
[1336/2000] v5-sup-071faf1b6b counterfactual_reasoner substitute success=True rate=7.7/s eta=86s
[1337/2000] v5-sup-071faf1b6b minimal_judge original success=True rate=7.7/s eta=86s
[1338/2000] v5-sup-071faf1b6b minimal_judge remove success=True rate=7.7/s eta=86s
[1339/2000] v5-sup-071faf1b6b minimal_judge reverse success=True rate=7.7/s eta=86s
[1340/2000] v5-sup-071faf1b6b minimal_judge substitute success=True rate=7.7/s eta=86s
[1341/2000] v5-sup-07413a43ff literal_evidence original success=True rate=7.7/s eta=86s
[1342/2000] v5-sup-07413a43ff literal_evidence remove success=True rate=7.7/s eta=85s
[1343/2000] v5-sup-07413a43ff literal_evidence reverse success=True rate=7.7/s eta=85s
[1344/2000] v5-sup-07413a43ff literal_evidence substitute success=True rate=7.7/s eta=85s
[1345/2000] v5-sup-07413a43ff skeptical_auditor original success=True rate=7.7/s eta=85s
[1346/2000] v5-sup-07413a43ff skeptical_auditor remove success=True rate=7.7/s eta=85s
[1347/2000] v5-sup-07413a43ff skeptical_auditor reverse success=True rate=7.7/s eta=84s
[1348/2000] v5-sup-07413a43ff skeptical_auditor substitute success=True rate=7.7/s eta=84s
[1349/2000] v5-sup-07413a43ff consistency_checker original success=True rate=7.7/s eta=84s
[1350/2000] v5-sup-07413a43ff consistency_checker remove success=True rate=7.7/s eta=84s
[1351/2000] v5-sup-07413a43ff consistency_checker reverse success=True rate=7.8/s eta=84s
[1352/2000] v5-sup-07413a43ff consistency_checker substitute success=True rate=7.8/s eta=84s
[1353/2000] v5-sup-07413a43ff counterfactual_reasoner original success=True rate=7.8/s eta=83s
[1354/2000] v5-sup-07413a43ff counterfactual_reasoner remove success=True rate=7.8/s eta=83s
[1355/2000] v5-sup-07413a43ff counterfactual_reasoner reverse success=True rate=7.8/s eta=83s
[1356/2000] v5-sup-07413a43ff counterfactual_reasoner substitute success=True rate=7.8/s eta=83s
[1357/2000] v5-sup-07413a43ff minimal_judge original success=True rate=7.8/s eta=83s
[1358/2000] v5-sup-07413a43ff minimal_judge remove success=True rate=7.8/s eta=82s
[1359/2000] v5-sup-07413a43ff minimal_judge reverse success=True rate=7.8/s eta=82s
[1360/2000] v5-sup-07413a43ff minimal_judge substitute success=True rate=7.8/s eta=82s
[1361/2000] v5-sup-0789590583 literal_evidence original success=True rate=7.8/s eta=82s
[1362/2000] v5-sup-0789590583 literal_evidence remove success=True rate=7.8/s eta=82s
[1363/2000] v5-sup-0789590583 literal_evidence reverse success=True rate=7.8/s eta=82s
[1364/2000] v5-sup-0789590583 literal_evidence substitute success=True rate=7.8/s eta=81s
[1365/2000] v5-sup-0789590583 skeptical_auditor original success=True rate=7.8/s eta=81s
[1366/2000] v5-sup-0789590583 skeptical_auditor remove success=True rate=7.8/s eta=81s
[1367/2000] v5-sup-0789590583 skeptical_auditor reverse success=True rate=7.8/s eta=81s
[1368/2000] v5-sup-0789590583 skeptical_auditor substitute success=True rate=7.8/s eta=81s
[1369/2000] v5-sup-0789590583 consistency_checker original success=True rate=7.8/s eta=80s
[1370/2000] v5-sup-0789590583 consistency_checker remove success=True rate=7.8/s eta=80s
[1371/2000] v5-sup-0789590583 consistency_checker reverse success=True rate=7.8/s eta=80s
[1372/2000] v5-sup-0789590583 consistency_checker substitute success=True rate=7.9/s eta=80s
[1373/2000] v5-sup-0789590583 counterfactual_reasoner original success=True rate=7.9/s eta=80s
[1374/2000] v5-sup-0789590583 counterfactual_reasoner remove success=True rate=7.9/s eta=80s
[1375/2000] v5-sup-0789590583 counterfactual_reasoner reverse success=True rate=7.9/s eta=79s
[1376/2000] v5-sup-0789590583 counterfactual_reasoner substitute success=True rate=7.9/s eta=79s
[1377/2000] v5-sup-0789590583 minimal_judge original success=True rate=7.9/s eta=79s
[1378/2000] v5-sup-0789590583 minimal_judge remove success=True rate=7.9/s eta=79s
[1379/2000] v5-sup-0789590583 minimal_judge reverse success=True rate=7.9/s eta=79s
[1380/2000] v5-sup-0789590583 minimal_judge substitute success=True rate=7.9/s eta=79s
[1381/2000] v5-sup-086fd43e5d literal_evidence original success=True rate=7.9/s eta=78s
[1382/2000] v5-sup-086fd43e5d literal_evidence remove success=True rate=7.9/s eta=78s
[1383/2000] v5-sup-086fd43e5d literal_evidence reverse success=True rate=7.9/s eta=78s
[1384/2000] v5-sup-086fd43e5d literal_evidence substitute success=True rate=7.9/s eta=78s
[1385/2000] v5-sup-086fd43e5d skeptical_auditor original success=True rate=7.9/s eta=78s
[1386/2000] v5-sup-086fd43e5d skeptical_auditor remove success=True rate=7.9/s eta=78s
[1387/2000] v5-sup-086fd43e5d skeptical_auditor reverse success=True rate=7.9/s eta=77s
[1388/2000] v5-sup-086fd43e5d skeptical_auditor substitute success=True rate=7.9/s eta=77s
[1389/2000] v5-sup-086fd43e5d consistency_checker original success=True rate=7.9/s eta=77s
[1390/2000] v5-sup-086fd43e5d consistency_checker remove success=True rate=7.9/s eta=77s
[1391/2000] v5-sup-086fd43e5d consistency_checker reverse success=True rate=7.9/s eta=77s
[1392/2000] v5-sup-086fd43e5d consistency_checker substitute success=True rate=8.0/s eta=76s
[1393/2000] v5-sup-086fd43e5d counterfactual_reasoner original success=True rate=8.0/s eta=76s
[1394/2000] v5-sup-086fd43e5d counterfactual_reasoner remove success=True rate=8.0/s eta=76s
[1395/2000] v5-sup-086fd43e5d counterfactual_reasoner reverse success=True rate=8.0/s eta=76s
[1396/2000] v5-sup-086fd43e5d counterfactual_reasoner substitute success=True rate=8.0/s eta=76s
[1397/2000] v5-sup-086fd43e5d minimal_judge original success=True rate=8.0/s eta=76s
[1398/2000] v5-sup-086fd43e5d minimal_judge remove success=True rate=8.0/s eta=75s
[1399/2000] v5-sup-086fd43e5d minimal_judge reverse success=True rate=8.0/s eta=75s
[1400/2000] v5-sup-086fd43e5d minimal_judge substitute success=True rate=8.0/s eta=75s
[1401/2000] v5-sup-08e8b3f404 literal_evidence original success=True rate=8.0/s eta=75s
[1402/2000] v5-sup-08e8b3f404 literal_evidence remove success=True rate=8.0/s eta=75s
[1403/2000] v5-sup-08e8b3f404 literal_evidence reverse success=True rate=8.0/s eta=75s
[1404/2000] v5-sup-08e8b3f404 literal_evidence substitute success=True rate=8.0/s eta=74s
[1405/2000] v5-sup-08e8b3f404 skeptical_auditor original success=True rate=8.0/s eta=74s
[1406/2000] v5-sup-08e8b3f404 skeptical_auditor remove success=True rate=8.0/s eta=74s
[1407/2000] v5-sup-08e8b3f404 skeptical_auditor reverse success=True rate=8.0/s eta=74s
[1408/2000] v5-sup-08e8b3f404 skeptical_auditor substitute success=True rate=8.0/s eta=74s
[1409/2000] v5-sup-08e8b3f404 consistency_checker original success=True rate=8.0/s eta=74s
[1410/2000] v5-sup-08e8b3f404 consistency_checker remove success=True rate=8.0/s eta=73s
[1411/2000] v5-sup-08e8b3f404 consistency_checker reverse success=True rate=8.0/s eta=73s
[1412/2000] v5-sup-08e8b3f404 consistency_checker substitute success=True rate=8.0/s eta=73s
[1413/2000] v5-sup-08e8b3f404 counterfactual_reasoner original success=True rate=8.1/s eta=73s
[1414/2000] v5-sup-08e8b3f404 counterfactual_reasoner remove success=True rate=8.1/s eta=73s
[1415/2000] v5-sup-08e8b3f404 counterfactual_reasoner reverse success=True rate=8.1/s eta=73s
[1416/2000] v5-sup-08e8b3f404 counterfactual_reasoner substitute success=True rate=8.1/s eta=72s
[1417/2000] v5-sup-08e8b3f404 minimal_judge original success=True rate=8.1/s eta=72s
[1418/2000] v5-sup-08e8b3f404 minimal_judge remove success=True rate=8.1/s eta=72s
[1419/2000] v5-sup-08e8b3f404 minimal_judge reverse success=True rate=8.1/s eta=72s
[1420/2000] v5-sup-08e8b3f404 minimal_judge substitute success=True rate=8.1/s eta=72s
[1421/2000] v5-sup-08ece88e62 literal_evidence original success=True rate=8.1/s eta=72s
[1422/2000] v5-sup-08ece88e62 literal_evidence remove success=True rate=8.1/s eta=71s
[1423/2000] v5-sup-08ece88e62 literal_evidence reverse success=True rate=8.1/s eta=71s
[1424/2000] v5-sup-08ece88e62 literal_evidence substitute success=True rate=8.1/s eta=71s
[1425/2000] v5-sup-08ece88e62 skeptical_auditor original success=True rate=8.1/s eta=71s
[1426/2000] v5-sup-08ece88e62 skeptical_auditor remove success=True rate=8.1/s eta=71s
[1427/2000] v5-sup-08ece88e62 skeptical_auditor reverse success=True rate=8.1/s eta=71s
[1428/2000] v5-sup-08ece88e62 skeptical_auditor substitute success=True rate=8.1/s eta=70s
[1429/2000] v5-sup-08ece88e62 consistency_checker original success=True rate=8.1/s eta=70s
[1430/2000] v5-sup-08ece88e62 consistency_checker remove success=True rate=8.1/s eta=70s
[1431/2000] v5-sup-08ece88e62 consistency_checker reverse success=True rate=8.1/s eta=70s
[1432/2000] v5-sup-08ece88e62 consistency_checker substitute success=True rate=8.1/s eta=70s
[1433/2000] v5-sup-08ece88e62 counterfactual_reasoner original success=True rate=8.1/s eta=70s
[1434/2000] v5-sup-08ece88e62 counterfactual_reasoner remove success=True rate=8.2/s eta=69s
[1435/2000] v5-sup-08ece88e62 counterfactual_reasoner reverse success=True rate=8.2/s eta=69s
[1436/2000] v5-sup-08ece88e62 counterfactual_reasoner substitute success=True rate=8.2/s eta=69s
[1437/2000] v5-sup-08ece88e62 minimal_judge original success=True rate=8.2/s eta=69s
[1438/2000] v5-sup-08ece88e62 minimal_judge remove success=True rate=8.2/s eta=69s
[1439/2000] v5-sup-08ece88e62 minimal_judge reverse success=True rate=8.2/s eta=69s
[1440/2000] v5-sup-08ece88e62 minimal_judge substitute success=True rate=8.2/s eta=68s
[1441/2000] v5-sup-08f8b9ac30 literal_evidence original success=True rate=8.2/s eta=68s
[1442/2000] v5-sup-08f8b9ac30 literal_evidence remove success=True rate=8.2/s eta=68s
[1443/2000] v5-sup-08f8b9ac30 literal_evidence reverse success=True rate=8.2/s eta=68s
[1444/2000] v5-sup-08f8b9ac30 literal_evidence substitute success=True rate=8.2/s eta=68s
[1445/2000] v5-sup-08f8b9ac30 skeptical_auditor original success=True rate=8.2/s eta=68s
[1446/2000] v5-sup-08f8b9ac30 skeptical_auditor remove success=True rate=8.2/s eta=67s
[1447/2000] v5-sup-08f8b9ac30 skeptical_auditor reverse success=True rate=8.2/s eta=67s
[1448/2000] v5-sup-08f8b9ac30 skeptical_auditor substitute success=True rate=8.2/s eta=67s
[1449/2000] v5-sup-08f8b9ac30 consistency_checker original success=True rate=8.2/s eta=67s
[1450/2000] v5-sup-08f8b9ac30 consistency_checker remove success=True rate=8.2/s eta=67s
[1451/2000] v5-sup-08f8b9ac30 consistency_checker reverse success=True rate=8.2/s eta=67s
[1452/2000] v5-sup-08f8b9ac30 consistency_checker substitute success=True rate=8.2/s eta=67s
[1453/2000] v5-sup-08f8b9ac30 counterfactual_reasoner original success=True rate=8.2/s eta=66s
[1454/2000] v5-sup-08f8b9ac30 counterfactual_reasoner remove success=True rate=8.2/s eta=66s
[1455/2000] v5-sup-08f8b9ac30 counterfactual_reasoner reverse success=True rate=8.3/s eta=66s
[1456/2000] v5-sup-08f8b9ac30 counterfactual_reasoner substitute success=True rate=8.3/s eta=66s
[1457/2000] v5-sup-08f8b9ac30 minimal_judge original success=True rate=8.3/s eta=66s
[1458/2000] v5-sup-08f8b9ac30 minimal_judge remove success=True rate=8.3/s eta=66s
[1459/2000] v5-sup-08f8b9ac30 minimal_judge reverse success=True rate=8.3/s eta=65s
[1460/2000] v5-sup-08f8b9ac30 minimal_judge substitute success=True rate=8.3/s eta=65s
[1461/2000] v5-sup-0929669aa9 literal_evidence original success=True rate=8.3/s eta=65s
[1462/2000] v5-sup-0929669aa9 literal_evidence remove success=True rate=8.3/s eta=65s
[1463/2000] v5-sup-0929669aa9 literal_evidence reverse success=True rate=8.3/s eta=65s
[1464/2000] v5-sup-0929669aa9 literal_evidence substitute success=True rate=8.3/s eta=65s
[1465/2000] v5-sup-0929669aa9 skeptical_auditor original success=True rate=8.3/s eta=64s
[1466/2000] v5-sup-0929669aa9 skeptical_auditor remove success=True rate=8.3/s eta=64s
[1467/2000] v5-sup-0929669aa9 skeptical_auditor reverse success=True rate=8.3/s eta=64s
[1468/2000] v5-sup-0929669aa9 skeptical_auditor substitute success=True rate=8.3/s eta=64s
[1469/2000] v5-sup-0929669aa9 consistency_checker original success=True rate=8.3/s eta=64s
[1470/2000] v5-sup-0929669aa9 consistency_checker remove success=True rate=8.3/s eta=64s
[1471/2000] v5-sup-0929669aa9 consistency_checker reverse success=True rate=8.3/s eta=64s
[1472/2000] v5-sup-0929669aa9 consistency_checker substitute success=True rate=8.3/s eta=63s
[1473/2000] v5-sup-0929669aa9 counterfactual_reasoner original success=True rate=8.3/s eta=63s
[1474/2000] v5-sup-0929669aa9 counterfactual_reasoner remove success=True rate=8.3/s eta=63s
[1475/2000] v5-sup-0929669aa9 counterfactual_reasoner reverse success=True rate=8.3/s eta=63s
[1476/2000] v5-sup-0929669aa9 counterfactual_reasoner substitute success=True rate=8.3/s eta=63s
[1477/2000] v5-sup-0929669aa9 minimal_judge original success=True rate=8.4/s eta=63s
[1478/2000] v5-sup-0929669aa9 minimal_judge remove success=True rate=8.4/s eta=62s
[1479/2000] v5-sup-0929669aa9 minimal_judge reverse success=True rate=8.4/s eta=62s
[1480/2000] v5-sup-0929669aa9 minimal_judge substitute success=True rate=8.4/s eta=62s
[1481/2000] v5-sup-093d1c158f literal_evidence original success=True rate=8.4/s eta=62s
[1482/2000] v5-sup-093d1c158f literal_evidence remove success=True rate=8.4/s eta=62s
[1483/2000] v5-sup-093d1c158f literal_evidence reverse success=True rate=8.4/s eta=62s
[1484/2000] v5-sup-093d1c158f literal_evidence substitute success=True rate=8.4/s eta=62s
[1485/2000] v5-sup-093d1c158f skeptical_auditor original success=True rate=8.4/s eta=61s
[1486/2000] v5-sup-093d1c158f skeptical_auditor remove success=True rate=8.4/s eta=61s
[1487/2000] v5-sup-093d1c158f skeptical_auditor reverse success=True rate=8.4/s eta=61s
[1488/2000] v5-sup-093d1c158f skeptical_auditor substitute success=True rate=8.4/s eta=61s
[1489/2000] v5-sup-093d1c158f consistency_checker original success=True rate=8.4/s eta=61s
[1490/2000] v5-sup-093d1c158f consistency_checker remove success=True rate=8.4/s eta=61s
[1491/2000] v5-sup-093d1c158f consistency_checker reverse success=True rate=8.4/s eta=60s
[1492/2000] v5-sup-093d1c158f consistency_checker substitute success=True rate=8.4/s eta=60s
[1493/2000] v5-sup-093d1c158f counterfactual_reasoner original success=True rate=8.4/s eta=60s
[1494/2000] v5-sup-093d1c158f counterfactual_reasoner remove success=True rate=8.4/s eta=60s
[1495/2000] v5-sup-093d1c158f counterfactual_reasoner reverse success=True rate=8.4/s eta=60s
[1496/2000] v5-sup-093d1c158f counterfactual_reasoner substitute success=True rate=8.4/s eta=60s
[1497/2000] v5-sup-093d1c158f minimal_judge original success=True rate=8.4/s eta=60s
[1498/2000] v5-sup-093d1c158f minimal_judge remove success=True rate=8.5/s eta=59s
[1499/2000] v5-sup-093d1c158f minimal_judge reverse success=True rate=8.5/s eta=59s
[1500/2000] v5-sup-093d1c158f minimal_judge substitute success=True rate=8.5/s eta=59s
[1501/2000] v5-sup-09439ca0e5 literal_evidence original success=True rate=8.4/s eta=59s
[1502/2000] v5-sup-09439ca0e5 literal_evidence remove success=True rate=8.4/s eta=59s
[1503/2000] v5-sup-09439ca0e5 literal_evidence reverse success=True rate=8.4/s eta=59s
[1504/2000] v5-sup-09439ca0e5 literal_evidence substitute success=True rate=8.4/s eta=59s
[1505/2000] v5-sup-09439ca0e5 skeptical_auditor original success=True rate=8.4/s eta=59s
[1506/2000] v5-sup-09439ca0e5 skeptical_auditor remove success=True rate=8.4/s eta=59s
[1507/2000] v5-sup-09439ca0e5 skeptical_auditor reverse success=True rate=8.4/s eta=59s
[1508/2000] v5-sup-09439ca0e5 skeptical_auditor substitute success=True rate=8.4/s eta=59s
[1509/2000] v5-sup-09439ca0e5 consistency_checker original success=True rate=8.4/s eta=59s
[1510/2000] v5-sup-09439ca0e5 consistency_checker remove success=True rate=8.3/s eta=59s
[1511/2000] v5-sup-09439ca0e5 consistency_checker reverse success=True rate=8.3/s eta=59s
[1512/2000] v5-sup-09439ca0e5 consistency_checker substitute success=True rate=8.3/s eta=59s
[1513/2000] v5-sup-09439ca0e5 counterfactual_reasoner original success=True rate=8.3/s eta=59s
[1514/2000] v5-sup-09439ca0e5 counterfactual_reasoner remove success=True rate=8.3/s eta=59s
[1515/2000] v5-sup-09439ca0e5 counterfactual_reasoner reverse success=True rate=8.3/s eta=59s
[1516/2000] v5-sup-09439ca0e5 counterfactual_reasoner substitute success=True rate=8.3/s eta=59s
[1517/2000] v5-sup-09439ca0e5 minimal_judge original success=True rate=8.3/s eta=58s
[1518/2000] v5-sup-09439ca0e5 minimal_judge remove success=True rate=8.3/s eta=58s
[1519/2000] v5-sup-09439ca0e5 minimal_judge reverse success=True rate=8.2/s eta=58s
[1520/2000] v5-sup-09439ca0e5 minimal_judge substitute success=True rate=8.2/s eta=58s
[1521/2000] v5-sup-094b1c657f literal_evidence original success=True rate=8.2/s eta=58s
[1522/2000] v5-sup-094b1c657f literal_evidence remove success=True rate=8.2/s eta=58s
[1523/2000] v5-sup-094b1c657f literal_evidence reverse success=True rate=8.2/s eta=58s
[1524/2000] v5-sup-094b1c657f literal_evidence substitute success=True rate=8.2/s eta=58s
[1525/2000] v5-sup-094b1c657f skeptical_auditor original success=True rate=8.2/s eta=58s
[1526/2000] v5-sup-094b1c657f skeptical_auditor remove success=True rate=8.2/s eta=58s
[1527/2000] v5-sup-094b1c657f skeptical_auditor reverse success=True rate=8.1/s eta=58s
[1528/2000] v5-sup-094b1c657f skeptical_auditor substitute success=True rate=8.1/s eta=58s
[1529/2000] v5-sup-094b1c657f consistency_checker original success=True rate=8.1/s eta=58s
[1530/2000] v5-sup-094b1c657f consistency_checker remove success=True rate=8.1/s eta=58s
[1531/2000] v5-sup-094b1c657f consistency_checker reverse success=True rate=8.1/s eta=58s
[1532/2000] v5-sup-094b1c657f consistency_checker substitute success=True rate=8.1/s eta=58s
[1533/2000] v5-sup-094b1c657f counterfactual_reasoner original success=True rate=8.1/s eta=58s
[1534/2000] v5-sup-094b1c657f counterfactual_reasoner remove success=True rate=8.1/s eta=58s
[1535/2000] v5-sup-094b1c657f counterfactual_reasoner reverse success=True rate=8.1/s eta=58s
[1536/2000] v5-sup-094b1c657f counterfactual_reasoner substitute success=True rate=8.0/s eta=58s
[1537/2000] v5-sup-094b1c657f minimal_judge original success=True rate=8.0/s eta=58s
[1538/2000] v5-sup-094b1c657f minimal_judge remove success=True rate=8.0/s eta=58s
[1539/2000] v5-sup-094b1c657f minimal_judge reverse success=True rate=8.0/s eta=58s
[1540/2000] v5-sup-094b1c657f minimal_judge substitute success=True rate=8.0/s eta=58s
[1541/2000] v5-sup-09a45e133c literal_evidence original success=True rate=8.0/s eta=57s
[1542/2000] v5-sup-09a45e133c literal_evidence remove success=True rate=8.0/s eta=57s
[1543/2000] v5-sup-09a45e133c literal_evidence reverse success=True rate=8.0/s eta=57s
[1544/2000] v5-sup-09a45e133c literal_evidence substitute success=True rate=8.0/s eta=57s
[1545/2000] v5-sup-09a45e133c skeptical_auditor original success=True rate=7.9/s eta=57s
[1546/2000] v5-sup-09a45e133c skeptical_auditor remove success=True rate=7.9/s eta=57s
[1547/2000] v5-sup-09a45e133c skeptical_auditor reverse success=True rate=7.9/s eta=57s
[1548/2000] v5-sup-09a45e133c skeptical_auditor substitute success=True rate=7.9/s eta=57s
[1549/2000] v5-sup-09a45e133c consistency_checker original success=True rate=7.9/s eta=57s
[1550/2000] v5-sup-09a45e133c consistency_checker remove success=True rate=7.9/s eta=57s
[1551/2000] v5-sup-09a45e133c consistency_checker reverse success=True rate=7.9/s eta=57s
[1552/2000] v5-sup-09a45e133c consistency_checker substitute success=True rate=7.9/s eta=57s
[1553/2000] v5-sup-09a45e133c counterfactual_reasoner original success=True rate=7.9/s eta=57s
[1554/2000] v5-sup-09a45e133c counterfactual_reasoner remove success=True rate=7.8/s eta=57s
[1555/2000] v5-sup-09a45e133c counterfactual_reasoner reverse success=True rate=7.8/s eta=57s
[1556/2000] v5-sup-09a45e133c counterfactual_reasoner substitute success=True rate=7.8/s eta=57s
[1557/2000] v5-sup-09a45e133c minimal_judge original success=True rate=7.8/s eta=57s
[1558/2000] v5-sup-09a45e133c minimal_judge remove success=True rate=7.8/s eta=57s
[1559/2000] v5-sup-09a45e133c minimal_judge reverse success=True rate=7.8/s eta=57s
[1560/2000] v5-sup-09a45e133c minimal_judge substitute success=True rate=7.8/s eta=57s
[1561/2000] v5-sup-09cd0e3929 literal_evidence original success=True rate=7.8/s eta=56s
[1562/2000] v5-sup-09cd0e3929 literal_evidence remove success=True rate=7.8/s eta=56s
[1563/2000] v5-sup-09cd0e3929 literal_evidence reverse success=True rate=7.8/s eta=56s
[1564/2000] v5-sup-09cd0e3929 literal_evidence substitute success=True rate=7.7/s eta=56s
[1565/2000] v5-sup-09cd0e3929 skeptical_auditor original success=True rate=7.7/s eta=56s
[1566/2000] v5-sup-09cd0e3929 skeptical_auditor remove success=True rate=7.7/s eta=56s
[1567/2000] v5-sup-09cd0e3929 skeptical_auditor reverse success=True rate=7.7/s eta=56s
[1568/2000] v5-sup-09cd0e3929 skeptical_auditor substitute success=True rate=7.7/s eta=56s
[1569/2000] v5-sup-09cd0e3929 consistency_checker original success=True rate=7.7/s eta=56s
[1570/2000] v5-sup-09cd0e3929 consistency_checker remove success=True rate=7.7/s eta=56s
[1571/2000] v5-sup-09cd0e3929 consistency_checker reverse success=True rate=7.7/s eta=56s
[1572/2000] v5-sup-09cd0e3929 consistency_checker substitute success=True rate=7.7/s eta=56s
[1573/2000] v5-sup-09cd0e3929 counterfactual_reasoner original success=True rate=7.7/s eta=56s
[1574/2000] v5-sup-09cd0e3929 counterfactual_reasoner remove success=True rate=7.6/s eta=56s
[1575/2000] v5-sup-09cd0e3929 counterfactual_reasoner reverse success=True rate=7.6/s eta=56s
[1576/2000] v5-sup-09cd0e3929 counterfactual_reasoner substitute success=True rate=7.6/s eta=56s
[1577/2000] v5-sup-09cd0e3929 minimal_judge original success=True rate=7.6/s eta=56s
[1578/2000] v5-sup-09cd0e3929 minimal_judge remove success=True rate=7.6/s eta=55s
[1579/2000] v5-sup-09cd0e3929 minimal_judge reverse success=True rate=7.6/s eta=55s
[1580/2000] v5-sup-09cd0e3929 minimal_judge substitute success=True rate=7.6/s eta=55s
[1581/2000] v5-sup-0aac3dbe22 literal_evidence original success=True rate=7.6/s eta=55s
[1582/2000] v5-sup-0aac3dbe22 literal_evidence remove success=True rate=7.6/s eta=55s
[1583/2000] v5-sup-0aac3dbe22 literal_evidence reverse success=True rate=7.6/s eta=55s
[1584/2000] v5-sup-0aac3dbe22 literal_evidence substitute success=True rate=7.6/s eta=55s
[1585/2000] v5-sup-0aac3dbe22 skeptical_auditor original success=True rate=7.5/s eta=55s
[1586/2000] v5-sup-0aac3dbe22 skeptical_auditor remove success=True rate=7.5/s eta=55s
[1587/2000] v5-sup-0aac3dbe22 skeptical_auditor reverse success=True rate=7.5/s eta=55s
[1588/2000] v5-sup-0aac3dbe22 skeptical_auditor substitute success=True rate=7.5/s eta=55s
[1589/2000] v5-sup-0aac3dbe22 consistency_checker original success=True rate=7.5/s eta=55s
[1590/2000] v5-sup-0aac3dbe22 consistency_checker remove success=True rate=7.5/s eta=55s
[1591/2000] v5-sup-0aac3dbe22 consistency_checker reverse success=True rate=7.5/s eta=55s
[1592/2000] v5-sup-0aac3dbe22 consistency_checker substitute success=True rate=7.5/s eta=55s
[1593/2000] v5-sup-0aac3dbe22 counterfactual_reasoner original success=True rate=7.5/s eta=55s
[1594/2000] v5-sup-0aac3dbe22 counterfactual_reasoner remove success=True rate=7.5/s eta=54s
[1595/2000] v5-sup-0aac3dbe22 counterfactual_reasoner reverse success=True rate=7.4/s eta=54s
[1596/2000] v5-sup-0aac3dbe22 counterfactual_reasoner substitute success=True rate=7.4/s eta=54s
[1597/2000] v5-sup-0aac3dbe22 minimal_judge original success=True rate=7.4/s eta=54s
[1598/2000] v5-sup-0aac3dbe22 minimal_judge remove success=True rate=7.4/s eta=54s
[1599/2000] v5-sup-0aac3dbe22 minimal_judge reverse success=True rate=7.4/s eta=54s
[1600/2000] v5-sup-0aac3dbe22 minimal_judge substitute success=True rate=7.4/s eta=54s
[1601/2000] v5-sup-0ac24644f2 literal_evidence original success=True rate=7.4/s eta=54s
[1602/2000] v5-sup-0ac24644f2 literal_evidence remove success=True rate=7.4/s eta=54s
[1603/2000] v5-sup-0ac24644f2 literal_evidence reverse success=True rate=7.4/s eta=54s
[1604/2000] v5-sup-0ac24644f2 literal_evidence substitute success=True rate=7.4/s eta=54s
[1605/2000] v5-sup-0ac24644f2 skeptical_auditor original success=True rate=7.4/s eta=54s
[1606/2000] v5-sup-0ac24644f2 skeptical_auditor remove success=True rate=7.4/s eta=54s
[1607/2000] v5-sup-0ac24644f2 skeptical_auditor reverse success=True rate=7.3/s eta=54s
[1608/2000] v5-sup-0ac24644f2 skeptical_auditor substitute success=True rate=7.3/s eta=53s
[1609/2000] v5-sup-0ac24644f2 consistency_checker original success=True rate=7.3/s eta=53s
[1610/2000] v5-sup-0ac24644f2 consistency_checker remove success=True rate=7.3/s eta=53s
[1611/2000] v5-sup-0ac24644f2 consistency_checker reverse success=True rate=7.3/s eta=53s
[1612/2000] v5-sup-0ac24644f2 consistency_checker substitute success=True rate=7.3/s eta=53s
[1613/2000] v5-sup-0ac24644f2 counterfactual_reasoner original success=True rate=7.3/s eta=53s
[1614/2000] v5-sup-0ac24644f2 counterfactual_reasoner remove success=True rate=7.3/s eta=53s
[1615/2000] v5-sup-0ac24644f2 counterfactual_reasoner reverse success=True rate=7.3/s eta=53s
[1616/2000] v5-sup-0ac24644f2 counterfactual_reasoner substitute success=True rate=7.3/s eta=53s
[1617/2000] v5-sup-0ac24644f2 minimal_judge original success=True rate=7.3/s eta=53s
[1618/2000] v5-sup-0ac24644f2 minimal_judge remove success=True rate=7.3/s eta=53s
[1619/2000] v5-sup-0ac24644f2 minimal_judge reverse success=True rate=7.3/s eta=53s
[1620/2000] v5-sup-0ac24644f2 minimal_judge substitute success=True rate=7.2/s eta=52s
[1621/2000] v5-sup-0b03ddc62e literal_evidence original success=True rate=7.2/s eta=52s
[1622/2000] v5-sup-0b03ddc62e literal_evidence remove success=True rate=7.2/s eta=52s
[1623/2000] v5-sup-0b03ddc62e literal_evidence reverse success=True rate=7.2/s eta=52s
[1624/2000] v5-sup-0b03ddc62e literal_evidence substitute success=True rate=7.2/s eta=52s
[1625/2000] v5-sup-0b03ddc62e skeptical_auditor original success=True rate=7.2/s eta=52s
[1626/2000] v5-sup-0b03ddc62e skeptical_auditor remove success=True rate=7.2/s eta=52s
[1627/2000] v5-sup-0b03ddc62e skeptical_auditor reverse success=True rate=7.2/s eta=52s
[1628/2000] v5-sup-0b03ddc62e skeptical_auditor substitute success=True rate=7.2/s eta=52s
[1629/2000] v5-sup-0b03ddc62e consistency_checker original success=True rate=7.2/s eta=52s
[1630/2000] v5-sup-0b03ddc62e consistency_checker remove success=True rate=7.2/s eta=52s
[1631/2000] v5-sup-0b03ddc62e consistency_checker reverse success=True rate=7.2/s eta=51s
[1632/2000] v5-sup-0b03ddc62e consistency_checker substitute success=True rate=7.2/s eta=51s
[1633/2000] v5-sup-0b03ddc62e counterfactual_reasoner original success=True rate=7.2/s eta=51s
[1634/2000] v5-sup-0b03ddc62e counterfactual_reasoner remove success=True rate=7.1/s eta=51s
[1635/2000] v5-sup-0b03ddc62e counterfactual_reasoner reverse success=True rate=7.1/s eta=51s
[1636/2000] v5-sup-0b03ddc62e counterfactual_reasoner substitute success=True rate=7.1/s eta=51s
[1637/2000] v5-sup-0b03ddc62e minimal_judge original success=True rate=7.1/s eta=51s
[1638/2000] v5-sup-0b03ddc62e minimal_judge remove success=True rate=7.1/s eta=51s
[1639/2000] v5-sup-0b03ddc62e minimal_judge reverse success=True rate=7.1/s eta=51s
[1640/2000] v5-sup-0b03ddc62e minimal_judge substitute success=True rate=7.1/s eta=51s
[1641/2000] v5-sup-0b0ea77e30 literal_evidence original success=True rate=7.1/s eta=51s
[1642/2000] v5-sup-0b0ea77e30 literal_evidence remove success=True rate=7.1/s eta=50s
[1643/2000] v5-sup-0b0ea77e30 literal_evidence reverse success=True rate=7.1/s eta=50s
[1644/2000] v5-sup-0b0ea77e30 literal_evidence substitute success=True rate=7.1/s eta=50s
[1645/2000] v5-sup-0b0ea77e30 skeptical_auditor original success=True rate=7.1/s eta=50s
[1646/2000] v5-sup-0b0ea77e30 skeptical_auditor remove success=True rate=7.1/s eta=50s
[1647/2000] v5-sup-0b0ea77e30 skeptical_auditor reverse success=True rate=7.1/s eta=50s
[1648/2000] v5-sup-0b0ea77e30 skeptical_auditor substitute success=True rate=7.1/s eta=50s
[1649/2000] v5-sup-0b0ea77e30 consistency_checker original success=True rate=7.0/s eta=50s
[1650/2000] v5-sup-0b0ea77e30 consistency_checker remove success=True rate=7.0/s eta=50s
[1651/2000] v5-sup-0b0ea77e30 consistency_checker reverse success=True rate=7.0/s eta=50s
[1652/2000] v5-sup-0b0ea77e30 consistency_checker substitute success=True rate=7.0/s eta=50s
[1653/2000] v5-sup-0b0ea77e30 counterfactual_reasoner original success=True rate=7.0/s eta=49s
[1654/2000] v5-sup-0b0ea77e30 counterfactual_reasoner remove success=True rate=7.0/s eta=49s
[1655/2000] v5-sup-0b0ea77e30 counterfactual_reasoner reverse success=True rate=7.0/s eta=49s
[1656/2000] v5-sup-0b0ea77e30 counterfactual_reasoner substitute success=True rate=7.0/s eta=49s
[1657/2000] v5-sup-0b0ea77e30 minimal_judge original success=True rate=7.0/s eta=49s
[1658/2000] v5-sup-0b0ea77e30 minimal_judge remove success=True rate=7.0/s eta=49s
[1659/2000] v5-sup-0b0ea77e30 minimal_judge reverse success=True rate=7.0/s eta=49s
[1660/2000] v5-sup-0b0ea77e30 minimal_judge substitute success=True rate=7.0/s eta=49s
[1661/2000] v5-sup-0bb9956410 literal_evidence original success=True rate=7.0/s eta=49s
[1662/2000] v5-sup-0bb9956410 literal_evidence remove success=True rate=7.0/s eta=49s
[1663/2000] v5-sup-0bb9956410 literal_evidence reverse success=True rate=7.0/s eta=48s
[1664/2000] v5-sup-0bb9956410 literal_evidence substitute success=True rate=6.9/s eta=48s
[1665/2000] v5-sup-0bb9956410 skeptical_auditor original success=True rate=6.9/s eta=48s
[1666/2000] v5-sup-0bb9956410 skeptical_auditor remove success=True rate=6.9/s eta=48s
[1667/2000] v5-sup-0bb9956410 skeptical_auditor reverse success=True rate=6.9/s eta=48s
[1668/2000] v5-sup-0bb9956410 skeptical_auditor substitute success=True rate=6.9/s eta=48s
[1669/2000] v5-sup-0bb9956410 consistency_checker original success=True rate=6.9/s eta=48s
[1670/2000] v5-sup-0bb9956410 consistency_checker remove success=True rate=6.9/s eta=48s
[1671/2000] v5-sup-0bb9956410 consistency_checker reverse success=True rate=6.9/s eta=48s
[1672/2000] v5-sup-0bb9956410 consistency_checker substitute success=True rate=6.9/s eta=48s
[1673/2000] v5-sup-0bb9956410 counterfactual_reasoner original success=True rate=6.9/s eta=47s
[1674/2000] v5-sup-0bb9956410 counterfactual_reasoner remove success=True rate=6.9/s eta=47s
[1675/2000] v5-sup-0bb9956410 counterfactual_reasoner reverse success=True rate=6.9/s eta=47s
[1676/2000] v5-sup-0bb9956410 counterfactual_reasoner substitute success=True rate=6.9/s eta=47s
[1677/2000] v5-sup-0bb9956410 minimal_judge original success=True rate=6.9/s eta=47s
[1678/2000] v5-sup-0bb9956410 minimal_judge remove success=True rate=6.9/s eta=47s
[1679/2000] v5-sup-0bb9956410 minimal_judge reverse success=True rate=6.8/s eta=47s
[1680/2000] v5-sup-0bb9956410 minimal_judge substitute success=True rate=6.8/s eta=47s
[1681/2000] v5-sup-0bfd2b74d1 literal_evidence original success=True rate=6.8/s eta=47s
[1682/2000] v5-sup-0bfd2b74d1 literal_evidence remove success=True rate=6.8/s eta=47s
[1683/2000] v5-sup-0bfd2b74d1 literal_evidence reverse success=True rate=6.8/s eta=46s
[1684/2000] v5-sup-0bfd2b74d1 literal_evidence substitute success=True rate=6.8/s eta=46s
[1685/2000] v5-sup-0bfd2b74d1 skeptical_auditor original success=True rate=6.8/s eta=46s
[1686/2000] v5-sup-0bfd2b74d1 skeptical_auditor remove success=True rate=6.8/s eta=46s
[1687/2000] v5-sup-0bfd2b74d1 skeptical_auditor reverse success=True rate=6.8/s eta=46s
[1688/2000] v5-sup-0bfd2b74d1 skeptical_auditor substitute success=True rate=6.8/s eta=46s
[1689/2000] v5-sup-0bfd2b74d1 consistency_checker original success=True rate=6.8/s eta=46s
[1690/2000] v5-sup-0bfd2b74d1 consistency_checker remove success=True rate=6.8/s eta=46s
[1691/2000] v5-sup-0bfd2b74d1 consistency_checker reverse success=True rate=6.8/s eta=46s
[1692/2000] v5-sup-0bfd2b74d1 consistency_checker substitute success=True rate=6.8/s eta=46s
[1693/2000] v5-sup-0bfd2b74d1 counterfactual_reasoner original success=True rate=6.8/s eta=45s
[1694/2000] v5-sup-0bfd2b74d1 counterfactual_reasoner remove success=True rate=6.7/s eta=45s
[1695/2000] v5-sup-0bfd2b74d1 counterfactual_reasoner reverse success=True rate=6.7/s eta=45s
[1696/2000] v5-sup-0bfd2b74d1 counterfactual_reasoner substitute success=True rate=6.7/s eta=45s
[1697/2000] v5-sup-0bfd2b74d1 minimal_judge original success=True rate=6.7/s eta=45s
[1698/2000] v5-sup-0bfd2b74d1 minimal_judge remove success=True rate=6.7/s eta=45s
[1699/2000] v5-sup-0bfd2b74d1 minimal_judge reverse success=True rate=6.7/s eta=45s
[1700/2000] v5-sup-0bfd2b74d1 minimal_judge substitute success=True rate=6.7/s eta=45s
[1701/2000] v5-sup-0c5f92a234 literal_evidence original success=True rate=6.7/s eta=45s
[1702/2000] v5-sup-0c5f92a234 literal_evidence remove success=True rate=6.7/s eta=44s
[1703/2000] v5-sup-0c5f92a234 literal_evidence reverse success=True rate=6.7/s eta=44s
[1704/2000] v5-sup-0c5f92a234 literal_evidence substitute success=True rate=6.7/s eta=44s
[1705/2000] v5-sup-0c5f92a234 skeptical_auditor original success=True rate=6.7/s eta=44s
[1706/2000] v5-sup-0c5f92a234 skeptical_auditor remove success=True rate=6.7/s eta=44s
[1707/2000] v5-sup-0c5f92a234 skeptical_auditor reverse success=True rate=6.7/s eta=44s
[1708/2000] v5-sup-0c5f92a234 skeptical_auditor substitute success=True rate=6.7/s eta=44s
[1709/2000] v5-sup-0c5f92a234 consistency_checker original success=True rate=6.7/s eta=44s
[1710/2000] v5-sup-0c5f92a234 consistency_checker remove success=True rate=6.7/s eta=44s
[1711/2000] v5-sup-0c5f92a234 consistency_checker reverse success=True rate=6.7/s eta=43s
[1712/2000] v5-sup-0c5f92a234 consistency_checker substitute success=True rate=6.6/s eta=43s
[1713/2000] v5-sup-0c5f92a234 counterfactual_reasoner original success=True rate=6.6/s eta=43s
[1714/2000] v5-sup-0c5f92a234 counterfactual_reasoner remove success=True rate=6.6/s eta=43s
[1715/2000] v5-sup-0c5f92a234 counterfactual_reasoner reverse success=True rate=6.6/s eta=43s
[1716/2000] v5-sup-0c5f92a234 counterfactual_reasoner substitute success=True rate=6.6/s eta=43s
[1717/2000] v5-sup-0c5f92a234 minimal_judge original success=True rate=6.6/s eta=43s
[1718/2000] v5-sup-0c5f92a234 minimal_judge remove success=True rate=6.6/s eta=43s
[1719/2000] v5-sup-0c5f92a234 minimal_judge reverse success=True rate=6.6/s eta=43s
[1720/2000] v5-sup-0c5f92a234 minimal_judge substitute success=True rate=6.6/s eta=42s
[1721/2000] v5-sup-0c8b674f13 literal_evidence original success=True rate=6.6/s eta=42s
[1722/2000] v5-sup-0c8b674f13 literal_evidence remove success=True rate=6.6/s eta=42s
[1723/2000] v5-sup-0c8b674f13 literal_evidence reverse success=True rate=6.6/s eta=42s
[1724/2000] v5-sup-0c8b674f13 literal_evidence substitute success=True rate=6.6/s eta=42s
[1725/2000] v5-sup-0c8b674f13 skeptical_auditor original success=True rate=6.6/s eta=42s
[1726/2000] v5-sup-0c8b674f13 skeptical_auditor remove success=True rate=6.6/s eta=42s
[1727/2000] v5-sup-0c8b674f13 skeptical_auditor reverse success=True rate=6.6/s eta=42s
[1728/2000] v5-sup-0c8b674f13 skeptical_auditor substitute success=True rate=6.6/s eta=41s
[1729/2000] v5-sup-0c8b674f13 consistency_checker original success=True rate=6.5/s eta=41s
[1730/2000] v5-sup-0c8b674f13 consistency_checker remove success=True rate=6.5/s eta=41s
[1731/2000] v5-sup-0c8b674f13 consistency_checker reverse success=True rate=6.5/s eta=41s
[1732/2000] v5-sup-0c8b674f13 consistency_checker substitute success=True rate=6.5/s eta=41s
[1733/2000] v5-sup-0c8b674f13 counterfactual_reasoner original success=True rate=6.5/s eta=41s
[1734/2000] v5-sup-0c8b674f13 counterfactual_reasoner remove success=True rate=6.5/s eta=41s
[1735/2000] v5-sup-0c8b674f13 counterfactual_reasoner reverse success=True rate=6.5/s eta=41s
[1736/2000] v5-sup-0c8b674f13 counterfactual_reasoner substitute success=True rate=6.5/s eta=41s
[1737/2000] v5-sup-0c8b674f13 minimal_judge original success=True rate=6.5/s eta=40s
[1738/2000] v5-sup-0c8b674f13 minimal_judge remove success=True rate=6.5/s eta=40s
[1739/2000] v5-sup-0c8b674f13 minimal_judge reverse success=True rate=6.5/s eta=40s
[1740/2000] v5-sup-0c8b674f13 minimal_judge substitute success=True rate=6.5/s eta=40s
[1741/2000] v5-sup-0d25ab3d4c literal_evidence original success=True rate=6.5/s eta=40s
[1742/2000] v5-sup-0d25ab3d4c literal_evidence remove success=True rate=6.5/s eta=40s
[1743/2000] v5-sup-0d25ab3d4c literal_evidence reverse success=True rate=6.5/s eta=40s
[1744/2000] v5-sup-0d25ab3d4c literal_evidence substitute success=True rate=6.5/s eta=40s
[1745/2000] v5-sup-0d25ab3d4c skeptical_auditor original success=True rate=6.5/s eta=39s
[1746/2000] v5-sup-0d25ab3d4c skeptical_auditor remove success=True rate=6.5/s eta=39s
[1747/2000] v5-sup-0d25ab3d4c skeptical_auditor reverse success=True rate=6.5/s eta=39s
[1748/2000] v5-sup-0d25ab3d4c skeptical_auditor substitute success=True rate=6.4/s eta=39s
[1749/2000] v5-sup-0d25ab3d4c consistency_checker original success=True rate=6.4/s eta=39s
[1750/2000] v5-sup-0d25ab3d4c consistency_checker remove success=True rate=6.4/s eta=39s
[1751/2000] v5-sup-0d25ab3d4c consistency_checker reverse success=True rate=6.4/s eta=39s
[1752/2000] v5-sup-0d25ab3d4c consistency_checker substitute success=True rate=6.4/s eta=39s
[1753/2000] v5-sup-0d25ab3d4c counterfactual_reasoner original success=True rate=6.4/s eta=38s
[1754/2000] v5-sup-0d25ab3d4c counterfactual_reasoner remove success=True rate=6.4/s eta=38s
[1755/2000] v5-sup-0d25ab3d4c counterfactual_reasoner reverse success=True rate=6.4/s eta=38s
[1756/2000] v5-sup-0d25ab3d4c counterfactual_reasoner substitute success=True rate=6.4/s eta=38s
[1757/2000] v5-sup-0d25ab3d4c minimal_judge original success=True rate=6.4/s eta=38s
[1758/2000] v5-sup-0d25ab3d4c minimal_judge remove success=True rate=6.4/s eta=38s
[1759/2000] v5-sup-0d25ab3d4c minimal_judge reverse success=True rate=6.4/s eta=38s
[1760/2000] v5-sup-0d25ab3d4c minimal_judge substitute success=True rate=6.4/s eta=38s
[1761/2000] v5-sup-0d96754fec literal_evidence original success=True rate=6.4/s eta=37s
[1762/2000] v5-sup-0d96754fec literal_evidence remove success=True rate=6.4/s eta=37s
[1763/2000] v5-sup-0d96754fec literal_evidence reverse success=True rate=6.4/s eta=37s
[1764/2000] v5-sup-0d96754fec literal_evidence substitute success=True rate=6.4/s eta=37s
[1765/2000] v5-sup-0d96754fec skeptical_auditor original success=True rate=6.4/s eta=37s
[1766/2000] v5-sup-0d96754fec skeptical_auditor remove success=True rate=6.4/s eta=37s
[1767/2000] v5-sup-0d96754fec skeptical_auditor reverse success=True rate=6.3/s eta=37s
[1768/2000] v5-sup-0d96754fec skeptical_auditor substitute success=True rate=6.3/s eta=37s
[1769/2000] v5-sup-0d96754fec consistency_checker original success=True rate=6.3/s eta=36s
[1770/2000] v5-sup-0d96754fec consistency_checker remove success=True rate=6.3/s eta=36s
[1771/2000] v5-sup-0d96754fec consistency_checker reverse success=True rate=6.3/s eta=36s
[1772/2000] v5-sup-0d96754fec consistency_checker substitute success=True rate=6.3/s eta=36s
[1773/2000] v5-sup-0d96754fec counterfactual_reasoner original success=True rate=6.3/s eta=36s
[1774/2000] v5-sup-0d96754fec counterfactual_reasoner remove success=True rate=6.3/s eta=36s
[1775/2000] v5-sup-0d96754fec counterfactual_reasoner reverse success=True rate=6.3/s eta=36s
[1776/2000] v5-sup-0d96754fec counterfactual_reasoner substitute success=True rate=6.3/s eta=36s
[1777/2000] v5-sup-0d96754fec minimal_judge original success=True rate=6.3/s eta=35s
[1778/2000] v5-sup-0d96754fec minimal_judge remove success=True rate=6.3/s eta=35s
[1779/2000] v5-sup-0d96754fec minimal_judge reverse success=True rate=6.3/s eta=35s
[1780/2000] v5-sup-0d96754fec minimal_judge substitute success=True rate=6.3/s eta=35s
[1781/2000] v5-sup-0dade83f83 literal_evidence original success=True rate=6.3/s eta=35s
[1782/2000] v5-sup-0dade83f83 literal_evidence remove success=True rate=6.3/s eta=35s
[1783/2000] v5-sup-0dade83f83 literal_evidence reverse success=True rate=6.3/s eta=35s
[1784/2000] v5-sup-0dade83f83 literal_evidence substitute success=True rate=6.3/s eta=34s
[1785/2000] v5-sup-0dade83f83 skeptical_auditor original success=True rate=6.3/s eta=34s
[1786/2000] v5-sup-0dade83f83 skeptical_auditor remove success=True rate=6.3/s eta=34s
[1787/2000] v5-sup-0dade83f83 skeptical_auditor reverse success=True rate=6.3/s eta=34s
[1788/2000] v5-sup-0dade83f83 skeptical_auditor substitute success=True rate=6.2/s eta=34s
[1789/2000] v5-sup-0dade83f83 consistency_checker original success=True rate=6.2/s eta=34s
[1790/2000] v5-sup-0dade83f83 consistency_checker remove success=True rate=6.2/s eta=34s
[1791/2000] v5-sup-0dade83f83 consistency_checker reverse success=True rate=6.2/s eta=34s
[1792/2000] v5-sup-0dade83f83 consistency_checker substitute success=True rate=6.2/s eta=33s
[1793/2000] v5-sup-0dade83f83 counterfactual_reasoner original success=True rate=6.2/s eta=33s
[1794/2000] v5-sup-0dade83f83 counterfactual_reasoner remove success=True rate=6.2/s eta=33s
[1795/2000] v5-sup-0dade83f83 counterfactual_reasoner reverse success=True rate=6.2/s eta=33s
[1796/2000] v5-sup-0dade83f83 counterfactual_reasoner substitute success=True rate=6.2/s eta=33s
[1797/2000] v5-sup-0dade83f83 minimal_judge original success=True rate=6.2/s eta=33s
[1798/2000] v5-sup-0dade83f83 minimal_judge remove success=True rate=6.2/s eta=33s
[1799/2000] v5-sup-0dade83f83 minimal_judge reverse success=True rate=6.2/s eta=32s
[1800/2000] v5-sup-0dade83f83 minimal_judge substitute success=True rate=6.2/s eta=32s
[1801/2000] v5-sup-0ddb6e414e literal_evidence original success=True rate=6.2/s eta=32s
[1802/2000] v5-sup-0ddb6e414e literal_evidence remove success=True rate=6.2/s eta=32s
[1803/2000] v5-sup-0ddb6e414e literal_evidence reverse success=True rate=6.2/s eta=32s
[1804/2000] v5-sup-0ddb6e414e literal_evidence substitute success=True rate=6.2/s eta=32s
[1805/2000] v5-sup-0ddb6e414e skeptical_auditor original success=True rate=6.2/s eta=32s
[1806/2000] v5-sup-0ddb6e414e skeptical_auditor remove success=True rate=6.2/s eta=31s
[1807/2000] v5-sup-0ddb6e414e skeptical_auditor reverse success=True rate=6.2/s eta=31s
[1808/2000] v5-sup-0ddb6e414e skeptical_auditor substitute success=True rate=6.2/s eta=31s
[1809/2000] v5-sup-0ddb6e414e consistency_checker original success=True rate=6.1/s eta=31s
[1810/2000] v5-sup-0ddb6e414e consistency_checker remove success=True rate=6.1/s eta=31s
[1811/2000] v5-sup-0ddb6e414e consistency_checker reverse success=True rate=6.1/s eta=31s
[1812/2000] v5-sup-0ddb6e414e consistency_checker substitute success=True rate=6.1/s eta=31s
[1813/2000] v5-sup-0ddb6e414e counterfactual_reasoner original success=True rate=6.1/s eta=31s
[1814/2000] v5-sup-0ddb6e414e counterfactual_reasoner remove success=True rate=6.1/s eta=30s
[1815/2000] v5-sup-0ddb6e414e counterfactual_reasoner reverse success=True rate=6.1/s eta=30s
[1816/2000] v5-sup-0ddb6e414e counterfactual_reasoner substitute success=True rate=6.1/s eta=30s
[1817/2000] v5-sup-0ddb6e414e minimal_judge original success=True rate=6.1/s eta=30s
[1818/2000] v5-sup-0ddb6e414e minimal_judge remove success=True rate=6.1/s eta=30s
[1819/2000] v5-sup-0ddb6e414e minimal_judge reverse success=True rate=6.1/s eta=30s
[1820/2000] v5-sup-0ddb6e414e minimal_judge substitute success=True rate=6.1/s eta=30s
[1821/2000] v5-sup-0ee3cff043 literal_evidence original success=True rate=6.1/s eta=29s
[1822/2000] v5-sup-0ee3cff043 literal_evidence remove success=True rate=6.1/s eta=29s
[1823/2000] v5-sup-0ee3cff043 literal_evidence reverse success=True rate=6.1/s eta=29s
[1824/2000] v5-sup-0ee3cff043 literal_evidence substitute success=True rate=6.1/s eta=29s
[1825/2000] v5-sup-0ee3cff043 skeptical_auditor original success=True rate=6.1/s eta=29s
[1826/2000] v5-sup-0ee3cff043 skeptical_auditor remove success=True rate=6.1/s eta=29s
[1827/2000] v5-sup-0ee3cff043 skeptical_auditor reverse success=True rate=6.1/s eta=29s
[1828/2000] v5-sup-0ee3cff043 skeptical_auditor substitute success=True rate=6.1/s eta=28s
[1829/2000] v5-sup-0ee3cff043 consistency_checker original success=True rate=6.1/s eta=28s
[1830/2000] v5-sup-0ee3cff043 consistency_checker remove success=True rate=6.1/s eta=28s
[1831/2000] v5-sup-0ee3cff043 consistency_checker reverse success=True rate=6.1/s eta=28s
[1832/2000] v5-sup-0ee3cff043 consistency_checker substitute success=True rate=6.0/s eta=28s
[1833/2000] v5-sup-0ee3cff043 counterfactual_reasoner original success=True rate=6.0/s eta=28s
[1834/2000] v5-sup-0ee3cff043 counterfactual_reasoner remove success=True rate=6.0/s eta=27s
[1835/2000] v5-sup-0ee3cff043 counterfactual_reasoner reverse success=True rate=6.0/s eta=27s
[1836/2000] v5-sup-0ee3cff043 counterfactual_reasoner substitute success=True rate=6.0/s eta=27s
[1837/2000] v5-sup-0ee3cff043 minimal_judge original success=True rate=6.0/s eta=27s
[1838/2000] v5-sup-0ee3cff043 minimal_judge remove success=True rate=6.0/s eta=27s
[1839/2000] v5-sup-0ee3cff043 minimal_judge reverse success=True rate=6.0/s eta=27s
[1840/2000] v5-sup-0ee3cff043 minimal_judge substitute success=True rate=6.0/s eta=27s
[1841/2000] v5-sup-0f65edf4b3 literal_evidence original success=True rate=6.0/s eta=26s
[1842/2000] v5-sup-0f65edf4b3 literal_evidence remove success=True rate=6.0/s eta=26s
[1843/2000] v5-sup-0f65edf4b3 literal_evidence reverse success=True rate=6.0/s eta=26s
[1844/2000] v5-sup-0f65edf4b3 literal_evidence substitute success=True rate=6.0/s eta=26s
[1845/2000] v5-sup-0f65edf4b3 skeptical_auditor original success=True rate=6.0/s eta=26s
[1846/2000] v5-sup-0f65edf4b3 skeptical_auditor remove success=True rate=6.0/s eta=26s
[1847/2000] v5-sup-0f65edf4b3 skeptical_auditor reverse success=True rate=6.0/s eta=26s
[1848/2000] v5-sup-0f65edf4b3 skeptical_auditor substitute success=True rate=6.0/s eta=25s
[1849/2000] v5-sup-0f65edf4b3 consistency_checker original success=False rate=6.0/s eta=25s
[1850/2000] v5-sup-0f65edf4b3 consistency_checker remove success=False rate=6.0/s eta=25s
[1851/2000] v5-sup-0f65edf4b3 consistency_checker reverse success=False rate=6.0/s eta=25s
[1852/2000] v5-sup-0f65edf4b3 consistency_checker substitute success=False rate=6.0/s eta=25s
[1853/2000] v5-sup-0f65edf4b3 counterfactual_reasoner original success=False rate=6.0/s eta=25s
[1854/2000] v5-sup-0f65edf4b3 counterfactual_reasoner remove success=False rate=6.0/s eta=24s
[1855/2000] v5-sup-0f65edf4b3 counterfactual_reasoner reverse success=False rate=6.0/s eta=24s
[1856/2000] v5-sup-0f65edf4b3 counterfactual_reasoner substitute success=False rate=6.0/s eta=24s
[1857/2000] v5-sup-0f65edf4b3 minimal_judge original success=False rate=6.0/s eta=24s
[1858/2000] v5-sup-0f65edf4b3 minimal_judge remove success=False rate=6.0/s eta=24s
[1859/2000] v5-sup-0f65edf4b3 minimal_judge reverse success=False rate=6.0/s eta=24s
[1860/2000] v5-sup-0f65edf4b3 minimal_judge substitute success=False rate=6.0/s eta=23s
[1861/2000] v5-sup-0f7c2d67a0 literal_evidence original success=False rate=6.0/s eta=23s
[1862/2000] v5-sup-0f7c2d67a0 literal_evidence remove success=False rate=6.0/s eta=23s
[1863/2000] v5-sup-0f7c2d67a0 literal_evidence reverse success=False rate=6.0/s eta=23s
[1864/2000] v5-sup-0f7c2d67a0 literal_evidence substitute success=False rate=6.0/s eta=23s
[1865/2000] v5-sup-0f7c2d67a0 skeptical_auditor original success=False rate=6.0/s eta=23s
[1866/2000] v5-sup-0f7c2d67a0 skeptical_auditor remove success=False rate=6.0/s eta=22s
[1867/2000] v5-sup-0f7c2d67a0 skeptical_auditor reverse success=False rate=6.0/s eta=22s
[1868/2000] v5-sup-0f7c2d67a0 skeptical_auditor substitute success=False rate=6.0/s eta=22s
[1869/2000] v5-sup-0f7c2d67a0 consistency_checker original success=False rate=6.0/s eta=22s
[1870/2000] v5-sup-0f7c2d67a0 consistency_checker remove success=False rate=6.0/s eta=22s
[1871/2000] v5-sup-0f7c2d67a0 consistency_checker reverse success=False rate=6.0/s eta=21s
[1872/2000] v5-sup-0f7c2d67a0 consistency_checker substitute success=False rate=6.0/s eta=21s
[1873/2000] v5-sup-0f7c2d67a0 counterfactual_reasoner original success=False rate=6.0/s eta=21s
[1874/2000] v5-sup-0f7c2d67a0 counterfactual_reasoner remove success=False rate=6.0/s eta=21s
[1875/2000] v5-sup-0f7c2d67a0 counterfactual_reasoner reverse success=False rate=6.0/s eta=21s
[1876/2000] v5-sup-0f7c2d67a0 counterfactual_reasoner substitute success=False rate=6.0/s eta=21s
[1877/2000] v5-sup-0f7c2d67a0 minimal_judge original success=False rate=6.0/s eta=20s
[1878/2000] v5-sup-0f7c2d67a0 minimal_judge remove success=False rate=6.0/s eta=20s
[1879/2000] v5-sup-0f7c2d67a0 minimal_judge reverse success=False rate=6.0/s eta=20s
[1880/2000] v5-sup-0f7c2d67a0 minimal_judge substitute success=False rate=6.0/s eta=20s
[1881/2000] v5-sup-0ff1578860 literal_evidence original success=False rate=6.0/s eta=20s
[1882/2000] v5-sup-0ff1578860 literal_evidence remove success=False rate=6.0/s eta=20s
[1883/2000] v5-sup-0ff1578860 literal_evidence reverse success=False rate=6.0/s eta=19s
[1884/2000] v5-sup-0ff1578860 literal_evidence substitute success=False rate=6.0/s eta=19s
[1885/2000] v5-sup-0ff1578860 skeptical_auditor original success=False rate=6.0/s eta=19s
[1886/2000] v5-sup-0ff1578860 skeptical_auditor remove success=False rate=6.0/s eta=19s
[1887/2000] v5-sup-0ff1578860 skeptical_auditor reverse success=False rate=6.1/s eta=19s
[1888/2000] v5-sup-0ff1578860 skeptical_auditor substitute success=False rate=6.1/s eta=19s
[1889/2000] v5-sup-0ff1578860 consistency_checker original success=False rate=6.1/s eta=18s
[1890/2000] v5-sup-0ff1578860 consistency_checker remove success=False rate=6.1/s eta=18s
[1891/2000] v5-sup-0ff1578860 consistency_checker reverse success=False rate=6.1/s eta=18s
[1892/2000] v5-sup-0ff1578860 consistency_checker substitute success=False rate=6.1/s eta=18s
[1893/2000] v5-sup-0ff1578860 counterfactual_reasoner original success=False rate=6.1/s eta=18s
[1894/2000] v5-sup-0ff1578860 counterfactual_reasoner remove success=False rate=6.1/s eta=17s
[1895/2000] v5-sup-0ff1578860 counterfactual_reasoner reverse success=False rate=6.1/s eta=17s
[1896/2000] v5-sup-0ff1578860 counterfactual_reasoner substitute success=False rate=6.1/s eta=17s
[1897/2000] v5-sup-0ff1578860 minimal_judge original success=False rate=6.1/s eta=17s
[1898/2000] v5-sup-0ff1578860 minimal_judge remove success=False rate=6.1/s eta=17s
[1899/2000] v5-sup-0ff1578860 minimal_judge reverse success=False rate=6.1/s eta=17s
[1900/2000] v5-sup-0ff1578860 minimal_judge substitute success=False rate=6.1/s eta=16s
[1901/2000] v5-sup-0ff28eb7f2 literal_evidence original success=False rate=6.1/s eta=16s
[1902/2000] v5-sup-0ff28eb7f2 literal_evidence remove success=False rate=6.1/s eta=16s
[1903/2000] v5-sup-0ff28eb7f2 literal_evidence reverse success=False rate=6.1/s eta=16s
[1904/2000] v5-sup-0ff28eb7f2 literal_evidence substitute success=False rate=6.1/s eta=16s
[1905/2000] v5-sup-0ff28eb7f2 skeptical_auditor original success=False rate=6.1/s eta=16s
[1906/2000] v5-sup-0ff28eb7f2 skeptical_auditor remove success=False rate=6.1/s eta=15s
[1907/2000] v5-sup-0ff28eb7f2 skeptical_auditor reverse success=False rate=6.1/s eta=15s
[1908/2000] v5-sup-0ff28eb7f2 skeptical_auditor substitute success=False rate=6.1/s eta=15s
[1909/2000] v5-sup-0ff28eb7f2 consistency_checker original success=False rate=6.1/s eta=15s
[1910/2000] v5-sup-0ff28eb7f2 consistency_checker remove success=False rate=6.1/s eta=15s
[1911/2000] v5-sup-0ff28eb7f2 consistency_checker reverse success=False rate=6.1/s eta=15s
[1912/2000] v5-sup-0ff28eb7f2 consistency_checker substitute success=False rate=6.1/s eta=14s
[1913/2000] v5-sup-0ff28eb7f2 counterfactual_reasoner original success=False rate=6.1/s eta=14s
[1914/2000] v5-sup-0ff28eb7f2 counterfactual_reasoner remove success=False rate=6.1/s eta=14s
[1915/2000] v5-sup-0ff28eb7f2 counterfactual_reasoner reverse success=False rate=6.1/s eta=14s
[1916/2000] v5-sup-0ff28eb7f2 counterfactual_reasoner substitute success=False rate=6.1/s eta=14s
[1917/2000] v5-sup-0ff28eb7f2 minimal_judge original success=False rate=6.1/s eta=14s
[1918/2000] v5-sup-0ff28eb7f2 minimal_judge remove success=False rate=6.1/s eta=13s
[1919/2000] v5-sup-0ff28eb7f2 minimal_judge reverse success=False rate=6.1/s eta=13s
[1920/2000] v5-sup-0ff28eb7f2 minimal_judge substitute success=False rate=6.1/s eta=13s
[1921/2000] v5-sup-108e9effba literal_evidence original success=False rate=6.1/s eta=13s
[1922/2000] v5-sup-108e9effba literal_evidence remove success=False rate=6.1/s eta=13s
[1923/2000] v5-sup-108e9effba literal_evidence reverse success=False rate=6.1/s eta=13s
[1924/2000] v5-sup-108e9effba literal_evidence substitute success=False rate=6.1/s eta=12s
[1925/2000] v5-sup-108e9effba skeptical_auditor original success=False rate=6.2/s eta=12s
[1926/2000] v5-sup-108e9effba skeptical_auditor remove success=False rate=6.2/s eta=12s
[1927/2000] v5-sup-108e9effba skeptical_auditor reverse success=False rate=6.2/s eta=12s
[1928/2000] v5-sup-108e9effba skeptical_auditor substitute success=False rate=6.2/s eta=12s
[1929/2000] v5-sup-108e9effba consistency_checker original success=False rate=6.2/s eta=12s
[1930/2000] v5-sup-108e9effba consistency_checker remove success=False rate=6.2/s eta=11s
[1931/2000] v5-sup-108e9effba consistency_checker reverse success=False rate=6.2/s eta=11s
[1932/2000] v5-sup-108e9effba consistency_checker substitute success=False rate=6.2/s eta=11s
[1933/2000] v5-sup-108e9effba counterfactual_reasoner original success=False rate=6.2/s eta=11s
[1934/2000] v5-sup-108e9effba counterfactual_reasoner remove success=False rate=6.2/s eta=11s
[1935/2000] v5-sup-108e9effba counterfactual_reasoner reverse success=False rate=6.2/s eta=11s
[1936/2000] v5-sup-108e9effba counterfactual_reasoner substitute success=False rate=6.2/s eta=10s
[1937/2000] v5-sup-108e9effba minimal_judge original success=False rate=6.2/s eta=10s
[1938/2000] v5-sup-108e9effba minimal_judge remove success=False rate=6.2/s eta=10s
[1939/2000] v5-sup-108e9effba minimal_judge reverse success=False rate=6.2/s eta=10s
[1940/2000] v5-sup-108e9effba minimal_judge substitute success=False rate=6.2/s eta=10s
[1941/2000] v5-sup-10bccecc41 literal_evidence original success=False rate=6.2/s eta=10s
[1942/2000] v5-sup-10bccecc41 literal_evidence remove success=False rate=6.2/s eta=9s
[1943/2000] v5-sup-10bccecc41 literal_evidence reverse success=False rate=6.2/s eta=9s
[1944/2000] v5-sup-10bccecc41 literal_evidence substitute success=False rate=6.2/s eta=9s
[1945/2000] v5-sup-10bccecc41 skeptical_auditor original success=False rate=6.2/s eta=9s
[1946/2000] v5-sup-10bccecc41 skeptical_auditor remove success=False rate=6.2/s eta=9s
[1947/2000] v5-sup-10bccecc41 skeptical_auditor reverse success=False rate=6.2/s eta=9s
[1948/2000] v5-sup-10bccecc41 skeptical_auditor substitute success=False rate=6.2/s eta=8s
[1949/2000] v5-sup-10bccecc41 consistency_checker original success=False rate=6.2/s eta=8s
[1950/2000] v5-sup-10bccecc41 consistency_checker remove success=False rate=6.2/s eta=8s
[1951/2000] v5-sup-10bccecc41 consistency_checker reverse success=False rate=6.2/s eta=8s
[1952/2000] v5-sup-10bccecc41 consistency_checker substitute success=False rate=6.2/s eta=8s
[1953/2000] v5-sup-10bccecc41 counterfactual_reasoner original success=False rate=6.2/s eta=8s
[1954/2000] v5-sup-10bccecc41 counterfactual_reasoner remove success=False rate=6.2/s eta=7s
[1955/2000] v5-sup-10bccecc41 counterfactual_reasoner reverse success=False rate=6.2/s eta=7s
[1956/2000] v5-sup-10bccecc41 counterfactual_reasoner substitute success=False rate=6.2/s eta=7s
[1957/2000] v5-sup-10bccecc41 minimal_judge original success=False rate=6.2/s eta=7s
[1958/2000] v5-sup-10bccecc41 minimal_judge remove success=False rate=6.2/s eta=7s
[1959/2000] v5-sup-10bccecc41 minimal_judge reverse success=False rate=6.2/s eta=7s
[1960/2000] v5-sup-10bccecc41 minimal_judge substitute success=False rate=6.2/s eta=6s
[1961/2000] v5-sup-10c27722fe literal_evidence original success=False rate=6.2/s eta=6s
[1962/2000] v5-sup-10c27722fe literal_evidence remove success=False rate=6.2/s eta=6s
[1963/2000] v5-sup-10c27722fe literal_evidence reverse success=False rate=6.3/s eta=6s
[1964/2000] v5-sup-10c27722fe literal_evidence substitute success=False rate=6.3/s eta=6s
[1965/2000] v5-sup-10c27722fe skeptical_auditor original success=False rate=6.3/s eta=6s
[1966/2000] v5-sup-10c27722fe skeptical_auditor remove success=False rate=6.3/s eta=5s
[1967/2000] v5-sup-10c27722fe skeptical_auditor reverse success=False rate=6.3/s eta=5s
[1968/2000] v5-sup-10c27722fe skeptical_auditor substitute success=False rate=6.3/s eta=5s
[1969/2000] v5-sup-10c27722fe consistency_checker original success=False rate=6.3/s eta=5s
[1970/2000] v5-sup-10c27722fe consistency_checker remove success=False rate=6.3/s eta=5s
[1971/2000] v5-sup-10c27722fe consistency_checker reverse success=False rate=6.3/s eta=5s
[1972/2000] v5-sup-10c27722fe consistency_checker substitute success=False rate=6.3/s eta=4s
[1973/2000] v5-sup-10c27722fe counterfactual_reasoner original success=False rate=6.3/s eta=4s
[1974/2000] v5-sup-10c27722fe counterfactual_reasoner remove success=False rate=6.3/s eta=4s
[1975/2000] v5-sup-10c27722fe counterfactual_reasoner reverse success=False rate=6.3/s eta=4s
[1976/2000] v5-sup-10c27722fe counterfactual_reasoner substitute success=False rate=6.3/s eta=4s
[1977/2000] v5-sup-10c27722fe minimal_judge original success=False rate=6.3/s eta=4s
[1978/2000] v5-sup-10c27722fe minimal_judge remove success=False rate=6.3/s eta=3s
[1979/2000] v5-sup-10c27722fe minimal_judge reverse success=False rate=6.3/s eta=3s
[1980/2000] v5-sup-10c27722fe minimal_judge substitute success=False rate=6.3/s eta=3s
[1981/2000] v5-sup-10cc9cd20a literal_evidence original success=False rate=6.3/s eta=3s
[1982/2000] v5-sup-10cc9cd20a literal_evidence remove success=False rate=6.3/s eta=3s
[1983/2000] v5-sup-10cc9cd20a literal_evidence reverse success=False rate=6.3/s eta=3s
[1984/2000] v5-sup-10cc9cd20a literal_evidence substitute success=False rate=6.3/s eta=3s
[1985/2000] v5-sup-10cc9cd20a skeptical_auditor original success=False rate=6.3/s eta=2s
[1986/2000] v5-sup-10cc9cd20a skeptical_auditor remove success=False rate=6.3/s eta=2s
[1987/2000] v5-sup-10cc9cd20a skeptical_auditor reverse success=False rate=6.3/s eta=2s
[1988/2000] v5-sup-10cc9cd20a skeptical_auditor substitute success=False rate=6.3/s eta=2s
[1989/2000] v5-sup-10cc9cd20a consistency_checker original success=False rate=6.3/s eta=2s
[1990/2000] v5-sup-10cc9cd20a consistency_checker remove success=False rate=6.3/s eta=2s
[1991/2000] v5-sup-10cc9cd20a consistency_checker reverse success=False rate=6.3/s eta=1s
[1992/2000] v5-sup-10cc9cd20a consistency_checker substitute success=False rate=6.3/s eta=1s
[1993/2000] v5-sup-10cc9cd20a counterfactual_reasoner original success=False rate=6.3/s eta=1s
[1994/2000] v5-sup-10cc9cd20a counterfactual_reasoner remove success=False rate=6.3/s eta=1s
[1995/2000] v5-sup-10cc9cd20a counterfactual_reasoner reverse success=False rate=6.3/s eta=1s
[1996/2000] v5-sup-10cc9cd20a counterfactual_reasoner substitute success=False rate=6.3/s eta=1s
[1997/2000] v5-sup-10cc9cd20a minimal_judge original success=False rate=6.3/s eta=0s
[1998/2000] v5-sup-10cc9cd20a minimal_judge remove success=False rate=6.3/s eta=0s
[1999/2000] v5-sup-10cc9cd20a minimal_judge reverse success=False rate=6.3/s eta=0s
[2000/2000] v5-sup-10cc9cd20a minimal_judge substitute success=False rate=6.3/s eta=0s
Traceback (most recent call last):
  File "<frozen runpy>", line 198, in _run_module_as_main
  File "<frozen runpy>", line 88, in _run_code
  File "/storage/gaoym/sp500-forecastability-lab/src/sp500_forecastability/pilot_llm_v7.py", line 1470, in <module>
    raise SystemExit(main())
                     ~~~~^^
  File "/storage/gaoym/sp500-forecastability-lab/src/sp500_forecastability/pilot_llm_v7.py", line 1393, in main
    execute_run(
    ~~~~~~~~~~~^
        mode="formal", dataset_path=args.dataset,
        ^^^^^^^^^^^^^^^^^^^^^^^^^^^^^^^^^^^^^^^^^
        manifest_path=args.manifest, output_dir=args.output_dir,
        ^^^^^^^^^^^^^^^^^^^^^^^^^^^^^^^^^^^^^^^^^^^^^^^^^^^^^^^^
        cache_dir=args.cache_dir, resume=not args.no_resume,
        ^^^^^^^^^^^^^^^^^^^^^^^^^^^^^^^^^^^^^^^^^^^^^^^^^^^^
    )
    ^
  File "/storage/gaoym/sp500-forecastability-lab/src/sp500_forecastability/pilot_llm_v7.py", line 758, in execute_run
    summary = summarize_records(
        records, mode=mode, expected_examples=len(composites),
        agent_count=len(agents), substitute_manifest=substitute_manifest,
    )
  File "/storage/gaoym/sp500-forecastability-lab/src/sp500_forecastability/pilot_llm_v7.py", line 1054, in summarize_records
    rows = _per_question_risks(grouped)
  File "/storage/gaoym/sp500-forecastability-lab/src/sp500_forecastability/pilot_llm_v7.py", line 836, in _per_question_risks
    cons, n = cnt.most_common(1)[0]
              ~~~~~~~~~~~~~~~~~~^^^
IndexError: list index out of range
